sale_id,product_id,sale_date,quantity,sales_amount,discount,profit
1,37,2025-04-05,5,1977.63,99.76,305.57
2,57,2025-02-17,5,2287.2,1.52,464.97
3,188,2025-04-05,1,3355.21,304.62,248.23
4,208,2025-09-12,1,3821.41,216.56,424.47
5,145,2025-10-04,2,1946.35,103.39,274.61
6,153,2025-01-20,1,3093.85,145.87,250.33
7,88,2025-08-09,4,227.03,9.27,39.14
8,51,2025-07-22,4,3327.12,597.94,442.47
9,36,2025-10-20,5,2746.83,527.28,449.12
10,200,2025-09-13,4,1552.14,47.53,143.25
11,221,2025-01-29,1,3225.84,284.58,495.16
12,241,2025-08-11,1,2986.98,38.11,599.17
13,242,2025-07-08,2,1230.59,112.68,155.52
14,60,2025-11-24,5,3932.44,82.76,431.32
15,105,2025-09-11,2,4912.62,30.86,727.88
16,18,2025-06-03,2,3919.71,372.16,728.74
17,81,2025-08-02,5,3950.7,427.57,544.16
18,142,2025-03-31,1,1240.66,104.79,199.38
19,64,2025-05-26,5,1184.8,209.74,83.68
20,67,2025-07-12,5,4339.39,324.92,595.86
21,121,2025-10-25,1,1018.01,14.54,107.17
22,35,2025-03-27,3,2130.05,186.02,406.37
23,245,2025-07-01,5,3064.89,604.45,346.99
24,95,2025-10-15,5,3680.89,342.93,817.22
25,111,2025-10-29,1,155.15,2.02,29.22
26,1,2025-04-26,2,4649.87,651.27,798.96
27,100,2025-11-24,5,3385.47,294.78,739.8
28,153,2025-10-30,3,4329.63,347.56,691.67
29,261,2025-07-15,4,3217.45,186.93,318.02
30,17,2025-04-05,4,918.38,143.02,127.78
31,191,2025-03-06,5,3279.77,112.59,266.6
32,134,2025-12-26,5,3740.99,237.71,641.73
33,48,2025-11-10,4,1767.73,15.38,431.88
34,200,2025-01-12,1,3461.59,23.28,566.01
35,115,2025-03-25,4,4299.74,846.47,814.88
36,28,2025-08-10,5,1759.6,6.06,287.71
37,189,2025-01-23,3,3734.47,197.06,481.1
38,156,2025-01-29,2,1953.24,43.04,323.37
39,46,2025-02-15,4,2789.93,101.45,557.63
40,215,2025-07-19,4,2198.27,205.95,218.89
41,74,2025-03-27,3,3783.18,646.9,334.33
42,83,2025-02-27,2,522.13,79.41,50.12
43,128,2025-03-16,2,2814.96,116.41,404.21
44,18,2025-09-09,4,3464.59,691.92,267.72
45,206,2025-06-03,3,1169.72,69.98,145.3
46,194,2025-06-21,5,4254.69,207.35,543.6
47,99,2025-10-18,5,2858.03,522.16,519.88
48,214,2025-10-26,3,3792.95,353.85,839.42
49,88,2025-07-28,3,623.44,70.68,46.66
50,123,2025-08-27,2,1818.8,127.54,233.42
51,85,2025-12-15,1,872.35,163.3,84.39
52,116,2025-12-10,3,2438.03,172.14,507.54
53,29,2025-05-20,4,1165.01,35.84,271.22
54,146,2025-01-23,3,4036.88,592.49,291.75
55,10,2025-05-06,3,4698.45,4.9,1146.6
56,260,2025-11-16,1,1120.35,40.45,206.71
57,98,2025-08-01,3,602.2,24.85,127.77
58,49,2025-08-17,4,1546.09,180.35,139.18
59,186,2025-09-02,5,4969.15,323.47,966.15
60,98,2025-12-18,5,3545.02,125.88,714.91
61,110,2025-09-01,2,2687.48,353.35,531.62
62,255,2025-01-10,1,2715.75,230.99,528.89
63,69,2025-06-10,2,1725.62,336.79,187.13
64,30,2025-11-11,1,4338.4,681.46,299.42
65,169,2025-03-25,1,3246.14,622.9,264.72
66,127,2025-01-26,1,2212.33,107.37,311.43
67,69,2025-05-26,2,3136.72,449.58,646.95
68,175,2025-12-20,5,4054.56,751.63,492.52
69,228,2025-07-12,3,3294.76,15.13,621.62
70,148,2025-01-30,1,2857.6,414.77,586.49
71,9,2025-01-03,1,674.55,134.17,72.41
72,60,2025-12-17,5,3221.75,460.26,608.16
73,180,2025-08-13,2,602.7,74.28,84.25
74,30,2025-02-12,2,950,176.81,84.67
75,228,2025-03-22,4,1776.21,335.28,358.39
76,56,2025-12-14,3,2956.45,575.82,593.44
77,193,2025-07-14,3,1076.05,161.73,95.45
78,102,2025-08-31,2,1784.69,107.55,304.41
79,262,2025-04-04,2,4380.83,620.05,780.3
80,146,2025-09-07,3,2114.29,311.98,266.87
81,127,2025-01-29,2,4493.56,422.71,895.33
82,165,2025-05-24,3,4307.56,68.35,583.23
83,260,2025-09-07,2,1349.74,89.98,152.4
84,101,2025-11-01,2,1041.59,137.64,78.96
85,42,2025-06-30,1,4298.48,666.71,894.04
86,116,2025-04-22,3,1144.74,110.96,233.7
87,146,2025-08-15,5,760.14,82.27,131.36
88,225,2025-02-18,3,4487.32,121.61,712.11
89,73,2025-11-13,3,1342.34,100.42,192.2
90,116,2025-02-01,3,4817.38,704.12,831.38
91,10,2025-12-10,3,1601.13,316.73,283.22
92,115,2025-09-27,1,4002.05,77.85,622.02
93,66,2025-04-04,5,1228.56,40.29,126.65
94,159,2025-12-17,1,4109.15,684.07,800.41
95,162,2025-09-24,2,50.03,1.97,9.83
96,245,2025-04-10,2,273.52,13.33,51.39
97,221,2025-12-05,3,1797.61,125.86,300.32
98,42,2025-04-10,5,1470,76.48,140.73
99,72,2025-09-08,3,992.9,135.05,70.64
100,89,2025-04-20,2,3421.76,533.77,374.82
101,268,2025-07-31,2,447.65,32.42,46.01
102,140,2025-06-02,3,2913.31,193.58,574.29
103,185,2025-12-24,5,2851.4,213.43,647.15
104,38,2025-06-12,2,717.11,36.5,106.43
105,158,2025-05-03,2,3494.69,23.36,664.94
106,204,2025-04-12,5,3542.95,370.32,633.15
107,198,2025-02-02,1,4833.41,209.3,1117.25
108,198,2025-08-20,3,4586.56,802.47,523.77
109,66,2025-11-16,4,323.45,50.08,44.56
110,17,2025-09-02,3,3272.48,228.91,628.54
111,59,2025-02-26,2,2153.9,296.55,220.8
112,176,2025-04-16,1,4992.35,823.13,595.28
113,127,2025-05-15,1,2385.8,186.21,400.71
114,243,2025-12-27,1,3906.69,486.5,518.15
115,65,2025-01-05,5,1176.1,161.3,197.62
116,30,2025-11-13,4,2427.55,230.09,419.74
117,109,2025-07-06,5,3496.33,297.71,450.71
118,15,2025-02-24,2,4644.75,733.18,821.97
119,42,2025-11-13,1,3912.84,473.83,300.06
120,74,2025-10-07,2,3600.5,433.07,284.12
121,259,2025-10-18,1,1715.59,231.39,323.13
122,55,2025-01-27,1,4154.15,303.12,832.12
123,148,2025-08-10,3,3959.39,289.4,568.25
124,163,2025-07-09,5,4249.92,359,949.29
125,248,2025-09-29,3,1421.67,125.31,198.89
126,200,2025-09-24,5,360.94,26.13,55.84
127,10,2025-05-25,1,4319.54,500.02,495.85
128,110,2025-10-01,1,3897.5,566.18,462.2
129,170,2025-07-27,3,3142.92,229.64,491.65
130,61,2025-03-15,5,3677.56,311.15,758.78
131,103,2025-07-12,4,2035.66,259.28,402.57
132,98,2025-09-11,5,2296.73,37.94,355.27
133,35,2025-09-28,1,3120.85,175.83,651.06
134,51,2025-05-29,1,1224.28,236.11,222.33
135,113,2025-08-24,1,4479.98,412.37,576.06
136,24,2025-12-21,1,2887.7,471.71,594.14
137,237,2025-10-03,1,1576.02,231.54,243.79
138,102,2025-06-22,1,2776.39,59.63,465.6
139,45,2025-02-08,1,3838.04,337.39,367.35
140,15,2025-06-30,3,4452.69,655.05,578.98
141,173,2025-06-11,5,742.78,52.24,70.27
142,247,2025-12-11,3,1211.23,71.13,195.31
143,51,2025-11-02,2,1685.67,51.52,296.81
144,136,2025-01-01,2,4172.82,20.47,901.49
145,114,2025-11-21,4,3568.03,266.43,560.21
146,200,2025-07-07,2,2709.97,88.05,537.45
147,15,2025-01-12,4,1464.19,268.23,294.9
148,90,2025-05-23,5,692.47,71.25,136.97
149,1,2025-05-03,1,4344.25,111.49,768.21
150,229,2025-06-21,4,2174.81,399.69,262.07
151,154,2025-11-15,4,2826.05,385.43,504.28
152,149,2025-03-13,3,4541.55,178.3,777.34
153,104,2025-06-29,5,4912.38,192.6,964.61
154,76,2025-05-21,3,1706.38,129.31,376.19
155,82,2025-05-27,5,3278.48,566.66,232.87
156,130,2025-04-03,5,1496.47,275.7,185.51
157,102,2025-07-15,5,777.58,41.02,117.38
158,217,2025-10-26,2,4817.2,190.17,736.32
159,91,2025-12-07,1,3147.71,0.1,544.95
160,160,2025-04-16,3,2993.7,568.24,367.79
161,75,2025-06-02,2,2048.75,301.72,332.96
162,218,2025-10-10,5,2278.11,307.94,253.35
163,256,2025-03-29,2,1808.3,31.72,239.22
164,164,2025-10-04,2,3020.52,107.75,714.49
165,150,2025-06-08,4,523.16,0.69,121.42
166,254,2025-10-01,5,1188.74,102.92,176.63
167,28,2025-01-14,5,4028.83,374.19,474.15
168,143,2025-05-18,3,205.57,20.16,15.87
169,210,2025-06-08,5,4578.56,226.05,396.03
170,120,2025-08-10,4,1749.94,31.76,262.15
171,230,2025-10-28,3,713.56,43.78,165.07
172,153,2025-07-13,1,1794.12,205.31,384.71
173,82,2025-12-17,5,3466.67,425.82,400.46
174,18,2025-05-09,5,4123.89,339.26,577.33
175,187,2025-02-16,4,3271.11,494.12,366.5
176,13,2025-04-30,5,1901.32,100.52,262.68
177,200,2025-03-31,1,1626.02,239.55,284.78
178,6,2025-02-22,2,3939.8,665.65,327.67
179,99,2025-03-24,4,1653.14,73.67,179.05
180,110,2025-11-02,3,3712.91,282.28,408.61
181,188,2025-07-18,3,3694.87,590.76,755.77
182,15,2025-08-01,4,2479.32,412.24,307.97
183,178,2025-07-24,4,4695.83,217.15,479.71
184,75,2025-02-14,4,541.53,54.52,120.81
185,95,2025-04-23,4,3893.45,43.79,391.83
186,56,2025-04-13,3,4516.89,254.18,694.43
187,129,2025-09-03,2,3758.37,378.62,303.39
188,197,2025-01-12,5,1682.88,286.03,338.17
189,106,2025-05-13,2,464.34,81.43,38.66
190,240,2025-10-04,1,3066.17,261.82,290.65
191,74,2025-01-19,3,2014.33,239.97,406.9
192,55,2025-08-26,2,3033.43,348.82,339.72
193,77,2025-12-19,5,297.03,40.53,48.96
194,117,2025-02-19,5,3515.88,640.21,331.58
195,80,2025-05-25,2,1679.21,50.53,251.33
196,219,2025-05-10,3,1947.8,230.42,240.46
197,107,2025-12-06,2,4892.93,805.85,981
198,181,2025-10-30,1,3487.41,28.75,644.57
199,175,2025-10-14,1,1083.9,99.22,190.07
200,37,2025-08-17,2,3559.73,200.42,815.91
201,196,2025-01-22,4,760.7,58.24,174.93
202,58,2025-09-10,2,2693.71,416.65,405.05
203,9,2025-11-18,1,3573.08,339.05,467.63
204,99,2025-02-16,5,660.29,57.77,138.29
205,183,2025-10-05,4,1098.43,23.23,257.99
206,97,2025-07-20,5,3397.62,466.08,359.1
207,126,2025-05-18,3,3548.2,166.62,497.57
208,87,2025-05-13,3,250.83,9.79,19.59
209,25,2025-11-14,3,1780.85,303.16,362.45
210,235,2025-09-21,1,4220.6,439.89,841.51
211,244,2025-09-01,2,488.73,10.61,107.5
212,3,2025-07-26,3,1851.08,94.88,339.33
213,86,2025-08-02,5,3653.29,145.89,587.84
214,55,2025-05-08,1,1237.69,39.35,118.4
215,62,2025-06-29,5,1902.27,371.1,171.59
216,215,2025-08-25,5,853.55,152,101.9
217,214,2025-01-02,1,2848.9,104.98,623.88
218,215,2025-12-05,1,1073.61,28.13,97.86
219,120,2025-10-31,3,682.2,104.87,88.37
220,7,2025-12-24,1,2887.06,484.71,212.63
221,183,2025-02-03,3,1488.3,80.86,172.19
222,145,2025-12-19,4,3592.46,122.59,585.84
223,215,2025-08-22,3,3275.81,269.8,496.86
224,124,2025-09-19,1,4062.4,451.03,846.98
225,168,2025-02-18,1,224,35.42,30.31
226,256,2025-11-08,1,3998.62,575.7,486.65
227,83,2025-07-06,2,1319.76,110.94,244.35
228,14,2025-03-24,5,1960.9,249.81,172.11
229,65,2025-10-21,2,2729.82,428.71,353.37
230,226,2025-09-05,4,4436.07,304.34,770.32
231,223,2025-02-08,2,2170.91,390.58,176.18
232,140,2025-01-03,5,170.72,31.23,12.13
233,231,2025-06-28,1,2915.31,273.12,433.88
234,78,2025-12-08,4,1982.68,349.09,207.3
235,14,2025-11-17,4,2883.78,420.37,346.5
236,246,2025-09-11,5,1405.57,146.02,277.96
237,247,2025-12-31,5,3549.05,291.83,398.87
238,217,2025-07-28,3,4255.71,719.22,792.3
239,202,2025-12-17,1,2862,24.98,580.33
240,218,2025-04-04,5,1350.5,36.97,301.69
241,171,2025-11-04,5,4154.26,814.15,333.47
242,203,2025-12-15,1,2673.74,475.58,404.42
243,151,2025-12-23,1,2941.41,476.6,346.28
244,156,2025-03-15,1,3776.07,118.83,762.54
245,241,2025-08-01,5,930.06,124.96,179.14
246,40,2025-10-28,1,4381.71,151.03,944.63
247,165,2025-03-10,5,3232.39,536.96,545.89
248,57,2025-08-06,1,2281.4,262.23,272.63
249,68,2025-05-08,5,769.66,121.08,112.91
250,157,2025-03-20,3,4292.88,192.25,513.89
251,114,2025-01-17,2,3837.57,87,906.6
252,29,2025-11-16,1,2495.58,158.38,260.43
253,208,2025-07-05,1,3067.42,75.25,744.16
254,256,2025-09-24,1,2910.44,543.35,413.85
255,139,2025-03-19,1,1425.66,284.44,108.16
256,11,2025-04-11,1,4189.93,290.65,659.21
257,263,2025-06-17,4,3082.8,304.78,694.3
258,17,2025-10-22,4,4990.78,954,501.84
259,87,2025-11-26,2,2604.78,69.31,621.35
260,31,2025-12-08,3,2356.34,354.06,247.33
261,49,2025-08-18,1,4617.2,811.59,789.56
262,223,2025-09-23,1,4496.44,416.67,999.56
263,227,2025-01-29,5,2510.64,247.22,401.37
264,164,2025-09-30,5,1812.05,131.09,140.59
265,51,2025-09-02,3,4072.62,130.91,388.15
266,227,2025-04-29,3,4910.38,200.6,735.28
267,193,2025-01-09,1,4781.05,13.83,999.53
268,88,2025-03-18,2,3191.25,94.18,680.41
269,193,2025-01-17,3,1653.37,144.67,229.49
270,25,2025-06-18,2,4806.74,735.25,528.71
271,229,2025-09-25,3,81.71,0.8,12.94
272,263,2025-05-25,2,4168.41,814.93,690.91
273,127,2025-08-06,1,3241.51,74.88,428.3
274,188,2025-06-10,4,1022.46,123.63,190.5
275,42,2025-04-07,4,3284.28,416.11,628.82
276,128,2025-08-06,4,628.06,36.62,66.71
277,15,2025-11-05,5,3286.09,305.26,507.87
278,10,2025-01-25,2,4550.96,506.87,670.15
279,25,2025-09-27,2,3077.32,176.12,316.02
280,6,2025-03-19,5,2981.14,338.83,364.57
281,108,2025-07-25,4,3227.37,441.17,264.38
282,258,2025-07-02,4,561.01,81.79,90.73
283,7,2025-05-16,2,2343.84,449.8,209.26
284,117,2025-03-18,3,2004.25,102.63,152.62
285,256,2025-11-28,2,2184.7,371.75,287.73
286,216,2025-10-11,4,1835.12,1.86,333.82
287,237,2025-11-25,2,4266.76,766.16,488.76
288,36,2025-11-17,2,3805.75,465.28,716.51
289,179,2025-08-27,5,3339.03,89.43,476.64
290,251,2025-12-08,5,4757.31,910.68,810.1
291,86,2025-09-24,4,4896.23,958.47,423.86
292,84,2025-01-09,5,2313.36,437.19,329.07
293,117,2025-10-31,5,3745.85,129.08,436.4
294,91,2025-01-12,5,2940.13,219.04,415.19
295,130,2025-08-30,3,1644.2,195.67,195.97
296,146,2025-06-25,1,1047.88,137.6,76.97
297,51,2025-09-26,5,4814.35,58.64,493.18
298,67,2025-04-01,1,4469.83,287.17,782.26
299,130,2025-07-30,1,3421.83,558.09,458.81
300,107,2025-12-11,3,1712.36,84.21,295.34
301,11,2025-09-25,5,1064.53,110.14,182.27
302,77,2025-12-07,3,2775.69,368.07,250.64
303,24,2025-06-27,1,2974.32,548.32,582.67
304,122,2025-10-02,1,4874.24,947.22,489.51
305,134,2025-06-19,3,4712.27,894.25,562.06
306,155,2025-06-20,4,4829.96,514.91,611.3
307,264,2025-01-25,2,4514.65,840.17,841.2
308,109,2025-10-17,4,3852.43,460.78,420.98
309,161,2025-12-05,2,3222.31,487.8,270.36
310,188,2025-05-29,2,4686.75,288.87,761.89
311,127,2025-01-09,3,3517.2,62.89,322.47
312,102,2025-03-08,1,4709.87,670.49,829.52
313,194,2025-10-31,2,3990.66,540.2,548.64
314,230,2025-09-25,3,2352.34,97.81,260.84
315,59,2025-08-29,1,3602.36,585.39,691.96
316,57,2025-02-07,3,1741.6,206.39,350.95
317,185,2025-01-16,3,3210.53,359.91,629.54
318,171,2025-06-29,1,1111.1,86.57,136.99
319,13,2025-01-06,3,2234.72,237.61,420.19
320,265,2025-02-22,3,121.83,16.76,16.6
321,201,2025-11-21,3,3175.97,377.88,532.99
322,68,2025-04-28,2,3347.48,355.47,357.74
323,141,2025-01-26,1,3479.22,113.91,686.07
324,13,2025-11-17,5,196.99,19.16,40.59
325,227,2025-08-03,3,3470.66,477.11,561.18
326,66,2025-02-27,1,1759.32,154.37,155.69
327,191,2025-10-27,4,3217.85,402.47,235.12
328,94,2025-04-23,1,3336.17,446.5,560.73
329,198,2025-10-16,1,4987.57,944.62,499.29
330,10,2025-07-15,2,1217.95,220.14,131.83
331,260,2025-06-07,2,1461.65,260.43,155.05
332,250,2025-10-14,5,382.39,48.64,68.65
333,222,2025-12-29,3,1454.69,224.14,280.94
334,259,2025-03-09,2,2483.36,92.13,573.8
335,103,2025-05-16,3,135.63,23.2,16.26
336,233,2025-10-17,1,1277.99,147.78,271.84
337,30,2025-02-25,2,4246.79,132.95,372.86
338,151,2025-09-18,1,3472.27,519.88,437.61
339,157,2025-03-14,2,848.51,137.71,107.09
340,175,2025-04-15,4,4535.2,597.96,896.32
341,117,2025-03-21,4,3417.84,410.47,482.84
342,198,2025-11-26,3,964.6,88.24,132.04
343,123,2025-04-16,3,4007.26,531.32,283.74
344,170,2025-04-04,4,3430.27,650.42,445.69
345,259,2025-09-06,5,4378.41,771.29,892.78
346,229,2025-09-02,3,4779.56,581.33,918.99
347,35,2025-04-13,4,1030.29,49.11,81.86
348,95,2025-04-22,4,2146.32,191.54,173.1
349,192,2025-11-05,2,527.54,66.04,46.01
350,59,2025-09-28,4,333.43,28.12,50
351,26,2025-02-24,2,1566.76,17.22,223.1
352,247,2025-11-08,3,3372.92,273.32,440.22
353,109,2025-08-11,3,2728.99,88.28,535.98
354,110,2025-10-22,5,3295.46,647.01,375.36
355,44,2025-09-30,5,1955.38,381.62,131.99
356,151,2025-09-28,5,3979.41,60.9,700.71
357,24,2025-05-01,2,4686.51,933.4,851.73
358,16,2025-10-29,1,589.77,6.89,96.86
359,138,2025-02-04,1,4023.48,101.19,907.8
360,51,2025-11-08,5,2301.46,53.24,366.53
361,55,2025-01-01,4,1878.5,317.29,358.07
362,104,2025-09-24,1,4177.05,99.86,829.07
363,132,2025-07-20,4,3002.95,318.08,602.94
364,58,2025-08-17,4,2781.95,94.66,600.03
365,90,2025-06-17,3,1824.29,113.9,423.88
366,7,2025-03-06,1,4575,493.38,492.24
367,185,2025-11-08,1,434.2,11.79,86.41
368,92,2025-05-11,2,992.13,68.42,226.28
369,116,2025-09-04,1,908.45,78.58,186.99
370,85,2025-02-15,1,3882.88,92.53,932.5
371,80,2025-08-21,1,3315.03,654.41,493.41
372,198,2025-10-07,4,3384.89,123.24,691.77
373,178,2025-09-07,3,2942.32,401.27,634.64
374,45,2025-02-13,1,2052.24,263.51,201.54
375,262,2025-03-14,5,969.19,31.31,104.19
376,261,2025-06-25,5,1393.3,192.69,134.43
377,153,2025-06-08,4,2565.84,27.91,304.73
378,34,2025-05-13,4,3955.91,477.49,691.96
379,187,2025-07-20,1,338.87,16.66,47.46
380,92,2025-01-24,5,2815.75,397.42,321
381,62,2025-04-08,2,1250.46,205.17,220.36
382,62,2025-08-28,3,1130.59,175.82,105.07
383,118,2025-09-20,2,472.58,93.67,84.04
384,72,2025-07-18,3,4932.76,836.45,835.7
385,78,2025-05-04,4,1811.4,235.06,361.57
386,88,2025-11-20,1,2687.66,430.94,455.89
387,148,2025-07-14,3,1236.63,159.08,202.41
388,198,2025-06-15,4,420.24,18.04,33.03
389,59,2025-05-22,5,1673.32,182.9,344.29
390,223,2025-10-10,5,2938.39,406.12,582.07
391,229,2025-08-29,1,1901.39,304.17,234.65
392,151,2025-09-21,3,2117.62,358.59,198.1
393,173,2025-10-02,3,4573.33,734,376.42
394,76,2025-05-22,5,871.31,84.44,75.49
395,164,2025-10-27,5,4436.23,714.26,631.4
396,267,2025-11-05,1,3530.84,521.93,520.97
397,83,2025-07-19,4,2744.54,341.78,538.5
398,93,2025-08-15,1,1829.22,57.15,157.1
399,76,2025-11-02,5,3990.26,450.91,478.63
400,93,2025-12-19,4,3117.14,374.34,418.65
401,122,2025-03-09,1,345.29,25.05,75.23
402,8,2025-04-15,3,2872.1,241.65,638.95
403,244,2025-12-01,2,745.4,28.42,98.37
404,224,2025-06-25,3,2886.07,314.25,484.16
405,129,2025-09-06,5,615.21,55.65,81.74
406,52,2025-07-20,5,405.13,40.1,60.48
407,266,2025-12-15,3,1713.63,25.88,307.83
408,37,2025-06-09,2,4492.11,187.47,578.84
409,182,2025-07-30,2,2249.58,34.37,506.43
410,42,2025-01-03,4,1866.29,38.11,272.87
411,263,2025-03-28,2,3852.94,207.56,727.91
412,46,2025-08-13,3,1654.6,194.71,206.83
413,160,2025-08-12,2,2207.24,258.45,196.38
414,120,2025-02-28,5,3246.85,617.93,367.34
415,79,2025-09-08,3,683.06,71.9,60.14
416,98,2025-05-29,2,4201.57,226.96,395.76
417,249,2025-12-05,3,1857.17,168.99,416.94
418,176,2025-12-02,1,1086.64,184.36,182.93
419,61,2025-09-03,2,3407.63,353.81,484.52
420,53,2025-01-19,3,3165.41,289.13,640.61
421,190,2025-04-10,3,3169.51,60.34,596.44
422,220,2025-08-10,5,3115.5,384.87,228.31
423,90,2025-11-15,5,1254.82,244.57,165.38
424,10,2025-07-21,5,1182.64,143.87,257.77
425,251,2025-01-11,2,3343.76,28.77,690.03
426,222,2025-05-28,5,1575.43,35.37,311.3
427,84,2025-04-13,2,1969.05,365.66,339.25
428,36,2025-11-03,1,2450.74,369.1,192.95
429,261,2025-02-18,4,3441.72,633.22,603.66
430,69,2025-11-11,4,1568.43,115.14,274.09
431,65,2025-06-05,4,583.79,58.24,70.8
432,151,2025-03-26,3,2134.97,58.05,284.88
433,5,2025-06-11,5,960.57,52.9,196.13
434,250,2025-04-10,4,3561.26,602.13,337.34
435,54,2025-12-04,2,2823.33,205.28,577.1
436,250,2025-03-25,4,2297.37,339.64,272.07
437,36,2025-10-15,2,934.23,158.95,131.67
438,157,2025-05-25,3,1300.93,217.24,266.58
439,237,2025-10-26,5,1421.27,153.44,238.05
440,248,2025-02-18,5,4447.01,876.76,405.9
441,150,2025-12-11,5,4432.34,77.28,892.16
442,243,2025-03-25,4,2503.94,490.44,497.78
443,55,2025-08-19,5,520.53,64.45,48.91
444,174,2025-01-26,3,3816.53,626.42,593.61
445,137,2025-01-05,3,3622.43,322.83,602.43
446,64,2025-04-01,1,4576.11,723.46,585.2
447,158,2025-11-02,4,4806.09,505.42,840.49
448,84,2025-07-02,4,2232.95,25.45,437.43
449,38,2025-01-21,2,1295.21,213.07,168.31
450,240,2025-03-06,5,685.69,6.74,134.41
451,84,2025-04-25,1,1147.49,164.4,221.32
452,265,2025-06-11,3,2117.42,53.3,388.66
453,24,2025-12-24,5,2849.87,191.33,364.22
454,61,2025-11-12,3,2447.79,310.89,224.25
455,170,2025-06-06,3,2516.25,375.73,447.92
456,94,2025-02-23,2,4419.26,837.14,427.96
457,31,2025-04-21,4,1725.16,172.28,240.85
458,69,2025-05-23,4,4016.38,286.84,338.24
459,124,2025-09-26,5,4140.83,497.76,347.3
460,160,2025-02-06,2,2099.91,282.79,420.73
461,8,2025-12-29,2,4089.38,316.14,354.18
462,209,2025-02-06,5,1653.14,241.33,189.62
463,79,2025-10-15,4,3334.26,19.84,288.19
464,67,2025-07-10,4,351.58,46.25,55.56
465,16,2025-11-27,2,767.49,19.37,176.94
466,52,2025-07-23,4,4740.8,229.61,509.93
467,78,2025-05-11,2,1424.47,0.92,287.92
468,95,2025-06-16,2,2844.28,209.49,288.26
469,161,2025-03-30,5,2986.98,96.25,504.4
470,194,2025-07-03,3,3210.63,320.27,676.89
471,40,2025-07-22,3,3589.87,180.35,385.02
472,97,2025-08-21,1,248.08,27.67,33.1
473,168,2025-07-18,5,2221.77,412.51,261.47
474,138,2025-11-14,5,4279.39,327.95,522.72
475,226,2025-10-28,3,3362.12,102.7,641.32
476,116,2025-07-30,2,4589.03,442.09,505.66
477,29,2025-07-16,5,4635.81,472.59,634.76
478,12,2025-10-02,5,2026.62,187.57,243.56
479,129,2025-12-15,1,2086.99,163.92,164.96
480,2,2025-01-23,5,2623.9,89.51,479.91
481,263,2025-06-24,2,3052.74,519.66,365.56
482,237,2025-02-18,1,4172.53,93.48,769.96
483,145,2025-12-18,3,4027.93,686.71,415.98
484,131,2025-10-09,2,4856.75,640.31,979.79
485,183,2025-06-17,5,3373.66,39.36,488.2
486,27,2025-08-31,1,4115.62,313.44,679.18
487,226,2025-06-02,4,805.52,11.73,177.2
488,42,2025-07-15,4,262.95,3.98,24.6
489,254,2025-09-23,2,632.52,55.76,122.75
490,189,2025-04-12,2,2580.86,462.08,385.65
491,11,2025-10-07,4,2605.31,429.26,419.98
492,268,2025-06-01,4,4117.27,71.7,678.43
493,227,2025-08-30,2,3535.44,428.53,349.86
494,189,2025-03-13,1,4145.87,274.21,396.34
495,213,2025-10-10,4,3061.94,317.57,463.02
496,105,2025-10-04,1,3243.94,496.76,316.37
497,79,2025-09-29,4,380.28,13.73,69.15
498,195,2025-05-10,2,3646.32,623.2,509.77
499,192,2025-03-05,3,3701.39,38.37,330.03
500,255,2025-12-18,3,1858.19,273.98,298.66
501,71,2025-10-02,3,1721.03,273.24,159.6
502,256,2025-07-23,2,933.48,36.22,183.14
503,230,2025-04-15,3,657.16,36.96,130.75
504,127,2025-09-17,1,807.65,61.83,170.36
505,66,2025-08-17,3,847.31,78.98,97.36
506,117,2025-04-30,3,1732.9,324.56,278.59
507,73,2025-12-17,4,1052.32,162.52,219.12
508,266,2025-08-15,5,4925.06,583.06,897.88
509,179,2025-06-21,2,3068.82,311.99,588.86
510,120,2025-04-24,4,4162.98,170.26,475.05
511,82,2025-07-04,3,94.17,2.91,15.86
512,72,2025-09-17,2,3777.91,14.51,572.68
513,132,2025-08-18,4,808.62,12.99,196.85
514,52,2025-09-19,1,3756.43,315.69,534.41
515,262,2025-11-23,5,2566.79,258.33,472.22
516,130,2025-02-07,3,2806.21,95.11,281.53
517,181,2025-09-28,4,1622.9,146.6,329.02
518,248,2025-07-25,4,818.94,39.92,92.57
519,155,2025-07-12,4,517.05,74.41,74.29
520,206,2025-10-31,1,4014.16,713.74,366.8
521,37,2025-05-29,1,4072.45,450.79,375.5
522,161,2025-12-15,2,4695.14,242.63,688.34
523,227,2025-10-28,2,2729.27,6.23,498.38
524,81,2025-11-27,2,2304.92,84.83,518.58
525,94,2025-01-04,2,4957.63,299.23,863.12
526,187,2025-05-26,4,1331.99,131.36,132.77
527,113,2025-11-18,5,1510.55,75.76,281.17
528,17,2025-06-10,4,1256.05,117.79,243.62
529,113,2025-06-06,1,812.06,129.53,90.02
530,173,2025-12-21,5,535.6,25.39,103.34
531,255,2025-01-12,5,2554.53,197.63,545.5
532,208,2025-12-20,3,3430.34,136.81,419.56
533,217,2025-11-08,2,2628.4,179.6,519.51
534,49,2025-03-16,4,4226.31,784.56,365.21
535,177,2025-07-17,2,3423.01,191.17,477.62
536,199,2025-01-15,5,355.17,66.67,58.09
537,53,2025-08-16,1,2432.74,421.12,226.89
538,215,2025-04-21,3,4947.2,535.91,799.44
539,249,2025-02-27,3,2181.11,191.23,197.51
540,13,2025-04-17,1,3585.65,517.45,414.74
541,217,2025-04-23,5,1061.41,22.45,204.59
542,138,2025-05-11,4,3514.83,671.81,472.34
543,182,2025-04-29,1,1919.17,140.87,356.02
544,7,2025-10-10,4,4997.09,137.09,809.94
545,17,2025-05-22,4,1998.28,270.72,208.03
546,200,2025-09-10,4,3579.95,623.68,734.5
547,195,2025-11-17,4,4311.18,565.17,750.05
548,204,2025-08-28,4,3895.08,325.78,634
549,115,2025-06-03,4,4174.44,341.8,491.34
550,43,2025-07-16,2,3600.22,435.81,447.34
551,171,2025-12-19,3,2773.7,450.44,238.76
552,45,2025-03-19,3,2401.02,426.52,393.06
553,147,2025-12-19,1,4004.33,768.38,599.6
554,256,2025-08-21,5,136.59,19.11,12.42
555,268,2025-03-10,1,1481.78,22.15,156.88
556,137,2025-09-15,3,3029.07,586.88,417.72
557,21,2025-07-02,2,3130.53,75.14,737.57
558,98,2025-09-15,2,1206.25,139.79,186.69
559,109,2025-07-24,2,835.46,27.83,185.78
560,221,2025-08-04,3,1146.32,206.68,180.6
561,198,2025-12-04,3,3055.4,135.54,534.49
562,260,2025-10-30,2,4348.96,140.16,493.23
563,50,2025-03-29,2,1770.01,209.1,314.52
564,35,2025-02-21,4,4539.41,288.51,738.6
565,125,2025-09-08,1,2220.25,198.34,204.07
566,149,2025-08-01,5,3103.71,391.59,563.37
567,210,2025-03-26,4,3087.65,348.43,576.65
568,226,2025-04-12,5,4911.81,138.48,790.92
569,237,2025-01-11,2,4937.6,239.55,475.57
570,244,2025-03-07,3,3397.95,203.8,523.82
571,137,2025-04-28,1,2216.42,167.37,315.88
572,40,2025-10-17,2,2144.77,90.76,435.73
573,6,2025-03-31,4,4319.25,559.5,536.38
574,101,2025-11-28,5,3971.2,518.13,476.69
575,133,2025-11-26,1,160.87,11.16,22.93
576,194,2025-11-01,1,3047.42,364.98,332.19
577,230,2025-03-27,4,3438.37,139.67,357.33
578,55,2025-12-21,2,1228.4,102.71,273.46
579,235,2025-11-22,2,559.6,68.82,61.1
580,26,2025-01-31,3,866.98,123.15,155.55
581,100,2025-01-28,5,3979.07,146.07,415
582,125,2025-11-03,5,3507.81,254.27,624.09
583,163,2025-09-07,4,3732.43,223.22,302.74
584,80,2025-10-03,4,1748.18,169.2,144.03
585,121,2025-08-20,4,1960.09,310.4,324.8
586,196,2025-09-11,5,2504.35,437.87,237.63
587,120,2025-01-06,1,3358.91,647.31,662.77
588,92,2025-11-30,3,2005.62,222.08,183.66
589,159,2025-05-23,3,1527.65,261.27,266.49
590,174,2025-04-10,2,3539.68,105.31,298.86
591,210,2025-01-25,4,103.52,11.48,14.89
592,118,2025-06-23,3,1425.2,24.86,140.95
593,151,2025-04-23,2,4045,797.7,586.37
594,108,2025-02-04,1,2256.66,345.69,224.53
595,248,2025-01-12,4,4663.4,118.19,914.7
596,82,2025-11-21,2,804.73,40.16,167.72
597,268,2025-04-14,1,1240.12,201.71,91.16
598,112,2025-01-08,1,3225.96,312.22,281.78
599,124,2025-01-30,3,3101.69,503.45,254.09
600,70,2025-03-28,2,881.37,118.65,176.1
601,153,2025-12-27,1,4224.38,749.86,406.42
602,76,2025-08-01,3,3157.72,623.82,320.5
603,35,2025-09-26,1,4823.65,890.49,573.86
604,258,2025-05-13,5,2752.42,440.71,443.29
605,142,2025-08-11,1,2286.68,441.89,302.41
606,4,2025-11-18,1,1295.06,70.22,295.72
607,2,2025-12-04,2,501.56,62.38,92.72
608,65,2025-07-07,5,659.17,1.63,122.99
609,101,2025-07-23,2,3405.37,290.62,373.29
610,57,2025-06-15,3,4958.7,647.12,1012.4
611,144,2025-12-24,5,3774.42,590.93,652.57
612,123,2025-01-30,1,1473.96,291.77,162.46
613,73,2025-09-16,5,2123.85,344.61,432.86
614,251,2025-08-22,2,4716.92,380.18,523.62
615,32,2025-06-04,2,1296.64,195.76,219.95
616,111,2025-06-23,3,2502.72,329.8,322.57
617,4,2025-10-24,3,956.8,90.85,113.11
618,102,2025-07-03,4,4066.2,417.29,854.36
619,209,2025-09-18,2,254.44,26.38,38.2
620,209,2025-10-26,2,88.68,1.19,21.56
621,40,2025-09-29,4,398.13,69.69,58.06
622,77,2025-08-14,4,2841.51,494.09,271.77
623,193,2025-12-14,3,2866.87,442.05,540.56
624,175,2025-04-18,2,3320.96,260.63,745.7
625,230,2025-11-06,3,610.47,109.55,41.11
626,88,2025-12-13,2,173.42,28.54,26.09
627,241,2025-06-16,5,3552.61,515.64,370.46
628,69,2025-12-02,5,2923.5,132.16,455.77
629,23,2025-01-08,1,1286.16,108.17,219.72
630,238,2025-03-06,1,2291.8,169.44,442.63
631,113,2025-11-16,2,4334.18,172.53,368.12
632,25,2025-05-28,4,98.05,6.8,9.62
633,199,2025-11-04,3,4042.68,416.06,724.45
634,54,2025-09-14,4,4040.05,621.4,281.36
635,244,2025-01-27,4,546.46,55.52,110.06
636,151,2025-09-03,2,4150.9,538.26,433.93
637,89,2025-05-31,1,431.76,59.71,65.77
638,23,2025-03-19,1,2325.73,364.08,363.63
639,44,2025-05-13,1,4875.94,719.91,553.72
640,163,2025-07-31,3,2617.87,379.95,339.65
641,141,2025-08-17,5,4530.11,144.95,627.9
642,48,2025-07-18,4,2582.75,275.65,365.9
643,208,2025-05-27,3,3518.33,653.18,614.32
644,176,2025-10-27,4,3027.33,586.29,324.38
645,236,2025-07-28,2,4922.57,508.3,813.12
646,153,2025-11-04,5,2149.21,92.49,317.46
647,122,2025-02-07,1,288.71,9.9,38.99
648,210,2025-08-14,5,2030.41,333.17,334.16
649,219,2025-05-09,4,4154.5,306.13,498.42
650,205,2025-10-09,3,3404.66,387.27,319.4
651,227,2025-10-08,5,4401.93,351.86,817.04
652,90,2025-02-10,2,1632.15,175.49,345.26
653,132,2025-03-16,4,4527.31,834.97,392.41
654,224,2025-01-08,4,4147.72,591.38,503.4
655,243,2025-04-05,5,4228.3,670.1,543.18
656,110,2025-12-18,4,4060.98,537.53,327.04
657,26,2025-01-23,3,1149.63,90.39,166.09
658,57,2025-09-11,3,451.02,31.92,43.25
659,150,2025-03-17,2,2193.73,335.69,234.01
660,19,2025-11-28,4,1471.45,193.42,231.98
661,105,2025-12-31,3,2209.83,143.68,203.6
662,126,2025-08-20,3,4526.86,366.88,613.11
663,83,2025-10-28,1,812.37,133.22,104.9
664,176,2025-03-04,1,1477.26,36.52,145.16
665,247,2025-05-22,1,4512.46,115.81,461.02
666,9,2025-11-25,2,3633.29,343.21,317.35
667,6,2025-07-10,3,592.84,108.64,75.13
668,83,2025-12-31,1,1322.38,228.42,186.4
669,85,2025-10-14,2,4641.02,329.5,461.6
670,251,2025-06-15,5,2661.71,352.97,280.43
671,78,2025-03-27,2,3241.28,124.49,701.86
672,77,2025-02-12,1,2926.75,441.67,458.22
673,207,2025-07-13,2,4416.43,392.32,350.83
674,121,2025-10-29,2,4844.02,384.37,669.84
675,208,2025-04-29,3,378.75,42.87,56.22
676,33,2025-09-01,5,3300.68,195.07,395.58
677,171,2025-01-06,1,652.19,94.46,104.73
678,169,2025-07-30,4,1280.85,198.11,268.83
679,261,2025-03-27,3,4803.86,730.64,909.4
680,1,2025-12-07,2,2178.76,125.9,210.56
681,210,2025-07-10,3,453.7,83.23,58.87
682,1,2025-08-09,1,892.33,47.33,72.56
683,144,2025-11-14,1,3569.27,113.03,588.09
684,196,2025-01-12,5,965.47,39.53,113.68
685,5,2025-03-04,4,1256.47,49.94,98.13
686,156,2025-04-08,3,4219.97,407.01,520.61
687,4,2025-04-02,1,1143.54,172.97,182.11
688,7,2025-09-22,3,680.89,0.44,63.97
689,214,2025-06-19,3,4815.35,803.58,620.17
690,81,2025-07-22,1,4060.72,198.76,816.73
691,199,2025-10-03,1,998.9,13.94,229.23
692,156,2025-01-20,4,752.11,15.82,162.86
693,103,2025-07-11,5,3751.43,40.16,563.04
694,58,2025-02-18,2,1278.01,254.35,214.95
695,180,2025-01-11,4,1843.15,319.72,157.58
696,10,2025-08-30,1,4396.24,758.53,870.4
697,251,2025-07-31,2,2120.25,205.46,302.92
698,192,2025-07-09,3,4888.77,221.66,520.49
699,160,2025-02-12,1,3025.77,10.44,497.72
700,126,2025-06-01,3,379.26,48.48,77.27
701,226,2025-05-18,1,3366.61,0.91,395.75
702,71,2025-08-08,1,2117.43,218.93,171.25
703,8,2025-11-21,2,4133.14,444.34,797.96
704,127,2025-09-11,3,3105.49,462.9,584.54
705,148,2025-02-24,2,309.15,23.63,30.46
706,5,2025-10-14,3,2436.97,42.8,195.62
707,24,2025-11-28,1,4094.46,704.02,292.97
708,17,2025-09-24,4,2623.45,160.63,199.83
709,220,2025-02-13,3,1287.93,254.33,143.57
710,201,2025-01-16,1,1116.82,69.21,134.7
711,59,2025-07-03,3,2010.48,247.02,164.96
712,179,2025-07-14,1,699.5,103.33,134
713,15,2025-11-18,3,2220.31,417.11,443.59
714,107,2025-03-10,1,3150.12,11.49,278.61
715,115,2025-01-08,3,3122.22,274.15,231.05
716,5,2025-08-29,3,1363.78,134.19,145.67
717,15,2025-07-11,3,4535.33,756.03,629.07
718,127,2025-09-11,2,437.58,28.82,59.73
719,156,2025-12-01,2,2450.48,395.49,216.41
720,243,2025-06-25,5,2325.21,63.06,401.7
721,251,2025-08-04,1,4990.4,817.39,745.68
722,145,2025-10-31,2,948.74,128.63,101.19
723,196,2025-02-22,5,4633.38,392.37,795.03
724,184,2025-06-10,5,149.05,22.68,16.1
725,157,2025-08-03,2,817.91,120.17,115.06
726,255,2025-04-16,2,2454.59,426.58,262.85
727,120,2025-04-21,2,1165.6,20.01,173.83
728,102,2025-02-27,1,4683.72,37.51,679.87
729,260,2025-11-12,4,612.56,17.3,51.44
730,266,2025-03-12,3,2828.03,472.18,224.23
731,221,2025-08-11,2,2408.41,327.84,236.89
732,117,2025-01-03,5,548.65,11.03,106.6
733,246,2025-08-03,3,2396.65,356.73,314.3
734,93,2025-01-01,4,4785.45,33.88,422.27
735,87,2025-03-25,2,4435.74,197.56,926.5
736,106,2025-02-13,4,4359.47,518.36,554.83
737,123,2025-12-19,2,235.03,0.89,28.85
738,241,2025-11-07,5,1837.93,253.29,379.7
739,155,2025-03-21,3,4809.52,884.07,526.14
740,19,2025-08-07,1,3374.99,254.25,668.64
741,3,2025-11-27,3,2347.13,276.74,420.56
742,216,2025-11-07,5,2497.34,3.71,279.03
743,197,2025-08-24,3,3605.15,101.32,833.03
744,223,2025-11-20,2,1914.49,46.25,461.82
745,268,2025-01-18,3,2800.17,117.83,622.31
746,169,2025-11-25,5,985.74,72,223.07
747,256,2025-08-03,3,1592.1,310.85,160.16
748,10,2025-03-06,2,3557.16,296.7,711.24
749,245,2025-11-06,2,4038.82,345.17,904.32
750,34,2025-03-03,2,4008.38,157.86,528.53
751,182,2025-09-21,2,3308.63,425.69,308.8
752,214,2025-03-21,1,1295.8,185.38,154.76
753,170,2025-06-04,2,140.6,12.29,23.97
754,212,2025-12-03,1,2548.03,362.56,501.93
755,194,2025-08-09,5,571.06,86.96,102.07
756,260,2025-08-22,3,158.15,0.95,33.7
757,161,2025-01-17,2,2048.41,9.08,431.11
758,43,2025-06-02,2,2920.59,390.52,583
759,125,2025-05-06,3,2423.87,53.38,392.61
760,135,2025-07-14,4,3301.94,65.2,598.44
761,112,2025-05-22,1,345.45,50.73,63.69
762,20,2025-06-24,5,731.66,83.02,128.1
763,39,2025-09-17,1,2066.9,35.47,252.42
764,156,2025-06-22,1,1403.35,164.4,147.83
765,96,2025-06-07,3,1318.66,133.2,261.65
766,154,2025-11-23,3,4703.17,171.49,789.26
767,37,2025-12-08,1,4676.91,219.08,1076.98
768,153,2025-02-03,3,2396.53,64.06,201.65
769,151,2025-06-10,3,1211.5,107.56,152.51
770,45,2025-09-09,5,2865.58,520.09,367.52
771,131,2025-09-27,4,2481.85,43.62,601.75
772,58,2025-03-06,5,4523.16,277.65,349.56
773,102,2025-02-09,2,1318.46,44.87,102.72
774,164,2025-07-20,4,1252.75,160.36,116.72
775,95,2025-05-11,1,3253.82,597.14,264.81
776,240,2025-09-16,2,1487.97,27.15,265.73
777,70,2025-10-16,1,3007.14,249.14,497.39
778,262,2025-08-03,1,2139.01,353.42,252.87
779,95,2025-12-16,2,1511.68,267.09,190.19
780,18,2025-03-20,1,2131.48,54.66,509.91
781,62,2025-11-28,4,2308.38,76.41,211
782,126,2025-02-19,3,1772.15,268.86,241.4
783,191,2025-12-22,2,4730.26,515.4,732
784,198,2025-01-20,5,4294.45,852.11,501.94
785,246,2025-11-22,1,330.3,47.29,34.49
786,157,2025-04-15,2,897.28,40.49,135.15
787,222,2025-03-29,2,112.02,2.12,10.43
788,120,2025-01-27,2,2659.42,354.89,219.37
789,258,2025-01-03,1,2915.08,252.25,335.42
790,16,2025-04-06,4,3883.5,155.67,436.66
791,50,2025-10-08,5,1214.02,72.86,206.56
792,206,2025-12-17,5,4667.48,325.4,498.37
793,179,2025-11-01,4,1911.7,335.98,222.44
794,85,2025-04-04,1,532.08,92.52,72.82
795,53,2025-07-31,1,1588.04,120.48,310.76
796,53,2025-01-25,3,1655.73,262.03,320.91
797,261,2025-08-03,2,2727.57,388.21,303.2
798,52,2025-08-31,1,4579.01,465.11,973.61
799,184,2025-05-24,1,224.58,2.05,49.1
800,213,2025-04-13,5,1619.2,299.98,215.47
801,198,2025-05-02,2,3153.48,263.27,674.64
802,13,2025-05-09,3,3029.27,130.95,505.8
803,123,2025-01-16,3,1111.95,181.06,158.69
804,208,2025-08-12,4,4516.62,180.03,630.24
805,28,2025-02-24,2,1868.26,348.43,252.87
806,84,2025-12-05,2,2283.71,293.72,311.31
807,254,2025-06-29,1,4214.61,341.38,390.11
808,154,2025-02-13,2,4387.88,274.41,410.8
809,187,2025-11-28,4,4130.63,467.13,369.79
810,232,2025-06-26,3,531.37,102.9,50.82
811,135,2025-01-24,3,1486.91,118.72,263.95
812,26,2025-02-02,4,2047.21,266.44,334.84
813,138,2025-03-11,4,399.65,26.92,39.28
814,205,2025-03-03,1,1829.9,109.69,419
815,193,2025-09-29,1,2116.51,115.41,298.03
816,121,2025-10-14,5,4912.61,345.34,971.53
817,58,2025-04-24,2,3260.53,473.92,566.11
818,42,2025-09-24,4,3205.07,33.32,298.72
819,88,2025-12-19,2,2028.07,63.91,372.83
820,203,2025-09-16,2,199.33,1.22,23.42
821,219,2025-09-17,4,4472.46,272.23,910.04
822,211,2025-09-10,5,2963.52,393.99,229.32
823,85,2025-05-28,5,4575.98,691.01,513.84
824,186,2025-01-06,3,4054.63,350.67,339.35
825,145,2025-06-28,1,2870.43,49.94,542.77
826,246,2025-02-04,1,1060.93,180.23,154.66
827,110,2025-10-11,1,4157.98,492.08,868.07
828,268,2025-03-01,1,2818.89,528.98,332.8
829,51,2025-01-04,5,4194.97,756.56,668.35
830,199,2025-02-15,4,770.6,147.59,75.93
831,136,2025-08-10,4,4386.16,812.08,534.2
832,115,2025-12-29,1,3242.1,530.93,610.59
833,20,2025-09-09,1,1934.77,70.71,296.71
834,198,2025-05-03,3,2286.8,386.63,437.3
835,231,2025-09-20,5,1703.69,74.78,173.45
836,157,2025-03-23,3,1977.91,346.87,155.89
837,42,2025-05-12,1,4359.54,417.51,324.99
838,208,2025-08-29,2,823.46,71.77,153.35
839,135,2025-06-29,2,3411.55,437.46,299.59
840,49,2025-01-17,1,1212.26,89.75,249.7
841,203,2025-10-24,1,1112.48,86.22,100.61
842,185,2025-12-02,4,1060.5,73.19,182.26
843,98,2025-04-03,4,577.33,21.92,79.38
844,173,2025-12-09,2,3243.18,434.42,349.42
845,117,2025-11-27,2,2000.54,253.47,162.64
846,11,2025-09-05,3,2124.22,280.37,272.98
847,20,2025-02-28,5,987.41,83.37,164.25
848,243,2025-02-04,4,870.54,164.99,68.86
849,73,2025-08-01,5,2217.7,89.42,418.34
850,259,2025-05-31,3,4137.18,749.56,788.62
851,184,2025-04-07,4,2125.86,140.35,292.17
852,51,2025-08-16,4,1935.61,8.19,382.35
853,145,2025-06-30,4,4383.15,421.49,509.18
854,252,2025-06-25,4,3037.85,125.95,307.35
855,83,2025-10-01,5,4069.59,630.46,626.44
856,62,2025-02-13,2,401.54,52.73,51.9
857,208,2025-10-10,3,1675.72,205.12,119.37
858,160,2025-07-22,1,1436.63,256.57,136.04
859,131,2025-05-26,4,2521.85,370.46,208.23
860,101,2025-08-14,2,1336.27,213,118.56
861,84,2025-10-21,2,3856.24,355.18,870.02
862,259,2025-03-07,5,4920.62,869.06,768.42
863,204,2025-04-17,2,4744.12,456.77,770.23
864,68,2025-01-28,1,2030.63,57.44,241.86
865,162,2025-12-31,5,934.34,9.99,213.61
866,243,2025-08-05,3,3155.45,339.31,442.73
867,13,2025-03-03,4,2150.02,109.91,252
868,222,2025-11-03,1,4347.97,770.09,347.61
869,41,2025-05-01,3,1390.9,225.88,288.05
870,95,2025-10-11,5,1579.46,87.34,233.82
871,130,2025-12-21,4,4465.28,42.82,756.65
872,88,2025-11-20,4,4967.23,830.71,449.39
873,40,2025-04-20,1,1548.16,4.03,198.99
874,184,2025-06-29,4,368.09,28.89,72.42
875,225,2025-10-02,5,981.5,53.1,202.71
876,9,2025-04-16,5,782.96,111.13,131.36
877,4,2025-01-14,4,1678.44,283.26,174.81
878,218,2025-09-24,1,183.91,27.46,13.87
879,83,2025-05-31,5,2235.54,345.98,187.17
880,45,2025-07-18,2,406.37,18.13,83.78
881,177,2025-01-04,3,2280.46,333.2,392.75
882,195,2025-07-05,2,581.34,4.54,103.65
883,148,2025-12-29,3,4579.14,359.21,733.6
884,93,2025-11-03,4,3311.34,40.14,557.73
885,184,2025-01-01,4,4249.21,213.33,784.82
886,94,2025-02-08,4,3981.87,377.69,840.14
887,95,2025-05-21,4,4647.48,63.12,512.44
888,43,2025-05-05,3,1993.38,179.61,363.53
889,98,2025-11-24,1,3402.01,413.6,267.81
890,17,2025-11-09,2,96.5,13.14,15.77
891,260,2025-05-16,5,2854.32,277.11,339.81
892,179,2025-12-10,1,2375.86,334.91,499.69
893,226,2025-02-12,4,2329.24,186.69,338.25
894,158,2025-07-09,1,1549.45,233.33,136.86
895,71,2025-05-07,3,618.31,55.43,133.82
896,250,2025-06-23,3,3940.1,672.38,495.34
897,180,2025-04-24,3,1467.2,277.56,202.46
898,122,2025-10-05,4,2072.9,85.62,316.1
899,44,2025-12-10,4,4102.69,163.05,809.97
900,212,2025-08-13,5,4390.38,805.8,686.87
901,235,2025-06-18,1,4767.53,359.73,485.54
902,149,2025-10-03,1,4918.27,905.31,723.47
903,251,2025-07-17,4,4606.33,895.05,585.97
904,66,2025-04-28,4,264.21,21.74,42.26
905,191,2025-06-13,2,724.18,108.5,152.35
906,47,2025-09-25,1,1854.47,354.22,261.73
907,117,2025-10-28,4,1451.15,256.02,129.09
908,30,2025-04-10,3,2392.67,46.45,205.31
909,57,2025-11-22,4,180.81,2.06,14.53
910,61,2025-01-17,1,849.88,54.48,83.94
911,76,2025-10-31,4,3944.55,637.83,754.19
912,7,2025-07-27,2,4686.7,674.65,933.29
913,223,2025-12-23,1,4563.51,427.11,362.11
914,55,2025-02-14,5,960.46,158.1,158.2
915,55,2025-06-12,1,2452.5,309.47,185.62
916,81,2025-04-21,3,4599.05,5.27,882.33
917,46,2025-05-23,5,4331.15,139.81,982.11
918,49,2025-05-17,5,2441.97,193.63,341.75
919,134,2025-06-14,2,4052.84,673.28,508.27
920,91,2025-09-25,3,4155.3,505.64,637
921,116,2025-05-01,4,431.96,69.47,79.11
922,237,2025-09-13,2,1394.45,249.5,138.29
923,264,2025-11-22,3,2462.86,335.89,292.99
924,66,2025-03-01,2,466.26,76.27,49.58
925,219,2025-03-08,2,3539.7,415.42,596.5
926,181,2025-10-20,3,437.64,0.72,42.15
927,39,2025-11-04,4,1289.51,31.52,180.03
928,187,2025-12-25,3,4706.89,478.82,856.48
929,153,2025-11-04,2,475.1,80.83,75.95
930,139,2025-06-15,4,1042.36,122.05,87.44
931,57,2025-02-28,3,251.74,19.21,58.06
932,7,2025-11-15,1,1097.38,55.65,255.66
933,142,2025-06-19,4,2109.1,274.76,454.26
934,153,2025-08-15,3,565.01,47.54,62.58
935,173,2025-01-19,1,2785.17,193.07,355.59
936,128,2025-06-25,5,2436.96,186.02,278.04
937,10,2025-09-05,1,3477.78,261.34,756.18
938,90,2025-07-07,5,3374.52,55.48,695.11
939,136,2025-01-15,4,4728.33,682.46,558.57
940,106,2025-10-21,2,3967.63,713.57,540.34
941,5,2025-03-02,4,3826.76,254.25,702.16
942,220,2025-06-23,5,3481.7,460.89,627.82
943,181,2025-12-28,2,4179.31,435.7,876.09
944,41,2025-06-17,5,3290.66,136.9,377.33
945,82,2025-02-12,2,3431.32,494.88,555.07
946,208,2025-08-09,3,4164.04,103.25,490.34
947,145,2025-01-08,4,1002.82,95.53,184.95
948,199,2025-06-24,2,4331.46,734.06,289.08
949,1,2025-07-05,4,2579.93,4.37,509.94
950,243,2025-05-14,3,541.87,62.65,83.51
951,150,2025-07-21,2,1974.07,211.22,332.8
952,117,2025-02-07,3,2663.37,322.15,309.24
953,10,2025-01-12,1,3781.07,565.87,259.17
954,147,2025-01-15,5,1045.62,165.37,78.57
955,156,2025-06-24,4,1432.08,243.93,211.76
956,83,2025-08-11,2,1216.62,188.22,119.84
957,3,2025-07-09,4,591.33,103.34,119.83
958,154,2025-02-23,2,2939.06,457.55,506.24
959,223,2025-06-16,3,3549.29,680.11,282.23
960,128,2025-02-09,2,2295.97,425.92,184.21
961,247,2025-04-05,3,3454.56,356.1,384.06
962,182,2025-06-18,4,4621.3,533.05,655.78
963,210,2025-07-10,4,2191.17,283.14,278.57
964,238,2025-04-25,2,4282.41,59.81,874.05
965,265,2025-12-22,5,4655.87,428.01,386.87
966,54,2025-06-10,1,2057.51,409.89,399.07
967,245,2025-02-27,3,3879.54,334.27,317.21
968,212,2025-07-15,3,4836.08,934,962.78
969,231,2025-07-10,3,2277.36,155.87,315.61
970,143,2025-12-29,1,4788.24,554.92,944.61
971,196,2025-11-06,1,1136.51,13.61,240.5
972,161,2025-10-19,5,3239.53,629.15,548.03
973,48,2025-05-02,2,2362.28,186.6,480.58
974,178,2025-12-15,4,2796.07,74.78,671.07
975,14,2025-08-01,5,2189.26,243.6,391.1
976,192,2025-09-22,4,1729.98,203.54,264.39
977,193,2025-05-25,5,1985.69,79.78,462.26
978,154,2025-05-12,1,1839.7,107.15,254.8
979,205,2025-06-30,3,1701.37,275.31,311.01
980,228,2025-10-08,2,3848.19,498.91,734.88
981,234,2025-11-22,5,720.5,9.62,105.62
982,144,2025-08-31,2,964.6,179.29,139.66
983,176,2025-05-30,2,2159.79,74.61,182.81
984,144,2025-06-04,4,2405.44,349.5,343.26
985,174,2025-07-05,3,789.55,60.83,142.33
986,162,2025-09-13,4,3796.83,186.95,718.2
987,262,2025-04-19,3,1580.65,163.65,214.62
988,237,2025-08-03,2,4122.14,763.22,440.61
989,109,2025-05-09,2,1060.38,119.83,160.26
990,26,2025-03-25,1,2636.83,151.23,431.77
991,181,2025-02-19,2,4353.37,287.14,443.44
992,108,2025-01-25,5,1657.63,52.39,282.76
993,246,2025-11-29,3,4476.91,864.66,544.73
994,69,2025-06-29,3,4660.9,164.51,473.89
995,250,2025-12-11,5,1403.95,127.7,222.49
996,39,2025-04-26,5,4852.43,940.54,535.81
997,110,2025-08-31,1,740.54,121.48,56.76
998,187,2025-11-23,2,1964.81,177.87,433.34
999,181,2025-02-06,1,4673.02,576.52,448.72
1000,53,2025-07-28,5,2015.47,281.37,272.09
1001,86,2025-12-19,1,4324.84,466.31,520.5
1002,144,2025-05-13,2,4651.43,744.81,492.03
1003,251,2025-07-19,1,580.11,96.17,72.54
1004,263,2025-06-02,2,4820.85,841.65,938.22
1005,150,2025-09-05,1,1304.82,98.04,238.73
1006,205,2025-10-31,4,529.6,45.61,67.49
1007,25,2025-10-05,3,1377.41,100.8,161.98
1008,16,2025-10-27,2,3169,490.95,391.59
1009,245,2025-09-30,1,3788.5,548.84,401.63
1010,209,2025-05-26,4,3490.83,359.15,599.77
1011,260,2025-04-02,1,4286.43,44.23,428.13
1012,142,2025-12-27,4,4037.9,263.45,682.43
1013,174,2025-05-06,3,2689.72,299.04,557.33
1014,214,2025-10-16,1,4742.22,682.49,763.66
1015,27,2025-01-31,4,3722.37,573.21,724.93
1016,201,2025-07-20,1,2738.34,367.09,245.65
1017,135,2025-03-07,1,3514.6,680.25,319.1
1018,95,2025-12-26,4,2620.21,85.7,323.6
1019,256,2025-09-27,5,2697.68,347.93,486.25
1020,53,2025-03-04,2,3621.33,343.19,653.62
1021,196,2025-03-27,3,3916.62,436.89,518.76
1022,13,2025-08-01,5,437.27,70.23,55.36
1023,41,2025-12-14,1,173.35,10.44,29.99
1024,28,2025-10-05,1,3307.26,595.74,584.38
1025,179,2025-01-08,5,3838.36,419.82,727.42
1026,253,2025-12-08,1,911.63,41.33,76.79
1027,224,2025-01-08,1,451.89,86.57,33.85
1028,127,2025-05-23,5,1350.62,203.02,240.93
1029,164,2025-11-12,3,4177.3,695.29,814.65
1030,50,2025-02-13,3,2932.18,185.97,552.5
1031,11,2025-07-24,5,2843.35,231.81,353.83
1032,237,2025-04-26,5,2677.47,417,418.67
1033,120,2025-07-24,1,2726.76,118.07,589.72
1034,106,2025-06-20,1,2666.82,260.86,503.3
1035,84,2025-06-25,1,2221.53,360.92,383.87
1036,217,2025-08-15,1,1302.07,180,183.11
1037,208,2025-04-20,2,3975.06,468.53,774.1
1038,156,2025-10-18,4,1827.63,320.29,310.71
1039,229,2025-10-10,3,933.15,23.6,190.27
1040,180,2025-09-03,4,2249.42,391.53,196.42
1041,159,2025-06-24,2,3837.89,208.49,451.97
1042,150,2025-10-29,5,3747.75,78.2,463.31
1043,169,2025-02-11,1,3288.45,145.69,265.19
1044,31,2025-04-28,5,4657.51,609.52,928.17
1045,132,2025-07-01,4,298,38.52,33.44
1046,255,2025-11-04,2,3950.52,473.77,793.15
1047,225,2025-03-19,1,608.17,58.7,109.16
1048,74,2025-02-12,5,2803.02,249.52,442.63
1049,226,2025-05-20,1,2533.59,496.85,459.81
1050,102,2025-05-28,5,233.97,34.62,29.6
1051,196,2025-10-27,3,2265.05,295.39,374.98
1052,157,2025-12-14,5,4994.16,331.15,852.35
1053,236,2025-08-06,4,2695.11,262.42,581.91
1054,41,2025-12-09,5,3815.7,127.12,747.8
1055,75,2025-07-06,4,4427.6,317.11,711.07
1056,224,2025-06-28,1,374.78,50.24,68.32
1057,173,2025-12-05,1,1748.93,332.38,276.53
1058,165,2025-06-11,2,4456.31,162.11,603.83
1059,55,2025-03-09,2,3536.47,93.28,727.09
1060,149,2025-06-03,3,2927.57,47.69,708.93
1061,113,2025-01-27,2,3585.1,35.99,506.8
1062,265,2025-01-15,4,3004.6,38.97,353.25
1063,9,2025-02-13,3,4240.98,167.45,677.84
1064,79,2025-02-19,4,1963.4,265.37,276.32
1065,80,2025-07-22,1,2421.15,219.43,457.06
1066,164,2025-07-02,4,1777.05,39.44,154.51
1067,153,2025-08-03,2,2296,451.52,356.5
1068,197,2025-05-09,3,4600.01,204.45,485.32
1069,265,2025-01-31,5,1642.36,66.02,332.99
1070,209,2025-03-22,2,2807.5,429.99,437.17
1071,119,2025-12-19,2,3435.38,425.39,343.97
1072,251,2025-08-24,5,1596.28,215.9,257.97
1073,123,2025-08-20,1,4993.71,340.67,421.99
1074,14,2025-07-20,4,413.18,42.4,56.27
1075,261,2025-02-26,2,385.36,37.8,43.97
1076,5,2025-06-24,1,799.09,36.34,74.21
1077,30,2025-03-29,1,4597.13,650.29,921.98
1078,210,2025-04-11,4,4401.82,100.56,734.51
1079,181,2025-09-17,4,3537.28,63.65,851.71
1080,140,2025-09-18,5,3502.76,182.33,267.84
1081,103,2025-12-01,3,2077.79,165.69,360.33
1082,235,2025-06-30,4,3286.01,284.82,285.42
1083,267,2025-11-26,1,1315.8,129.62,124.04
1084,224,2025-04-19,3,4010.75,434.04,551.8
1085,174,2025-05-06,3,1491.91,124.51,327.43
1086,191,2025-07-25,5,4910.63,418.25,809.99
1087,37,2025-02-01,3,2892.52,537.66,262.97
1088,249,2025-08-16,4,4017.48,501.44,630.3
1089,15,2025-02-22,5,3744.08,366.81,629.2
1090,114,2025-01-14,5,2590.98,215.8,234.55
1091,97,2025-06-13,4,2657.28,155.37,515.83
1092,112,2025-03-19,5,876.32,41.98,75.72
1093,155,2025-08-30,4,2816.2,280.95,539.53
1094,121,2025-07-15,5,2246.46,367.73,208.48
1095,102,2025-09-26,5,4948.08,98.21,762.18
1096,172,2025-04-04,4,681.46,73.77,70.68
1097,104,2025-03-02,5,4799.69,859.73,550.63
1098,21,2025-01-17,3,2628.6,248.58,587.76
1099,258,2025-08-05,3,1496.16,171.18,128.77
1100,234,2025-03-29,5,2102.09,61.31,496.42
1101,90,2025-01-02,5,2326.05,291.99,488.58
1102,49,2025-04-30,2,1760.16,45.15,375.83
1103,132,2025-10-26,2,4232.47,620.77,522.61
1104,13,2025-09-07,4,2793.7,310.59,577.44
1105,249,2025-07-14,3,3217.66,75.84,583.53
1106,31,2025-07-14,1,866.48,74.51,154.96
1107,21,2025-09-18,3,882.78,51.96,170.28
1108,217,2025-03-04,4,244.17,32.61,19.69
1109,131,2025-07-13,3,2326.24,276.75,481.12
1110,107,2025-11-05,2,2634.22,410.62,189.39
1111,223,2025-12-05,5,2998.87,254.07,501.23
1112,120,2025-06-23,1,4847.95,20.84,838.34
1113,154,2025-05-11,4,195.69,3.5,16.53
1114,61,2025-06-27,3,2287.79,106.12,396.25
1115,177,2025-10-12,3,1142.73,3.42,242.99
1116,140,2025-08-07,1,2731.24,78.93,400.25
1117,200,2025-12-12,2,4790.41,174.03,834.02
1118,138,2025-08-26,2,307.95,21.18,52.14
1119,133,2025-04-06,2,2727.24,208.88,359.16
1120,122,2025-12-10,4,2825.46,136.59,372.08
1121,242,2025-05-27,3,2432.56,24.37,537.65
1122,251,2025-02-21,1,2247.14,393.51,354.64
1123,74,2025-08-26,5,68.37,3.5,11.03
1124,231,2025-04-21,5,1349.02,190.36,157.24
1125,121,2025-06-08,5,3586.44,657.16,322.93
1126,248,2025-11-16,5,3917.04,106.61,894.38
1127,10,2025-04-05,3,4604.17,80.79,1116.74
1128,268,2025-01-03,3,4635.49,523.4,1011.75
1129,192,2025-05-06,5,1250.42,163.97,221.25
1130,139,2025-11-22,4,4060.97,350.12,869.05
1131,136,2025-12-20,2,3845.23,707.77,680.07
1132,214,2025-01-29,4,3876.35,285.21,392.2
1133,55,2025-07-16,4,101.73,9.95,14.97
1134,108,2025-09-24,1,2051,39.42,167.83
1135,46,2025-07-16,3,4737.82,398.74,952.46
1136,247,2025-12-16,3,1002.94,92.21,74.34
1137,2,2025-06-11,5,4407.75,112.59,1012.64
1138,76,2025-04-04,5,3331.31,607.45,657.08
1139,143,2025-03-26,1,3743.91,424.34,634.03
1140,253,2025-06-25,4,4313.11,572.61,450.07
1141,10,2025-02-16,2,1388.58,45.71,285.18
1142,245,2025-03-31,1,2856.6,370.46,490.63
1143,6,2025-01-29,2,4089.05,110.89,622.38
1144,170,2025-07-17,1,862.52,145.29,114.48
1145,90,2025-08-26,5,4576.19,25.63,719.62
1146,174,2025-07-25,3,851.08,82.76,105.66
1147,186,2025-11-12,5,2160.88,125.56,421.07
1148,193,2025-07-19,3,1949.74,200.17,370.1
1149,91,2025-07-29,2,470.92,30.75,40.28
1150,40,2025-08-21,4,2733.77,323.52,554.64
1151,218,2025-05-29,5,4924.5,504.16,492.47
1152,89,2025-03-19,1,1298.15,82.92,107.52
1153,250,2025-06-19,5,3852.98,271.36,541.68
1154,40,2025-04-28,2,4612.35,719.73,489.96
1155,121,2025-11-25,4,551.05,57.6,123.1
1156,146,2025-07-20,3,1968.15,116.72,303.92
1157,113,2025-02-03,5,1522.66,295.48,282.19
1158,127,2025-01-29,1,1632.76,296.16,131.78
1159,199,2025-05-19,1,4749.77,130.35,496.84
1160,69,2025-02-14,1,2335.37,310.48,505.07
1161,128,2025-11-14,2,3902.29,346.71,860.51
1162,248,2025-03-22,2,2380.08,274.99,211.74
1163,143,2025-10-12,4,1516.62,6.18,355.21
1164,214,2025-09-21,2,4891.49,928.19,477.84
1165,147,2025-07-07,4,415.16,60.84,72.39
1166,139,2025-05-14,2,2525.25,311.87,317.98
1167,194,2025-07-25,5,1760.26,213.99,180.8
1168,201,2025-12-02,2,267.67,16.99,54.61
1169,136,2025-06-12,3,4866.85,410.83,473.83
1170,240,2025-05-18,1,1115.77,165.24,219.61
1171,194,2025-09-04,2,3985.83,409.86,841.4
1172,179,2025-12-22,2,891.22,148.61,60.79
1173,179,2025-09-19,1,2414.64,60.64,534.29
1174,177,2025-09-13,4,2378.1,363.13,492.02
1175,122,2025-05-31,2,4662.39,128.44,541.18
1176,32,2025-03-30,3,2424.29,137.22,283.96
1177,67,2025-01-25,4,164.45,16.57,22.77
1178,226,2025-10-15,5,4654.61,408.61,523.36
1179,194,2025-08-25,1,2134.93,257.16,348.14
1180,200,2025-04-13,3,4338.59,461.36,606.32
1181,69,2025-11-08,1,1838.6,114.16,389.1
1182,255,2025-10-06,2,3650.98,655.23,353.29
1183,117,2025-08-25,2,2552.11,408.26,299.05
1184,214,2025-09-08,4,3734.59,366.61,324.72
1185,228,2025-10-04,5,1950.38,217.79,366.29
1186,237,2025-02-15,3,1584.86,169.59,298
1187,87,2025-06-05,4,1246.59,86.02,136.12
1188,181,2025-03-23,1,3125.54,560.58,612.55
1189,234,2025-04-11,3,1393.32,45.4,109.82
1190,60,2025-05-27,3,142.29,0.71,15.87
1191,191,2025-11-11,3,2040.36,93.02,258.92
1192,255,2025-06-17,1,3221.92,79.45,505.43
1193,224,2025-05-13,2,292.48,30.56,45.59
1194,268,2025-06-07,4,3911.4,104.66,795.58
1195,166,2025-08-22,3,3149.32,290.32,586.46
1196,226,2025-06-07,1,3228.78,601.91,408.67
1197,137,2025-12-18,2,1670.19,136.23,219.16
1198,109,2025-03-21,2,3603.43,408.89,733.11
1199,231,2025-03-05,1,2380.47,254.26,368.64
1200,68,2025-01-31,1,1850.3,120.32,207.78
1201,79,2025-12-09,4,1129.84,87.84,99.35
1202,134,2025-09-18,1,2584.04,287.92,371.88
1203,75,2025-02-08,1,968.68,155.54,139.36
1204,48,2025-09-30,5,652.47,103.55,136.59
1205,200,2025-04-15,3,1599.69,299.18,127.35
1206,98,2025-07-28,2,1181,173.29,164.29
1207,201,2025-01-14,5,1067.55,187.98,115.43
1208,55,2025-04-25,5,499.86,1.47,72.95
1209,141,2025-12-26,2,3491.76,640.82,553.59
1210,34,2025-11-29,1,2641.58,74.29,207.67
1211,266,2025-07-23,2,512.7,19.09,60.05
1212,214,2025-08-11,1,313.46,7.09,66.78
1213,19,2025-04-20,2,1220.14,118.57,179.07
1214,23,2025-02-28,3,2589.3,329.79,311.99
1215,105,2025-01-14,4,1678.85,168.9,346.97
1216,209,2025-11-14,4,568.45,83.43,92.11
1217,6,2025-05-24,5,3201.98,611.03,384.47
1218,67,2025-04-22,3,287.31,18.55,55.23
1219,15,2025-11-26,1,315.7,16.09,30.9
1220,117,2025-01-07,4,559.01,102.24,66.71
1221,170,2025-07-26,3,2073.04,132.79,332.08
1222,196,2025-06-30,3,3591.06,500.58,538.99
1223,79,2025-11-07,2,2625.93,371.67,501.06
1224,153,2025-05-19,1,66.76,0.68,7.12
1225,75,2025-07-17,1,4054.59,177.35,674.97
1226,99,2025-10-21,3,4646.35,354.27,787.73
1227,253,2025-02-16,2,4594.8,164.32,983.82
1228,114,2025-09-15,2,1953.45,190.74,388.5
1229,116,2025-09-10,5,3388.13,65.17,795.56
1230,260,2025-03-07,4,285.02,27.71,37.08
1231,225,2025-06-22,2,4005.91,347.96,385.27
1232,173,2025-01-30,3,3560.59,590.83,710.31
1233,215,2025-03-31,3,622.88,38.54,71.71
1234,201,2025-05-10,3,201.04,18.26,45.58
1235,175,2025-11-16,1,3078.66,428.59,640.35
1236,188,2025-05-30,4,2213.55,337.97,450.46
1237,74,2025-08-08,1,972.42,62.63,96.98
1238,238,2025-07-07,2,1858.48,14.76,245.14
1239,158,2025-03-12,5,2457.53,146.58,285.38
1240,48,2025-07-10,3,4944.93,69.95,656.76
1241,247,2025-04-23,2,1276.33,252.77,244.28
1242,64,2025-07-20,4,480.72,25.8,58.84
1243,105,2025-12-27,3,2164.34,411.06,204.19
1244,138,2025-12-09,2,4486.26,231.83,815.21
1245,234,2025-01-24,1,2487.09,128.89,475.96
1246,94,2025-01-09,5,650.08,100.43,117.94
1247,1,2025-01-06,4,1211.44,229.54,123.58
1248,69,2025-08-05,3,874.23,91.91,180.07
1249,10,2025-11-06,5,4899.27,435.58,801.55
1250,171,2025-10-05,1,518.4,25.76,57.22
1251,150,2025-04-04,4,3170.6,526.46,335.24
1252,103,2025-04-18,2,3210.48,131.53,559.31
1253,34,2025-06-25,5,4537.61,610,436.45
1254,87,2025-11-28,2,2355.88,14.43,398.15
1255,267,2025-05-01,1,1013.47,180.39,90.33
1256,126,2025-05-29,5,3731.46,529.79,534.84
1257,236,2025-10-26,1,220.51,12.21,22.49
1258,222,2025-10-29,5,439.49,49.85,55.99
1259,256,2025-05-24,5,366.63,20.39,78.06
1260,79,2025-05-01,5,4414.83,554.65,537.57
1261,1,2025-12-23,1,3360.3,627.01,300.06
1262,268,2025-02-03,4,4038.42,10.45,779.11
1263,211,2025-01-01,1,3823.92,292.46,795.66
1264,141,2025-08-10,2,2488.94,314.42,461.96
1265,5,2025-10-05,4,3765.85,238.58,880.9
1266,168,2025-05-03,3,2069.85,382.62,418.97
1267,99,2025-04-02,1,3139.06,199.31,298.25
1268,130,2025-08-06,5,2751.45,479.67,496.32
1269,201,2025-06-06,5,3858.65,468.9,684.41
1270,76,2025-10-23,5,184.29,3.62,17.68
1271,108,2025-05-25,3,1798.72,356.05,217.52
1272,143,2025-12-13,4,4397.18,171.81,864.48
1273,266,2025-03-09,2,341.96,13.66,69.15
1274,161,2025-07-24,3,752.74,2.24,151.93
1275,246,2025-01-31,3,2874.57,482.16,477.06
1276,241,2025-09-16,2,2982.41,175.48,578.63
1277,217,2025-10-10,5,3089.55,31.03,710.19
1278,9,2025-04-24,5,656.43,94.06,82.71
1279,263,2025-12-03,1,2207.64,175.67,195.26
1280,128,2025-03-07,3,3413.38,504.71,400.26
1281,232,2025-05-15,5,3359.11,597.14,245.27
1282,9,2025-05-09,1,4826.49,589.81,963.16
1283,198,2025-01-04,5,748.78,121.58,101.64
1284,98,2025-03-23,1,796.38,85.44,64.97
1285,232,2025-04-24,2,312.51,8.74,55.41
1286,249,2025-09-19,5,2335.19,382.61,267.94
1287,140,2025-01-20,4,1812.88,24.97,342.16
1288,203,2025-03-26,2,1317.15,31.84,142.98
1289,94,2025-08-22,4,1193.24,149.9,254.93
1290,147,2025-01-01,3,243.36,3.39,22.86
1291,154,2025-01-25,2,4602.07,205.02,1039.71
1292,21,2025-10-03,5,4201.67,273.02,814.42
1293,84,2025-06-06,2,470.19,87.57,89.3
1294,54,2025-05-24,4,200.72,29.25,37.16
1295,53,2025-04-23,3,3382.37,432.72,293.29
1296,196,2025-02-11,3,3531.59,351.15,651.83
1297,182,2025-03-26,2,4047.94,222.55,316.16
1298,58,2025-03-06,4,1585.64,242.2,293.56
1299,154,2025-05-29,4,2509.58,196.96,398.7
1300,118,2025-05-26,2,2805.46,43.97,545.34
1301,96,2025-06-09,4,443.46,40.9,38.14
1302,241,2025-08-26,4,686.59,82.19,75.05
1303,159,2025-03-09,3,3149.57,433.89,494.7
1304,56,2025-10-06,1,459.03,69.81,89.72
1305,85,2025-02-08,3,867.94,160.03,116.47
1306,73,2025-01-10,4,1558.07,187.43,336.62
1307,268,2025-07-16,4,1345.74,142.43,178.14
1308,125,2025-10-02,2,4217.41,677.43,843.45
1309,32,2025-06-20,3,4446.48,424.73,652.09
1310,206,2025-12-10,2,2601.33,518.38,238.42
1311,256,2025-11-06,4,3211.33,474.72,368.12
1312,21,2025-06-22,5,185.78,14.01,35.08
1313,195,2025-09-03,1,4870.65,388.42,1006.83
1314,174,2025-04-05,4,2408.03,121.65,246.78
1315,69,2025-08-07,4,2880.34,560.61,411.25
1316,175,2025-07-14,5,3308,179.15,763.74
1317,115,2025-03-19,2,392.24,38.84,37.79
1318,177,2025-01-29,1,4208.19,588.27,805.07
1319,157,2025-03-08,2,1654.91,159.68,136.45
1320,198,2025-06-26,2,2297.8,180.41,192.86
1321,216,2025-03-24,5,852.47,61.76,86.72
1322,82,2025-04-17,4,3079.44,536.68,597.03
1323,48,2025-05-05,2,2668.21,31.67,311.21
1324,97,2025-08-02,4,622.24,122.28,99
1325,71,2025-05-28,2,3086.98,197.61,314.02
1326,69,2025-07-19,1,2891.13,403.21,489.92
1327,103,2025-08-08,5,2655.59,393.05,404
1328,154,2025-06-21,1,4028.33,763.86,392.72
1329,10,2025-08-27,5,2386.9,266.1,265.69
1330,62,2025-11-07,5,2402.93,399.78,250.56
1331,255,2025-05-12,3,1950.7,243.82,382.38
1332,77,2025-09-27,1,122.08,16.03,15.07
1333,162,2025-09-23,3,1486.42,254.97,219.09
1334,171,2025-08-18,4,4435.53,789.59,703.68
1335,33,2025-11-29,2,142.43,24.74,28.39
1336,24,2025-03-28,2,4968.24,876.28,777.13
1337,186,2025-09-26,4,2717.09,158.6,433.31
1338,106,2025-09-21,4,3763.34,305.71,804.78
1339,240,2025-09-24,3,808.38,55.39,99.27
1340,247,2025-09-03,2,2083.38,23.83,422.27
1341,165,2025-08-05,4,688.42,30.96,93.79
1342,163,2025-11-26,3,2619.74,67.71,253.4
1343,26,2025-06-13,5,4361.04,301.99,984.85
1344,72,2025-05-26,4,2651.7,106.66,615.75
1345,162,2025-08-26,1,730.89,28.85,67.72
1346,126,2025-04-13,1,175.63,25.27,21.11
1347,183,2025-11-22,3,961.2,42.48,102.44
1348,55,2025-11-13,2,3195.74,258.84,608.26
1349,94,2025-08-19,4,1869.27,41.48,263.34
1350,256,2025-06-21,3,2013.49,146.23,274.67
1351,77,2025-06-01,2,4812.02,362.61,457.27
1352,110,2025-02-12,4,213.23,13.75,34.75
1353,261,2025-03-15,2,2550.73,136.6,378.75
1354,232,2025-07-30,2,4409.56,750.51,561.62
1355,104,2025-02-24,4,4020.76,221.19,641.7
1356,14,2025-05-01,5,768.52,3.79,123.89
1357,75,2025-08-21,1,3903.21,686.13,538.88
1358,217,2025-10-21,4,1460.99,241.98,225.51
1359,57,2025-02-13,1,4523.52,707.85,554.64
1360,83,2025-05-31,4,3980.52,204.06,355.46
1361,84,2025-12-09,1,4883.84,84,572.61
1362,261,2025-12-21,5,3211.47,534.76,253.85
1363,119,2025-10-19,5,3202.33,549.64,561.47
1364,142,2025-03-24,3,4807.82,749.18,607.63
1365,256,2025-09-24,5,2083.72,142.76,286.27
1366,236,2025-06-03,5,213.23,15.94,27.07
1367,234,2025-11-14,1,1543.23,225.99,191.58
1368,25,2025-06-09,2,2126.98,271.6,279.28
1369,135,2025-08-14,5,3581.74,31.54,830.83
1370,90,2025-07-23,3,4628.93,160.89,744.23
1371,183,2025-04-10,3,3103.2,388.54,315.68
1372,10,2025-03-12,2,4659.62,450.48,716.92
1373,202,2025-06-12,5,3431.33,207.66,761.83
1374,74,2025-04-24,3,2044.72,399.88,137.12
1375,153,2025-10-19,1,720.74,49.48,146.03
1376,123,2025-06-24,4,183.26,28.46,16.59
1377,249,2025-11-07,3,2487.77,335.42,447.93
1378,34,2025-03-21,5,2378.93,445.35,353.94
1379,177,2025-09-30,3,3215.68,446.66,572.38
1380,111,2025-02-09,2,1401.84,70.19,324.05
1381,100,2025-12-13,2,454.62,45.14,100.18
1382,181,2025-05-15,5,1233.11,16.26,164.21
1383,108,2025-11-01,1,527.82,28.33,111.12
1384,120,2025-09-16,1,4624.32,719.39,565.24
1385,100,2025-08-01,2,2693.14,20.56,591
1386,89,2025-10-04,1,2292.69,32.93,529.08
1387,106,2025-05-04,5,4201.19,682.36,581.57
1388,98,2025-06-24,5,260.48,25.28,37.69
1389,200,2025-07-24,5,148.09,12.15,20.4
1390,135,2025-09-10,5,2989.07,128.48,634.4
1391,119,2025-02-10,1,2415.51,204.33,242.56
1392,132,2025-12-30,2,2174.9,318.16,432.22
1393,257,2025-04-02,2,1351.1,62.51,190.49
1394,84,2025-05-12,2,2384.05,415.23,394.98
1395,1,2025-02-16,5,2529.97,202.28,250.36
1396,178,2025-09-18,2,460.59,81.6,54.07
1397,64,2025-04-12,5,770.77,30.03,184.35
1398,89,2025-08-18,3,2887.65,449.12,455.91
1399,152,2025-08-27,1,4846.92,443.71,417.76
1400,104,2025-02-14,5,3233.79,17.2,454.03
1401,220,2025-11-21,1,458.27,1.75,69.27
1402,34,2025-04-08,5,454.11,22.43,67.41
1403,220,2025-12-03,4,431.57,78.25,86.17
1404,212,2025-05-11,2,558.85,97.74,84.71
1405,235,2025-07-25,5,3711.58,725.65,716.9
1406,214,2025-04-19,4,2168.26,71.39,493.57
1407,126,2025-08-29,2,4129.59,466.52,815.78
1408,194,2025-01-06,1,4773.02,511.08,570.44
1409,112,2025-05-23,5,4359.73,379.05,798.83
1410,90,2025-01-29,1,3601.22,519.02,272.02
1411,54,2025-02-17,4,4289.39,190.78,450.38
1412,196,2025-12-26,4,1672.99,130,154.97
1413,159,2025-11-12,4,1077.27,21.44,86.72
1414,51,2025-12-20,1,120.72,9.07,21.02
1415,138,2025-10-11,4,3737.15,276.3,522.46
1416,31,2025-07-13,5,3031.59,524.98,485.25
1417,184,2025-12-03,5,2525.75,312.47,431.53
1418,187,2025-12-21,5,2100.83,333.93,330.6
1419,90,2025-04-18,2,973.83,113.09,96.97
1420,163,2025-11-14,4,3290.15,624.89,558.7
1421,249,2025-06-08,4,4805.3,789.83,663.62
1422,27,2025-08-04,3,1443.76,33.29,152.96
1423,244,2025-07-09,5,2224.77,194.04,454.67
1424,75,2025-06-18,2,4023.76,130.41,378.19
1425,111,2025-08-31,2,4534.66,705.4,937.01
1426,147,2025-04-01,2,90.96,7.38,11.68
1427,74,2025-01-03,4,2392.38,102.63,245.71
1428,234,2025-02-01,5,1902.46,187.3,334.18
1429,209,2025-08-23,5,3915.92,696.18,799.54
1430,172,2025-04-08,3,1092.18,66.87,181.5
1431,81,2025-05-01,1,2229.23,266.8,197.26
1432,36,2025-07-28,2,4558.53,184.44,438.93
1433,186,2025-06-28,1,2660.85,393.19,517.25
1434,53,2025-06-20,5,3762.59,745.08,737.86
1435,45,2025-11-21,4,2823.77,287.69,487.16
1436,88,2025-05-11,1,1552.04,280.87,139.41
1437,150,2025-01-14,2,1904.44,95.1,176.72
1438,81,2025-06-15,1,4865.03,123.4,901.32
1439,203,2025-09-27,2,4851.5,15.69,483.76
1440,193,2025-10-21,4,262.96,43.32,25.43
1441,42,2025-05-26,5,4598.91,35.86,1011.11
1442,145,2025-09-27,5,3110.33,186.38,452.69
1443,57,2025-08-02,2,2870.47,457.11,206.12
1444,70,2025-08-08,4,1814.29,270.3,239.12
1445,221,2025-01-27,1,2312.19,310.4,298.95
1446,140,2025-11-02,5,1906.48,79.27,226.51
1447,147,2025-05-03,2,2475.04,404.75,195.46
1448,50,2025-07-21,3,2075.05,246,424.04
1449,252,2025-06-17,1,190.94,29.44,37.52
1450,242,2025-12-14,3,1502.53,35.25,247.72
1451,211,2025-10-06,2,1586.14,158.12,333.59
1452,112,2025-08-03,4,155.85,8.08,14.01
1453,93,2025-08-29,4,4984.72,592.14,457.42
1454,245,2025-04-16,1,1243.25,152.05,230.85
1455,5,2025-06-13,1,4284.09,163.51,451.33
1456,83,2025-10-06,1,4353.16,691.31,433.33
1457,140,2025-09-05,1,677.21,85.9,60.4
1458,89,2025-01-27,3,556.89,10.9,123.39
1459,98,2025-05-18,4,3642.36,635.05,662.36
1460,239,2025-05-10,4,3164.47,95.89,460.72
1461,27,2025-08-11,1,1901.05,315.36,143.09
1462,40,2025-01-24,1,3321.84,512.23,288.66
1463,145,2025-05-05,3,1599.02,228.69,317.54
1464,197,2025-01-26,4,3535.6,440.65,308.99
1465,22,2025-01-18,1,2435.08,483.49,312.67
1466,110,2025-05-04,4,2344.86,5.77,218.59
1467,74,2025-03-19,3,2403.77,163.02,477.42
1468,84,2025-10-14,4,3925.41,729.92,422.74
1469,258,2025-01-13,2,229.26,38.49,33.19
1470,194,2025-08-31,4,3230.86,26.02,482.67
1471,111,2025-08-24,2,4793.05,187.69,685.26
1472,95,2025-03-29,5,3252.2,439.59,277.19
1473,261,2025-09-26,3,3987.75,573.02,744.27
1474,235,2025-09-10,5,3608.23,43.9,288.02
1475,132,2025-08-09,4,580.4,66.54,114.57
1476,15,2025-07-31,3,3149.82,604.51,225.42
1477,45,2025-03-05,2,3156.72,68.19,320.06
1478,211,2025-06-23,5,1375.91,79.74,213.24
1479,162,2025-11-11,4,4324.27,413.82,449.26
1480,257,2025-12-21,1,892.3,170.23,71.03
1481,41,2025-06-03,4,1627.26,42.99,394.28
1482,132,2025-04-13,4,2293.91,374.49,242.68
1483,215,2025-07-17,2,276.82,34.54,30.44
1484,64,2025-01-14,2,3735.4,157.54,482.77
1485,122,2025-12-28,4,4314.04,143.4,657.36
1486,178,2025-05-22,2,1847.42,330.4,179.45
1487,101,2025-04-08,3,2328.32,321.57,205.97
1488,247,2025-05-15,1,2414.83,177.85,247.56
1489,211,2025-12-19,1,3757.76,725.68,753.91
1490,135,2025-04-02,4,1002.01,107.03,160.85
1491,30,2025-10-14,1,4073.06,402.34,659.04
1492,73,2025-01-10,3,3349.84,603.33,303.7
1493,211,2025-01-10,2,1134.39,180.59,174.3
1494,135,2025-04-06,5,4712.17,488.95,387.74
1495,177,2025-03-30,4,3106.78,291.16,469.25
1496,25,2025-01-03,4,1735.98,209.07,380.15
1497,4,2025-01-07,3,1145.58,153.84,236.11
1498,119,2025-12-09,1,3526.11,623,646.52
1499,212,2025-08-13,4,1934.71,372.3,267.32
1500,232,2025-06-09,5,3216.7,429.97,475.79
1501,46,2025-11-06,4,1480.95,62.56,116.23
1502,2,2025-04-29,2,1516.06,269.49,137.76
1503,191,2025-06-07,2,2036.32,275.59,211.24
1504,95,2025-03-26,3,1990.35,142.73,458.11
1505,70,2025-09-07,3,2796.25,259.42,284.59
1506,236,2025-08-31,2,74.77,9.36,14.67
1507,45,2025-07-14,3,973.62,35.11,222.46
1508,256,2025-07-21,3,715.83,70.3,113.3
1509,25,2025-02-25,4,4081.57,367.02,397.16
1510,209,2025-10-05,1,4043.32,432.18,840.66
1511,36,2025-09-06,3,1852.1,116.71,202.18
1512,151,2025-05-02,3,4780.33,532.82,1023.88
1513,9,2025-10-31,1,3714.75,136.05,420.9
1514,131,2025-01-10,4,4844.29,451.9,904.69
1515,80,2025-11-18,1,3957.75,629.81,631.87
1516,94,2025-09-05,3,1035.36,172.34,154.65
1517,179,2025-11-24,3,2296.23,164.25,397.28
1518,69,2025-09-05,5,968.36,125.6,209.82
1519,124,2025-01-10,5,1386.56,267.06,114.52
1520,30,2025-02-07,5,1471.92,112.88,168.87
1521,152,2025-04-22,2,3141.99,129.05,639.43
1522,25,2025-02-01,3,4834.37,684.74,397.85
1523,78,2025-11-20,1,2717.71,279.82,433.3
1524,173,2025-12-31,5,4054.65,200.26,801.41
1525,170,2025-04-13,4,1177.79,83.28,180.13
1526,259,2025-07-12,2,4355.46,11.29,514.67
1527,236,2025-01-14,3,3992.93,279.66,617.67
1528,47,2025-01-14,5,483.34,69.62,72.74
1529,32,2025-05-12,3,4934.38,846.65,474.95
1530,246,2025-07-18,1,719.55,104.69,119.01
1531,268,2025-10-14,5,3492.43,103.31,282.01
1532,234,2025-02-08,2,3576.85,549.83,587.19
1533,99,2025-02-26,2,3336.85,0.26,601.99
1534,168,2025-01-20,5,3658.22,192.85,701.71
1535,161,2025-11-04,1,274.61,21.87,56.24
1536,195,2025-10-25,3,2856.54,236.42,604.37
1537,203,2025-10-16,3,4713.59,37.73,525.45
1538,24,2025-05-09,2,2138.72,258.48,203.49
1539,23,2025-07-12,1,1081.82,159.24,186.69
1540,234,2025-12-11,5,4041.46,239.33,415.37
1541,38,2025-04-14,1,3783.31,192.99,539.65
1542,161,2025-08-28,1,3195.45,449.26,570.15
1543,44,2025-05-26,5,4899.95,532.76,673
1544,1,2025-01-08,2,1830.16,281.63,359.79
1545,249,2025-09-09,1,2464.26,470.53,425.3
1546,247,2025-11-09,3,2408.94,108.61,201.98
1547,42,2025-11-03,2,1922.1,340.62,304.41
1548,45,2025-08-17,1,3692.35,496.75,305.85
1549,17,2025-07-15,2,4229.32,264.23,549.44
1550,33,2025-09-30,3,3677.33,472.95,790.1
1551,77,2025-08-01,5,3936.4,595.1,312.31
1552,215,2025-10-04,2,2870.6,460.68,496.44
1553,264,2025-12-07,1,4366.79,722.79,328.12
1554,9,2025-01-06,5,4670.14,475.8,530.11
1555,181,2025-04-27,2,3197.02,518.06,514.41
1556,1,2025-02-07,3,3812.58,155.61,368.14
1557,4,2025-10-08,3,940.67,168.32,63.01
1558,23,2025-07-14,4,1009.52,85.93,156.84
1559,193,2025-10-14,1,3970.4,557.09,683.84
1560,188,2025-08-12,2,3434.93,413.15,695.01
1561,111,2025-05-05,3,208.8,24.36,22.46
1562,154,2025-09-28,1,1863.93,178.76,209.74
1563,48,2025-02-04,2,4010.68,286.14,435.72
1564,202,2025-09-24,3,343.25,5.58,81.97
1565,216,2025-11-30,1,760.76,109.62,156.13
1566,135,2025-02-05,2,922.16,46.86,86.28
1567,231,2025-10-25,1,570.5,79.04,53.68
1568,32,2025-06-11,4,3441.81,474.52,390.21
1569,222,2025-10-02,3,2307.08,66.9,471.54
1570,108,2025-06-11,4,831.22,16.77,74.99
1571,226,2025-03-05,2,3707.35,20.36,862.96
1572,119,2025-08-18,5,604.03,50.34,57.1
1573,20,2025-08-26,4,406.94,73.89,69.86
1574,257,2025-10-11,5,4155.7,591.37,353.89
1575,88,2025-10-22,3,1560.1,20.07,255.89
1576,240,2025-07-27,1,921.31,175.83,125.44
1577,242,2025-12-31,5,1760.79,62.52,310.56
1578,99,2025-05-22,2,296.2,33.72,49.69
1579,206,2025-01-03,2,3684.41,429.54,644.78
1580,101,2025-06-04,2,4410.32,780.18,748.53
1581,73,2025-02-13,3,1121.59,94.57,100.89
1582,26,2025-05-08,3,2307.18,244.74,365.16
1583,64,2025-10-13,5,659.26,9.9,66.91
1584,250,2025-12-02,3,1029.42,179.08,200
1585,189,2025-10-02,4,649.17,49.01,127.16
1586,102,2025-10-20,4,3963.39,284.88,562.01
1587,227,2025-07-06,5,3838.84,514.11,405.99
1588,185,2025-08-31,1,2533.65,77.84,246.61
1589,142,2025-02-13,5,4784.19,818.49,953.16
1590,53,2025-01-06,3,4040.81,50.92,511.65
1591,5,2025-03-13,4,1875.69,25.33,178.27
1592,44,2025-01-15,2,4769.65,283.79,547.01
1593,198,2025-04-27,3,3557.1,197.57,610.08
1594,76,2025-06-23,1,2754.59,165.58,611.23
1595,51,2025-02-13,5,3214.49,443.4,299.88
1596,61,2025-05-03,3,2214.25,409.52,229.36
1597,226,2025-11-21,2,3172.2,458.44,667.61
1598,247,2025-01-13,4,1062.12,36.2,251.54
1599,250,2025-07-24,3,1278.58,148.71,166.61
1600,263,2025-12-05,5,729.96,4.16,168.19
1601,219,2025-08-25,3,855.63,80.47,191
1602,258,2025-03-25,4,4796.53,121.31,691.97
1603,62,2025-09-27,2,4885,222.33,745.89
1604,147,2025-10-07,5,1328.68,254.04,87.03
1605,241,2025-01-09,5,2986.19,333.87,650.46
1606,82,2025-06-18,5,272.54,25.86,27.7
1607,89,2025-04-06,4,4798.27,644.28,365.05
1608,77,2025-07-05,1,399.18,38.7,58.16
1609,121,2025-05-03,3,3555.58,283.01,577.33
1610,25,2025-07-18,4,2479.49,172.82,395.73
1611,182,2025-12-02,2,2837.74,59.27,682.29
1612,171,2025-12-02,5,2324.37,190.44,483.73
1613,129,2025-01-14,1,1011.08,154.19,205.63
1614,254,2025-10-10,3,4623.89,737.45,889.47
1615,82,2025-01-02,5,1205.37,80.75,276.19
1616,73,2025-08-07,5,4715.15,771.17,731.44
1617,208,2025-05-01,1,298.55,24.44,49.63
1618,149,2025-02-11,3,307.57,8.2,24.79
1619,123,2025-06-10,1,419.61,12.05,64.04
1620,196,2025-03-25,3,2023.26,36.84,320.51
1621,118,2025-09-18,2,3984.26,266.22,866.76
1622,161,2025-01-28,3,2114.35,128.08,206.45
1623,214,2025-05-12,4,74.85,9.79,11.49
1624,233,2025-12-30,1,3568.01,41.43,672.4
1625,262,2025-09-30,5,4861.43,931.58,704.64
1626,8,2025-11-07,2,3428.1,550.23,580.36
1627,148,2025-07-28,4,1966,298.97,410.98
1628,138,2025-03-02,5,3351.23,182.68,350.39
1629,120,2025-12-16,5,645.29,101.3,121.31
1630,218,2025-08-08,2,54.77,7.71,5.81
1631,232,2025-05-14,3,3745.15,670.81,352.67
1632,120,2025-07-06,1,3742.67,425.26,760.92
1633,177,2025-08-01,4,4493,639.36,449.48
1634,69,2025-12-09,5,829.17,134.41,67.49
1635,23,2025-11-18,1,877.18,71.04,191.67
1636,222,2025-07-23,3,1727.99,327.44,290.11
1637,60,2025-07-21,2,3002.16,579.47,366.48
1638,75,2025-01-06,2,1349.87,92.37,132.57
1639,115,2025-05-26,2,2703.65,151.32,440.38
1640,138,2025-08-11,4,3482.59,437.45,599.53
1641,25,2025-04-23,1,2374.4,148.39,224.94
1642,228,2025-06-28,1,2211.23,117.41,210.91
1643,25,2025-04-28,2,2601.97,143.51,561.64
1644,59,2025-12-12,3,4378.49,130,600.29
1645,132,2025-07-29,3,2798.46,201.72,326.13
1646,122,2025-07-26,4,4589.62,366.63,382.03
1647,242,2025-07-27,3,4422.53,322.17,587.02
1648,252,2025-09-16,3,719.35,110.91,121.37
1649,43,2025-11-12,5,2936.13,540.62,457.91
1650,133,2025-05-15,1,248.29,36,39.11
1651,19,2025-04-09,3,1072.72,83.94,183.52
1652,50,2025-04-03,2,3869.96,567.12,517.16
1653,177,2025-04-28,3,201,0.75,35.94
1654,200,2025-12-13,1,656.09,2.83,59.71
1655,190,2025-03-23,4,1072.01,141.88,85.08
1656,216,2025-03-08,3,1075.35,166.27,149.07
1657,194,2025-06-15,3,4672.96,45.9,608.61
1658,212,2025-11-22,5,3442.45,358.49,532.13
1659,185,2025-04-05,5,4144.53,507.21,375.35
1660,137,2025-06-23,2,3898.17,36.42,808.22
1661,126,2025-08-16,1,4347.11,838.04,575.39
1662,9,2025-08-13,5,3931.25,504.62,767.83
1663,115,2025-11-24,1,4373.19,546.22,518.5
1664,183,2025-08-28,5,3656.98,686.85,621.14
1665,225,2025-08-21,2,2592.69,254.99,259.78
1666,18,2025-11-16,2,1199.83,180.15,99.49
1667,36,2025-06-13,5,1738.11,306.58,269.25
1668,123,2025-01-24,3,3136.17,620.23,269.72
1669,122,2025-01-04,1,2747.09,5.72,255.83
1670,229,2025-06-06,2,4996.82,807.64,372.69
1671,12,2025-03-18,4,1211.35,95.5,114.21
1672,86,2025-07-25,5,1352.05,118.3,220.82
1673,257,2025-10-18,4,2771.17,235.22,227.44
1674,78,2025-02-20,2,542.01,22.85,125.94
1675,44,2025-07-17,2,160.3,22.14,13.8
1676,46,2025-08-24,1,1964.87,212.94,207.04
1677,161,2025-05-27,4,3400.16,3.61,793.15
1678,242,2025-07-28,1,1297.69,197.06,119.89
1679,256,2025-06-28,5,3322.88,186.19,352.49
1680,174,2025-06-04,3,2877.65,309.46,256.45
1681,124,2025-03-12,3,4983.66,638.1,629.96
1682,180,2025-09-24,3,2390.02,283.46,268.29
1683,63,2025-01-24,5,1450.06,229.45,270.31
1684,75,2025-08-27,5,2503.73,410.11,413.39
1685,112,2025-08-19,4,939.89,95.27,88.81
1686,265,2025-10-02,3,385.98,41.32,79.55
1687,238,2025-01-24,5,3892.43,501.53,702.49
1688,106,2025-06-01,4,2225.41,366.1,239.56
1689,227,2025-09-25,4,1289.25,61.03,271.86
1690,2,2025-07-24,5,1875.14,328.11,204.84
1691,200,2025-03-26,3,385.31,56.12,47.01
1692,115,2025-10-23,4,4383.56,778.53,797.07
1693,6,2025-04-22,3,3559.93,290.74,808.11
1694,102,2025-03-19,1,827.53,127.59,122.48
1695,190,2025-12-02,5,64.12,2.27,12.29
1696,67,2025-09-11,5,1438.73,106.12,134.33
1697,242,2025-09-30,3,3625.58,656.8,683.04
1698,8,2025-08-29,3,489.18,3.77,114.15
1699,60,2025-12-16,4,3124.01,25.79,719.37
1700,85,2025-01-06,3,3013.87,176.63,636.61
1701,193,2025-08-13,5,2627.37,343.37,189.63
1702,43,2025-03-22,2,4496.43,182.19,425.96
1703,48,2025-01-26,5,1163.21,127.6,135.49
1704,117,2025-04-12,5,2123.34,277.63,267.23
1705,227,2025-04-02,1,2737.74,17.32,335.66
1706,197,2025-12-02,5,4510.48,539.36,617.74
1707,150,2025-11-30,5,3143.92,429.95,371.64
1708,141,2025-11-25,5,4533.64,554.1,955.42
1709,20,2025-07-12,3,4204.88,130.08,870.16
1710,158,2025-03-10,3,4843.47,961.14,725.96
1711,72,2025-06-19,5,4339.04,38.4,918.18
1712,93,2025-09-23,2,1240.66,61.71,240.59
1713,144,2025-07-03,2,4336.26,632.23,351.58
1714,183,2025-09-19,1,2021.83,159.48,445.82
1715,51,2025-10-22,2,2410.01,62.62,467.44
1716,16,2025-10-08,4,322.12,27.02,41.82
1717,266,2025-08-13,1,4316.28,70.87,346.44
1718,184,2025-08-22,1,895.27,106.8,144.56
1719,78,2025-06-02,2,3520.68,211.82,474.86
1720,85,2025-08-28,1,2765.57,171.19,433.52
1721,265,2025-03-19,4,2520.72,121.58,289.94
1722,122,2025-12-14,4,560.36,47.38,108.78
1723,6,2025-02-07,1,1773.74,199.88,254.21
1724,239,2025-03-22,3,788.62,75.41,78.42
1725,66,2025-10-31,3,4151.18,518.01,506.61
1726,38,2025-01-30,5,4519.62,633.93,654.69
1727,265,2025-04-24,1,3753.68,281.04,846.7
1728,262,2025-07-08,4,1361.91,257.27,170.07
1729,200,2025-07-24,1,4204.63,374.28,557.29
1730,3,2025-09-30,1,4921.82,737.31,908.28
1731,85,2025-06-12,2,2854.58,104.26,285.55
1732,257,2025-08-14,1,4899.53,221.2,1089.24
1733,80,2025-02-27,5,892.54,109.29,154.53
1734,108,2025-10-12,5,320.15,21.05,31.1
1735,198,2025-12-09,4,4080.63,681.99,327.61
1736,23,2025-03-27,4,1439.66,28.31,233.39
1737,69,2025-05-28,1,3216.23,610.19,366.01
1738,128,2025-07-11,2,732.29,133.31,70.31
1739,256,2025-01-30,2,2232.67,400.41,432.11
1740,199,2025-02-06,2,2649.85,351.14,560.11
1741,251,2025-08-03,3,2207.74,55.57,236.12
1742,154,2025-08-17,5,468.62,39.05,44.09
1743,236,2025-12-09,4,357.78,45.77,69.88
1744,220,2025-06-09,5,3609.64,184.57,664.26
1745,66,2025-11-14,3,4294.24,245.55,956.52
1746,161,2025-08-22,3,977.26,81.32,79.25
1747,9,2025-04-14,1,258.59,30.02,54.25
1748,207,2025-07-17,4,2765.33,390.16,485.19
1749,230,2025-05-19,1,1490.36,3.16,273.41
1750,132,2025-12-08,2,1274.39,201.37,252.1
1751,214,2025-03-20,1,3795.81,563.88,454.84
1752,251,2025-10-18,2,3661.65,463.41,275.8
1753,52,2025-11-27,1,1920.25,194.17,278.97
1754,65,2025-10-12,1,1979.99,235.59,366.54
1755,204,2025-12-07,5,1714.15,317.8,189.3
1756,260,2025-02-13,3,3518.04,644.86,410.37
1757,124,2025-10-27,3,4359.52,402.89,583.18
1758,40,2025-06-30,2,3683.16,310.25,289.02
1759,151,2025-06-15,3,767.93,151.18,148.81
1760,83,2025-05-21,2,2546.05,211.63,522.25
1761,99,2025-08-08,5,2972.51,314.03,318.68
1762,208,2025-08-06,2,972.37,133.98,75.02
1763,227,2025-05-05,2,4149.66,235.5,941.5
1764,37,2025-05-22,2,2943.71,562.08,279.68
1765,146,2025-02-01,2,2567.06,305.76,224.65
1766,88,2025-06-08,3,3489.4,691.72,639.05
1767,154,2025-05-23,3,535.03,58.76,89.59
1768,215,2025-08-01,2,3682.97,533.98,782.91
1769,185,2025-07-15,1,2089.12,148.53,196.75
1770,265,2025-06-05,2,2401.73,136.55,530.6
1771,105,2025-05-14,4,509.86,59.07,62.52
1772,244,2025-04-08,4,4375.74,459.57,448.51
1773,84,2025-06-16,5,1409.45,248.08,264.48
1774,252,2025-12-10,4,3903.63,184.01,396.84
1775,201,2025-03-08,5,4038.88,286.59,721.31
1776,83,2025-10-07,1,4107.62,441.46,859.45
1777,257,2025-06-12,3,3160.53,401.73,230.43
1778,116,2025-07-28,1,1874.87,286.78,217.96
1779,234,2025-12-17,1,1406.52,232.72,241.7
1780,195,2025-08-15,3,3779.59,47.96,526.25
1781,136,2025-09-22,1,350.18,9.6,66.02
1782,186,2025-12-27,1,2293.96,219.77,300.68
1783,242,2025-10-11,5,4621.32,636.76,746.3
1784,181,2025-03-23,4,3020.23,559.47,298.8
1785,194,2025-09-29,1,4332.35,525.98,724.64
1786,95,2025-12-08,4,2373.9,134.01,428.41
1787,137,2025-01-10,4,2545.68,185.43,584.76
1788,93,2025-12-19,3,455.54,18.32,50.5
1789,158,2025-04-15,4,2198.45,274.02,308.26
1790,2,2025-12-31,4,2794.65,59.77,666.4
1791,149,2025-05-01,1,3375.7,449.15,570.45
1792,43,2025-11-09,3,3890.6,53.85,552.95
1793,193,2025-09-27,5,2042.66,364.16,345.01
1794,128,2025-08-05,1,4129.6,284.03,766.63
1795,141,2025-07-05,3,1500.74,156.77,275.3
1796,242,2025-05-03,2,2995.15,267.69,681.27
1797,89,2025-01-23,5,3030.18,451.36,494.79
1798,157,2025-11-29,3,1919.21,135.88,197.38
1799,145,2025-08-11,2,4813.98,104.5,648.37
1800,73,2025-04-28,3,841.25,8.44,136.69
1801,196,2025-01-16,1,1212.83,32.19,150.27
1802,85,2025-01-25,1,177.35,18.69,24.88
1803,143,2025-01-13,2,388.59,33.46,50.97
1804,240,2025-08-27,5,3162.65,0.17,294.07
1805,36,2025-04-14,2,580.88,98.16,57.34
1806,15,2025-12-27,2,2010.59,242.37,152.43
1807,145,2025-06-18,2,4059.08,794.93,397.29
1808,70,2025-02-07,5,1278.03,142.52,184.95
1809,72,2025-04-08,5,4892.18,242.83,756.91
1810,124,2025-06-20,3,604.18,27.68,134.65
1811,75,2025-10-10,4,220.84,43.74,33.41
1812,143,2025-01-16,5,4949.41,448.41,633.65
1813,50,2025-12-02,2,4198.78,832.04,574.43
1814,240,2025-01-13,3,2020.95,118.99,426.78
1815,160,2025-02-22,2,3599.81,367.76,703.92
1816,167,2025-03-05,2,2403.92,310.42,467.23
1817,172,2025-12-10,3,3532.11,502.48,511.42
1818,223,2025-05-21,2,1880.55,243.07,192.92
1819,255,2025-06-15,3,1212.35,37.08,177.7
1820,79,2025-10-05,5,2226.68,156.91,457.97
1821,254,2025-10-04,5,1675.86,194.57,249.19
1822,260,2025-01-24,4,502.56,29.8,114.98
1823,36,2025-01-09,5,3524.02,9.8,427.43
1824,188,2025-10-23,1,3881.47,469.5,671.04
1825,149,2025-03-07,3,4650.65,809.44,522.83
1826,234,2025-03-11,2,1610.6,131.07,196.97
1827,1,2025-04-02,1,2981.86,26.19,429.52
1828,152,2025-06-28,2,3957.55,606.23,443.84
1829,159,2025-02-10,1,1797.41,231.74,250.71
1830,2,2025-10-20,5,2859.68,311.58,287.07
1831,215,2025-08-15,4,1331.11,232.31,151.75
1832,114,2025-10-16,1,557.31,101.8,57.18
1833,262,2025-11-02,2,2347.33,310.41,495.83
1834,80,2025-10-08,5,4136.83,93.89,869.67
1835,246,2025-01-03,1,4691.9,367.65,353.87
1836,164,2025-07-25,2,1757.63,81.28,137.35
1837,42,2025-11-17,2,103.57,5.63,21.21
1838,229,2025-07-16,4,2642.43,252.59,414.75
1839,69,2025-07-18,2,4630.98,252.74,1088.53
1840,47,2025-06-22,2,239.21,44.65,27.27
1841,68,2025-07-04,5,4523.9,744.15,490.98
1842,147,2025-10-18,3,3440.74,283.91,620.05
1843,155,2025-12-04,2,1410.24,78.63,188.48
1844,134,2025-01-14,1,3270.16,541.73,408.8
1845,21,2025-03-14,1,743.52,5.1,135.08
1846,146,2025-01-22,1,2754.17,101.15,398.5
1847,82,2025-07-21,3,4381.6,377.36,872.8
1848,39,2025-01-01,3,2407.7,394.04,233.88
1849,202,2025-03-09,5,1387.44,29.24,129.22
1850,206,2025-03-26,4,268.74,38.78,53.38
1851,142,2025-04-18,4,2649.88,416.91,245.11
1852,129,2025-12-15,2,4235.15,19.59,380.72
1853,35,2025-12-07,3,887.93,61.15,177.63
1854,265,2025-11-24,4,475.77,62.29,34.42
1855,130,2025-03-28,3,3093.41,133.76,436.37
1856,86,2025-06-08,4,2388.18,129.38,537.08
1857,183,2025-05-28,4,1993.91,117.26,353.69
1858,1,2025-07-23,1,1946.09,113.67,160.85
1859,175,2025-11-13,4,1373.97,95.88,131.15
1860,114,2025-05-28,4,3612.18,495.92,435.76
1861,248,2025-12-22,2,356.4,10.11,83.28
1862,61,2025-09-20,2,984.49,173.19,125.05
1863,213,2025-02-19,1,2937.15,303.21,348.2
1864,18,2025-10-24,1,1985.2,59.43,386.6
1865,147,2025-06-05,2,2798.58,264.77,347.37
1866,21,2025-04-05,2,3878.88,493.05,501.19
1867,18,2025-03-04,1,2419.58,373.7,332.26
1868,104,2025-12-09,2,2037.31,271.73,261.85
1869,82,2025-07-12,4,4747.71,798.82,978.61
1870,77,2025-02-20,2,3966.82,781.87,404.84
1871,251,2025-05-16,5,862.64,153.83,98
1872,232,2025-04-19,3,4717.47,732.46,679.94
1873,9,2025-10-25,2,2414.97,100.06,250.09
1874,96,2025-04-21,4,4217.51,722.3,585.28
1875,171,2025-09-26,5,4078.16,108.83,800.15
1876,254,2025-07-05,4,654.64,25.43,57.13
1877,265,2025-12-21,1,2837.83,527.56,422.01
1878,268,2025-06-20,3,2959.39,519.02,251.15
1879,159,2025-08-23,1,1990.92,39.1,388.87
1880,177,2025-11-22,1,4458.92,480.79,606.9
1881,94,2025-09-11,5,2690.87,415.93,563.04
1882,24,2025-11-09,5,2222.25,257.7,443.89
1883,177,2025-12-21,2,1835.78,213.1,344.9
1884,81,2025-09-19,3,3369.41,523.37,319.54
1885,185,2025-06-05,2,310.9,33.03,25.37
1886,23,2025-06-01,3,3189.02,17.34,340.32
1887,234,2025-01-25,1,3077.58,338.44,520.25
1888,139,2025-02-17,5,2579.87,483.55,390.3
1889,246,2025-08-18,3,3290.77,155.55,276.92
1890,89,2025-10-30,5,1241.32,230.3,124.31
1891,132,2025-12-09,4,4604.63,140.47,936.9
1892,256,2025-10-27,3,2622.08,284.58,438.74
1893,110,2025-12-09,5,4199.38,729.83,499.12
1894,237,2025-03-12,1,1244.48,77.58,177.27
1895,208,2025-08-07,2,4615.15,712.48,519.34
1896,152,2025-12-17,4,2928.7,68.78,508.48
1897,126,2025-01-12,2,4533.75,217.63,904.58
1898,141,2025-09-16,4,109.49,14.67,13.67
1899,61,2025-05-22,4,2916.03,341.61,568.68
1900,129,2025-07-24,2,4567.17,306.23,412.77
1901,53,2025-02-28,5,4489.49,223.17,354.18
1902,160,2025-02-27,3,1977.01,355.09,302.58
1903,61,2025-02-19,1,1929.5,6.1,414.57
1904,250,2025-09-19,4,2175.82,264.75,184.19
1905,172,2025-04-22,5,571.7,76.52,99
1906,13,2025-06-21,2,822.81,151.51,118.31
1907,106,2025-07-21,1,838.3,111.25,152.85
1908,219,2025-10-11,5,1306.99,172.06,112.49
1909,177,2025-12-22,2,2956.12,66.35,642.77
1910,88,2025-04-28,4,3910.43,668.39,576.09
1911,2,2025-03-22,2,4530.2,561.27,505.75
1912,101,2025-06-23,3,445.24,47.32,39.69
1913,246,2025-03-31,2,655.25,78.96,95.81
1914,241,2025-03-03,3,113.92,0.51,25.07
1915,38,2025-05-08,3,4030.51,412.57,483.08
1916,226,2025-01-22,5,818.01,14.56,180.85
1917,169,2025-02-26,3,176.17,17.55,27.78
1918,212,2025-01-20,4,4433.58,573.75,385.84
1919,199,2025-09-25,2,2409.74,39.94,518.67
1920,90,2025-07-24,4,2399.6,320.62,490.08
1921,127,2025-07-03,2,662.14,88.04,132.52
1922,214,2025-09-18,5,2553.26,492.08,249
1923,99,2025-07-04,1,210.76,10.65,23.51
1924,83,2025-11-11,5,1471.47,71.06,317.62
1925,242,2025-10-25,3,1981.73,222.79,174.51
1926,230,2025-05-26,1,3074.78,571.55,416.39
1927,188,2025-02-08,4,2436.88,318.9,189.58
1928,33,2025-06-21,5,3632.86,713.79,359.25
1929,10,2025-11-06,4,3528.01,364.75,640.82
1930,55,2025-06-03,4,4025.91,403.3,849.24
1931,258,2025-05-05,1,1375.94,91.79,261.77
1932,69,2025-10-03,4,1883.48,357.35,311.96
1933,208,2025-07-09,1,266.66,38.79,21.24
1934,50,2025-07-14,4,3261.99,34.25,352.21
1935,27,2025-09-05,1,206.72,9.32,46.57
1936,174,2025-02-05,3,57.95,9.54,11.07
1937,124,2025-07-06,2,160.8,24.74,22.31
1938,75,2025-07-05,5,3310.73,99.32,657.5
1939,225,2025-12-30,4,1933.07,163.73,188.24
1940,190,2025-05-20,3,3440.22,223.99,720.98
1941,104,2025-11-21,5,3086.69,290.92,407.38
1942,24,2025-10-08,3,435.86,54,87.76
1943,51,2025-08-01,1,4159.31,387.05,413.48
1944,147,2025-07-17,3,621.24,78.07,117.39
1945,203,2025-05-17,1,2859.44,419.82,565.24
1946,138,2025-01-09,2,1180.61,36.72,202.12
1947,130,2025-08-13,1,1628.44,252.63,170.13
1948,72,2025-08-20,2,400.05,30.58,41.44
1949,94,2025-11-01,4,2343.68,383.18,259.14
1950,161,2025-03-17,3,1913.68,60.95,273.1
1951,97,2025-10-15,4,3805.56,363.18,426.19
1952,69,2025-05-05,5,4931.17,394.31,869.27
1953,102,2025-03-24,1,3725.57,116.59,812.28
1954,88,2025-12-05,4,2255.79,301.18,375.75
1955,131,2025-12-24,4,3796.26,678.95,314.27
1956,8,2025-12-29,1,1560.06,110.05,213.12
1957,184,2025-12-26,2,486.42,51.93,47.55
1958,60,2025-07-24,2,2881.03,449.42,314.71
1959,140,2025-06-03,4,2859.07,253.59,227.43
1960,98,2025-02-09,4,3837.34,506.43,738.6
1961,106,2025-05-29,1,1251.85,53.99,288.19
1962,59,2025-11-03,5,2849.3,71.08,680.13
1963,31,2025-12-07,5,2210.39,316.39,363.1
1964,80,2025-05-12,1,471.79,10.44,47.96
1965,131,2025-11-07,1,4594.42,445.35,381.01
1966,228,2025-01-01,5,4221.65,395.38,675.16
1967,56,2025-11-13,5,3441.31,558.04,506.35
1968,115,2025-03-15,5,3099.18,490.19,506.02
1969,178,2025-10-05,2,3990.53,422.7,738.82
1970,25,2025-10-03,1,4464.28,354.61,627.9
1971,268,2025-04-04,3,1603.89,14.89,255.27
1972,88,2025-09-07,2,4647,434.29,720.03
1973,36,2025-08-12,5,4919.31,498.96,488.39
1974,142,2025-09-15,3,1345.63,26.03,211.2
1975,42,2025-10-11,3,4797.59,845.77,850.1
1976,130,2025-07-08,2,3067.64,170.46,597.05
1977,36,2025-08-19,1,2841.1,39.96,243.9
1978,85,2025-05-06,4,1437.87,267.74,169.91
1979,215,2025-04-17,1,4461.25,627.38,947.13
1980,233,2025-02-16,5,3047.54,374.99,460.92
1981,111,2025-05-14,4,1766.49,128.19,381.57
1982,127,2025-12-15,3,3362.04,369.59,680.26
1983,206,2025-04-09,3,2062.49,202.96,165.85
1984,138,2025-04-04,1,175.45,30.85,20.16
1985,159,2025-03-03,1,925.99,81.76,119.02
1986,92,2025-03-31,3,511.2,26.13,59.35
1987,126,2025-03-16,1,797.38,46.66,81.3
1988,138,2025-03-15,5,906.95,67.66,165.12
1989,108,2025-06-17,1,2710.75,193.33,373.58
1990,160,2025-05-03,1,2279.63,371.68,332.99
1991,195,2025-07-16,4,2715.81,364.69,535.58
1992,107,2025-07-17,3,4688.93,271.96,837.58
1993,190,2025-02-22,1,85.77,0.64,11.31
1994,261,2025-09-24,3,1623.71,34.36,169.82
1995,164,2025-03-30,3,2003.29,114.31,348.72
1996,3,2025-08-04,2,787.79,116.43,147.41
1997,87,2025-03-22,4,4861.94,575.97,621.4
1998,245,2025-07-29,1,104.64,11.24,17.13
1999,263,2025-09-16,1,3803.56,673.81,659.23
2000,254,2025-04-03,3,2901.45,523.53,305.34
2001,240,2025-10-06,2,923.2,135.89,118.12
2002,51,2025-03-21,3,166.63,22.17,31.08
2003,131,2025-03-06,2,2777.12,539.6,447.52
2004,216,2025-09-24,3,3626.42,386.22,696.14
2005,182,2025-03-07,4,3161.5,512.4,494.85
2006,139,2025-01-25,3,3956.75,469.82,472.13
2007,253,2025-05-18,5,668.66,99.48,47.37
2008,18,2025-03-05,5,2406.33,356.35,389.62
2009,230,2025-03-30,3,2372.39,426.38,252.29
2010,21,2025-03-17,5,3133.05,365.43,620.22
2011,241,2025-04-16,1,2720.59,215.51,426.9
2012,36,2025-03-09,5,4957.8,348.19,758.48
2013,191,2025-08-09,3,1059.55,144.41,206.09
2014,161,2025-04-30,3,181.22,0.49,22.97
2015,266,2025-08-13,4,1952.7,328.11,300.75
2016,155,2025-08-03,5,2685.13,231.44,438.09
2017,240,2025-11-19,5,3545.39,347.57,336.33
2018,149,2025-02-17,2,2226.98,174.03,430.98
2019,198,2025-10-26,5,3160.1,241.64,554.76
2020,250,2025-05-17,1,673.83,92.27,117
2021,222,2025-07-11,5,578.76,47.71,88.21
2022,26,2025-11-25,5,3407.56,122.44,601.84
2023,23,2025-12-27,3,2738.35,314.34,353
2024,28,2025-07-10,5,1372.21,205.71,157.47
2025,45,2025-01-27,3,3097.68,472.91,406
2026,198,2025-10-02,5,3298.24,633.67,460.92
2027,110,2025-02-08,5,4997.81,3.69,1210.78
2028,258,2025-07-03,2,520.38,52.63,41.13
2029,48,2025-10-26,1,1611.54,41.6,229.65
2030,6,2025-04-04,1,1345.97,239.08,210.47
2031,118,2025-09-11,2,212,42.19,17.52
2032,120,2025-03-17,3,1735.51,13.11,382.12
2033,60,2025-05-18,5,1778.35,156.83,368.73
2034,108,2025-09-07,5,3078.28,212.72,531.38
2035,48,2025-07-20,1,4967.85,293,421.9
2036,227,2025-12-10,2,4740.91,629.72,360.41
2037,202,2025-03-16,2,2279.39,428.61,393.55
2038,150,2025-08-22,3,3113.77,449.39,359.12
2039,215,2025-04-06,5,1999.55,68.91,172
2040,6,2025-12-26,2,2278.64,400.48,430.18
2041,2,2025-04-07,4,1574.14,238.22,138.2
2042,67,2025-03-13,4,3262.85,192.76,458.81
2043,207,2025-04-04,3,3161.53,110.33,547.48
2044,12,2025-08-18,2,1628.51,114.66,193.74
2045,179,2025-01-11,5,3312.84,463.66,247
2046,156,2025-03-16,3,1753.44,48.66,212.42
2047,136,2025-03-30,2,766.54,43.32,175.07
2048,261,2025-07-23,5,2425.69,179,400.45
2049,149,2025-06-13,1,4379.62,482.74,897.02
2050,125,2025-10-16,5,1128.27,181.79,177.49
2051,216,2025-12-10,2,2561.84,143.46,526.42
2052,222,2025-05-23,1,769.08,14.09,69.96
2053,139,2025-08-21,4,4178.88,616.45,328.34
2054,230,2025-04-30,4,2597.95,436.49,425.14
2055,110,2025-05-17,4,4576.09,383.26,395.2
2056,231,2025-12-18,4,3171.25,99.21,496.91
2057,108,2025-02-09,2,2723.36,215.47,433.54
2058,183,2025-02-10,2,3075.9,451.31,536.13
2059,254,2025-08-07,3,2933.59,395.64,522.87
2060,252,2025-01-04,2,253.23,33.3,33.21
2061,161,2025-04-14,2,4743.48,911.83,451.43
2062,222,2025-03-29,2,610.94,91.89,78
2063,219,2025-01-09,1,2607.62,472.5,258.67
2064,34,2025-10-16,5,1088.17,113.46,161.44
2065,209,2025-11-03,2,3230.52,511.1,319.04
2066,103,2025-05-26,2,624.52,59.06,79.5
2067,207,2025-05-20,4,1259.9,13.42,218.48
2068,6,2025-09-13,5,3417.1,591.43,585.43
2069,204,2025-03-30,1,819.85,104.36,175.17
2070,224,2025-11-26,4,1650.44,248.21,230.02
2071,204,2025-12-11,2,2390.11,107.31,190.32
2072,249,2025-04-02,5,3782.04,736.45,558.63
2073,233,2025-03-13,1,1082.61,159.62,77.81
2074,207,2025-12-01,2,4951.65,457.41,1001.46
2075,156,2025-12-30,4,4083.36,429.88,861.47
2076,163,2025-07-19,1,1572.29,98.78,271.57
2077,125,2025-07-08,3,1118.2,37.2,144.07
2078,33,2025-01-03,3,3177.68,199.43,692.59
2079,236,2025-07-31,2,2364.81,207.09,303
2080,133,2025-07-22,2,1109.1,71.52,91.42
2081,49,2025-11-01,4,2362.4,468.76,337.32
2082,199,2025-11-18,5,387.07,74.67,39.28
2083,135,2025-10-30,2,87.81,11.88,17.55
2084,162,2025-10-30,2,2404.64,328.97,384.7
2085,139,2025-02-03,1,4531.2,72.74,902.66
2086,218,2025-11-16,4,1332.75,220.21,171.66
2087,244,2025-06-16,5,3594.56,0.69,380.24
2088,231,2025-10-05,1,3149.09,191.67,567.71
2089,148,2025-03-05,3,3037.1,540.44,474.17
2090,163,2025-01-01,4,2005.26,39.78,245.82
2091,236,2025-07-03,2,2348.18,230.18,313.92
2092,256,2025-11-12,5,2244.57,7.88,449.81
2093,141,2025-11-10,5,3426.19,598.86,651.4
2094,82,2025-05-29,4,3567.23,227.98,816.88
2095,31,2025-07-08,3,1892.21,107.73,416.65
2096,195,2025-01-12,5,167.81,21.81,15.67
2097,105,2025-11-04,1,1492.52,127.7,247.89
2098,175,2025-03-31,2,4481.36,282.54,602.82
2099,165,2025-08-26,3,893.22,54.21,159.03
2100,161,2025-12-27,4,1369.23,41.7,283.32
2101,59,2025-04-19,1,4467.66,47.68,869.86
2102,239,2025-07-09,4,2298.74,446.67,309.43
2103,14,2025-07-19,2,558.19,6.41,137.48
2104,14,2025-09-05,1,3679.24,252.85,817.01
2105,71,2025-06-06,4,4005.6,352.59,779.2
2106,172,2025-10-10,1,2976.71,289.4,478.56
2107,27,2025-02-26,2,4983.52,56.27,688.45
2108,203,2025-11-03,3,1711.9,338.25,229.35
2109,104,2025-04-17,4,947.45,69.44,160.65
2110,171,2025-05-24,3,946.65,174.4,151.69
2111,87,2025-07-29,4,4819.51,740.95,649.71
2112,99,2025-08-31,3,3036.17,0.98,615.46
2113,195,2025-07-16,2,1774.57,283.54,311.24
2114,143,2025-03-02,5,2270.4,34.68,374.43
2115,93,2025-08-13,4,205.97,26.66,38.64
2116,79,2025-01-28,3,378.55,12.21,50.07
2117,190,2025-11-30,3,3150.14,168.82,314.41
2118,211,2025-04-26,2,2260.69,216.91,173.25
2119,133,2025-09-15,2,398.94,9.25,46.54
2120,90,2025-05-27,3,2086.82,111.46,412.09
2121,123,2025-09-14,4,3392.13,627.21,337.14
2122,79,2025-03-31,3,3240.16,535.52,394.88
2123,224,2025-07-03,5,4734.68,450.12,663.14
2124,109,2025-10-20,3,2419.42,121.2,219.13
2125,4,2025-11-01,4,3591.84,432.46,284.07
2126,68,2025-09-30,3,2454.5,98.54,206.79
2127,176,2025-04-06,5,4207.22,446.47,905.78
2128,216,2025-02-23,2,4154.59,517.13,440.5
2129,201,2025-04-03,3,4989.47,712.46,605.24
2130,45,2025-09-25,3,4289.05,253.76,407.3
2131,41,2025-06-25,4,872.15,144.89,164.91
2132,19,2025-03-20,5,3626.98,8.44,314.8
2133,121,2025-01-10,1,3389.57,72.12,311.15
2134,22,2025-07-04,5,4699.88,382.02,418.88
2135,39,2025-04-28,3,3093.41,592.5,260.86
2136,18,2025-02-04,4,3340.75,194.44,504.31
2137,90,2025-04-01,2,4718.72,47.55,475.69
2138,43,2025-10-11,4,1278.14,98.47,264.47
2139,190,2025-06-06,4,4760.06,395.45,941.1
2140,183,2025-12-19,1,2050.26,112.72,389.93
2141,74,2025-05-25,1,772.76,59.68,149.55
2142,204,2025-06-13,3,294.89,58.47,57.87
2143,162,2025-02-10,2,2249.72,160.36,347.46
2144,19,2025-12-18,1,964.96,90.63,79.33
2145,230,2025-08-25,2,3525.42,457.44,759.27
2146,156,2025-08-02,5,4265.17,347.87,491.24
2147,57,2025-12-11,1,4195,498.76,493.41
2148,50,2025-08-13,4,2651.9,371.01,204.33
2149,30,2025-12-31,5,4347.77,526.25,341.45
2150,245,2025-07-13,4,4787.4,470.95,1048.28
2151,106,2025-10-15,2,4420.35,808.6,701.01
2152,218,2025-03-16,5,358.81,62.55,62.76
2153,159,2025-12-29,1,1187.98,206.52,83.02
2154,76,2025-02-06,2,679.53,49.36,141.41
2155,208,2025-09-17,2,2853.5,203.78,506.04
2156,98,2025-01-24,3,1217.12,97.44,144.46
2157,108,2025-09-11,1,3441.84,250.59,311.86
2158,237,2025-07-27,2,4011.6,122.13,551.73
2159,115,2025-07-26,2,4978.92,77.43,787.4
2160,186,2025-02-07,2,2344.52,436.48,180.76
2161,215,2025-11-17,3,1351.69,95.13,150.37
2162,62,2025-07-09,1,2359.46,292.4,221.6
2163,112,2025-11-29,1,2797.03,319.33,200.4
2164,208,2025-06-24,2,4107.86,385.49,863.5
2165,35,2025-09-25,2,1321.78,173.33,216.2
2166,182,2025-05-30,5,3901.18,284.98,787.18
2167,27,2025-05-08,5,2403.89,77.78,502.35
2168,109,2025-05-13,3,4956.16,239.49,812.56
2169,169,2025-02-26,3,3669.98,474.95,279.69
2170,149,2025-06-24,4,3053.33,201.39,254.55
2171,207,2025-04-07,1,135.04,23.68,21.9
2172,250,2025-06-25,1,419.78,4.06,103.2
2173,126,2025-09-21,1,4992.27,605.87,579.59
2174,97,2025-11-13,3,69.12,3.26,14.2
2175,161,2025-02-20,2,693.78,97.82,47.77
2176,79,2025-08-09,1,873.65,145.65,180.07
2177,76,2025-04-07,1,3049.8,404.04,387.26
2178,12,2025-11-12,3,2227.31,181.63,489.89
2179,119,2025-09-11,1,3983.41,584.83,739.92
2180,4,2025-06-06,3,1345.9,112.7,109.37
2181,105,2025-09-07,4,4454.74,703.98,652.75
2182,63,2025-07-18,3,139.81,27.86,25.69
2183,32,2025-11-12,1,3585.33,384.95,614.77
2184,266,2025-09-07,5,4248.24,840.03,617.94
2185,180,2025-07-25,1,338.26,57.6,54.99
2186,16,2025-08-11,3,477.79,25.86,88.69
2187,238,2025-12-11,1,836.85,166.61,119.43
2188,232,2025-09-09,3,1627.37,35.56,201.28
2189,71,2025-07-14,3,4900.21,562.01,896.17
2190,228,2025-10-16,2,1940.72,192.83,236.84
2191,157,2025-03-12,2,2668.49,30.79,555.79
2192,24,2025-08-22,4,2233.76,187.67,335.35
2193,42,2025-10-17,1,342.88,8.22,75.08
2194,23,2025-03-07,1,1024.66,89.51,140.95
2195,52,2025-03-27,3,3103.16,547.98,258.77
2196,248,2025-02-28,2,770.98,100.69,73.92
2197,36,2025-01-04,2,2098.68,403.57,203.91
2198,22,2025-02-22,5,3171.36,239.74,503.49
2199,108,2025-04-28,3,4875.98,465.74,457.3
2200,99,2025-12-27,3,2315.57,220.67,451.13
2201,27,2025-12-06,3,1118.15,146.76,99.8
2202,69,2025-10-30,5,4074.75,619.99,359.99
2203,124,2025-05-31,3,3450.57,494.04,527.93
2204,260,2025-06-03,4,4433.75,164.33,785.02
2205,262,2025-02-16,3,3560.63,511.81,552.56
2206,239,2025-01-31,3,4864.62,173.85,1094.81
2207,153,2025-01-19,2,174.44,16.59,21.61
2208,232,2025-07-09,5,1077.5,19.79,130.54
2209,49,2025-02-25,5,3180.53,142.65,582.16
2210,213,2025-03-09,1,2215.59,267.86,349.47
2211,259,2025-04-25,3,2841.54,51.32,504.55
2212,42,2025-08-12,3,384.64,17.42,75.68
2213,98,2025-02-16,3,1869.42,321.83,148.17
2214,12,2025-04-11,2,2825.24,15.24,652.49
2215,26,2025-10-06,2,2730.86,189.79,264.41
2216,12,2025-01-09,5,3764.92,602.76,333.03
2217,13,2025-07-18,2,1894.16,229.28,260.43
2218,46,2025-03-10,3,2184.15,61.46,190.62
2219,205,2025-04-18,4,1213.4,8.25,221.31
2220,196,2025-03-06,3,4890.55,956.33,957.32
2221,124,2025-09-29,4,4572.58,883.19,863.66
2222,264,2025-03-26,2,570.09,113.31,95.21
2223,145,2025-12-04,2,1360.69,72.25,276.98
2224,143,2025-07-27,3,412.51,78.66,59.2
2225,13,2025-02-18,5,2652.03,32.54,505.68
2226,101,2025-11-06,1,2040.45,21.22,373.19
2227,39,2025-03-03,4,1856.06,45.32,260.38
2228,122,2025-10-07,4,430.76,36.14,51.5
2229,141,2025-03-01,2,3368.65,65.95,329.46
2230,133,2025-09-19,3,790.7,99.13,169.74
2231,146,2025-11-10,5,3218.86,442.23,428.13
2232,138,2025-10-24,1,4054.59,368.15,817.41
2233,143,2025-02-19,2,2339.06,1.77,432.09
2234,100,2025-12-26,3,113.08,13.79,24.66
2235,50,2025-01-15,5,1083.99,146.56,95.74
2236,238,2025-04-09,4,2352.38,100.41,494.55
2237,198,2025-03-26,2,4263.53,132,975.44
2238,48,2025-02-15,4,1203.77,4.27,282.19
2239,169,2025-10-06,5,4905.74,871.84,877
2240,240,2025-06-12,4,4381.78,480.24,865.87
2241,210,2025-06-24,3,3747.8,181.56,374.41
2242,263,2025-06-24,3,3430.89,103.17,532.13
2243,123,2025-03-12,5,3239.53,113.11,318.84
2244,160,2025-11-01,2,1862.29,55.11,174.95
2245,196,2025-03-31,2,2384.88,267.45,412.51
2246,242,2025-10-30,2,4132.83,435.89,808.71
2247,17,2025-08-17,5,1902.28,199.71,318.95
2248,88,2025-01-05,5,2831.07,360.79,357.78
2249,11,2025-12-03,4,4412.56,478.8,663.2
2250,221,2025-06-02,1,4060.48,625.77,576.54
2251,175,2025-06-08,4,1385.43,170.29,162.14
2252,188,2025-03-30,5,3358.52,173.23,306.31
2253,61,2025-03-21,4,3592.44,643.78,616.76
2254,36,2025-03-11,2,2625.55,138.25,566.21
2255,14,2025-05-30,5,4916.52,67.24,614.19
2256,56,2025-07-24,2,3519.21,607.46,362.11
2257,240,2025-11-05,1,3673.06,371.63,482.66
2258,235,2025-04-05,3,1766.59,54.52,163.97
2259,202,2025-05-21,1,3971.99,682.9,350.22
2260,180,2025-10-12,3,1865.94,23.09,183.43
2261,1,2025-11-27,5,983.41,56.22,191.22
2262,146,2025-01-17,4,896.05,174.18,109.11
2263,246,2025-01-03,1,4444.32,138.33,578.72
2264,161,2025-01-15,2,4211.06,104.91,667.74
2265,133,2025-05-03,3,4080.45,615.25,277.33
2266,93,2025-08-30,3,686.51,91.82,96.64
2267,231,2025-03-17,3,4494.06,517.11,846.88
2268,79,2025-03-23,4,773.01,28.51,176.19
2269,163,2025-01-20,3,4190.87,234.84,766.46
2270,64,2025-09-21,5,3045.01,88.51,383.4
2271,14,2025-11-02,3,878.92,76.38,148.64
2272,133,2025-10-24,3,2282.05,249.25,223.09
2273,19,2025-01-21,4,2020.45,171.48,345.07
2274,241,2025-05-15,2,3224.76,508.11,423.76
2275,166,2025-07-17,5,1758.78,130.08,355.42
2276,254,2025-09-13,2,2582.4,79.97,239.13
2277,66,2025-07-11,4,1240.59,177.5,153.93
2278,84,2025-05-21,5,498.38,31.77,58.11
2279,146,2025-06-05,1,2689.56,10.74,306.23
2280,198,2025-06-12,1,3707.52,95.96,624.33
2281,210,2025-02-04,2,1445.34,119.71,190.4
2282,30,2025-01-15,5,1138.98,116.25,145.19
2283,81,2025-01-30,4,1335.96,79.38,107.32
2284,219,2025-09-29,1,1385.05,218.03,183.81
2285,235,2025-11-12,5,1567.75,138.22,334.02
2286,79,2025-07-03,4,2705.28,31.13,465.02
2287,58,2025-11-08,3,2741.02,477.07,510.05
2288,39,2025-03-23,2,2083.78,191.63,218.08
2289,140,2025-09-13,2,1320.52,190.52,220.34
2290,95,2025-05-10,2,1773.29,264.95,208.26
2291,168,2025-06-08,4,3657.99,648.14,657.65
2292,22,2025-04-09,1,2994.51,330.96,287.36
2293,245,2025-07-18,4,3731.42,452.88,762
2294,138,2025-11-22,4,220.92,36.67,24.68
2295,221,2025-12-12,2,4830.29,708.3,334.34
2296,216,2025-12-17,4,3174.82,440.27,286.13
2297,222,2025-03-20,4,2739.89,348.52,365.36
2298,57,2025-08-21,5,387.76,13.61,32.42
2299,268,2025-03-04,1,1928.57,54.38,253.58
2300,245,2025-01-11,1,4393.98,141.75,1001.59
2301,256,2025-05-04,5,3882.06,579.63,418.39
2302,134,2025-09-17,5,2930.75,333.98,523.05
2303,158,2025-07-02,4,3440.6,604.3,318.18
2304,25,2025-04-13,4,801.02,125.59,97.37
2305,6,2025-05-16,4,3697.82,565.58,681.12
2306,81,2025-05-15,5,1213.18,49.59,263.56
2307,165,2025-01-04,3,495.27,56.11,79.55
2308,120,2025-12-06,2,756.44,1.46,161.12
2309,194,2025-02-24,1,261.84,1.91,57.8
2310,136,2025-05-26,4,1474.84,219.7,184.84
2311,32,2025-04-29,1,4741.4,598.14,907.92
2312,260,2025-08-04,5,494.38,85.91,73.37
2313,134,2025-11-09,2,1038.11,1.98,252.74
2314,72,2025-02-22,2,944.19,4.29,180.65
2315,33,2025-09-20,2,1104.23,184.13,204.91
2316,137,2025-12-31,3,4855.14,181.84,1022.53
2317,109,2025-03-06,5,2045.03,379.68,314.13
2318,216,2025-07-06,3,2376.65,181.23,194.32
2319,47,2025-04-10,2,142.16,0.66,12.79
2320,79,2025-08-11,4,807.43,127.4,94.46
2321,17,2025-03-20,4,4946.35,643.96,492.95
2322,254,2025-12-02,1,1062.43,21.41,152.22
2323,266,2025-05-06,1,806.57,113.67,72.67
2324,81,2025-10-02,4,2070.58,384.16,283.7
2325,267,2025-08-19,2,2731.01,65.67,594.57
2326,172,2025-01-03,2,4131.35,570.92,436.2
2327,167,2025-03-03,1,4528.83,113.37,514.63
2328,5,2025-11-18,2,283.13,7.33,39.5
2329,46,2025-08-11,1,3023.59,549.16,333.82
2330,184,2025-06-08,2,3605.16,88.03,577.21
2331,7,2025-01-16,4,4423.72,235.76,877.95
2332,218,2025-04-12,1,352.45,29.47,74.34
2333,49,2025-11-07,1,2930.94,251.68,588.95
2334,112,2025-12-05,3,4254.36,487.65,662.69
2335,6,2025-12-05,2,4895.88,252.15,599.45
2336,213,2025-01-10,1,2491.32,86.06,416.11
2337,212,2025-10-03,1,3244.92,187.73,512.58
2338,1,2025-05-27,5,4248.98,167.27,984.1
2339,140,2025-09-24,4,3049.15,51.81,310.5
2340,243,2025-12-27,5,4342.86,562.12,572.38
2341,9,2025-02-20,3,4693.4,647.62,732.1
2342,258,2025-05-27,2,3673.93,175.85,406.98
2343,184,2025-05-12,3,4083.38,698.57,461.79
2344,203,2025-02-16,4,1600.59,136.57,165.49
2345,163,2025-03-15,4,896.47,56.69,73.41
2346,196,2025-12-14,3,2157.89,205.3,290.02
2347,142,2025-06-16,1,1761.2,194.39,377.81
2348,37,2025-03-27,1,4965.31,541.44,869.54
2349,58,2025-04-15,5,4575.62,774.32,779.82
2350,242,2025-03-18,2,3642.7,673.63,574.7
2351,20,2025-02-28,4,334.56,58.47,50.85
2352,29,2025-02-07,1,1910.18,111.15,374.49
2353,187,2025-03-13,2,3985.9,170.9,769.93
2354,94,2025-10-10,4,3519.52,33.14,809.27
2355,216,2025-03-03,3,998.46,54.45,105.61
2356,34,2025-09-01,1,1589.48,304.77,183.28
2357,237,2025-11-08,1,4228.71,331.99,566.58
2358,36,2025-03-10,3,1734.34,179.41,188.86
2359,208,2025-09-27,2,3745.02,298.59,838.74
2360,71,2025-09-07,5,2278.63,50.95,480.41
2361,258,2025-06-22,2,1623,76.98,376.93
2362,87,2025-05-30,1,363.25,36.82,39.16
2363,3,2025-12-23,3,4219.1,363.7,696.87
2364,261,2025-05-09,4,1356.4,269.26,150.02
2365,7,2025-03-27,4,142.29,20.17,10.08
2366,105,2025-08-04,5,206.02,5.41,34.5
2367,21,2025-09-06,4,1861.94,59.7,290.87
2368,83,2025-02-01,2,340.37,40.9,52.64
2369,237,2025-09-06,5,1442.13,75.9,292.75
2370,5,2025-01-04,3,1907.59,303.76,150.01
2371,10,2025-12-05,4,1022.58,171.18,179.2
2372,143,2025-09-14,2,2638.84,188.3,257.77
2373,90,2025-11-18,5,4327.37,804.18,609.95
2374,83,2025-09-08,4,2416.5,327.7,494.12
2375,80,2025-10-22,1,3477.63,293.5,414.49
2376,251,2025-02-27,4,1059.55,80.67,216.8
2377,205,2025-06-18,1,4204.77,787.15,781.17
2378,191,2025-03-30,2,3958.77,284.72,444.51
2379,268,2025-08-14,3,290.49,33.6,27.46
2380,12,2025-11-27,4,618.13,99.91,63.82
2381,255,2025-06-18,3,1158.39,144.37,126.44
2382,130,2025-10-13,1,3274.73,457.26,440.2
2383,112,2025-10-16,1,4088.49,551.22,289.21
2384,82,2025-09-09,1,232.13,37.3,25.79
2385,111,2025-06-21,1,2313.55,378.89,366.1
2386,235,2025-05-17,5,3193.15,360.13,540.33
2387,230,2025-09-27,2,3303.64,23.31,578.03
2388,151,2025-03-27,5,2602.83,197.4,474.75
2389,36,2025-03-25,4,3978.41,202.63,378.88
2390,88,2025-10-18,5,1838.18,159.45,216.09
2391,262,2025-02-12,2,3014.7,543.68,287.59
2392,33,2025-05-14,4,4438.39,397.72,781.41
2393,173,2025-04-05,3,973.48,103.02,142.76
2394,252,2025-10-10,4,2468.14,319.62,248.11
2395,1,2025-11-19,5,2546.92,32.92,352.4
2396,137,2025-05-06,4,2721.64,393.84,386.14
2397,255,2025-05-12,2,2950.29,90.79,593.57
2398,236,2025-09-21,3,544.85,99.84,103.28
2399,252,2025-11-16,4,2722.92,303.83,238.54
2400,236,2025-05-04,3,830.17,106.42,160.43
2401,228,2025-11-15,5,2801.1,61.95,289.05
2402,198,2025-02-15,5,1482.61,241.73,278.85
2403,82,2025-12-15,1,3834.02,673.95,350.88
2404,209,2025-02-03,4,4823.61,862.7,340.57
2405,62,2025-07-27,5,3899.11,11.91,793.12
2406,184,2025-07-31,4,2898.26,131.49,688.96
2407,233,2025-02-08,1,4081.91,715.34,458.37
2408,259,2025-06-13,5,4049.85,412.33,383.69
2409,197,2025-07-15,5,4233.96,433.45,869.36
2410,86,2025-08-23,2,794.07,87.4,69.29
2411,149,2025-02-03,5,4661.74,61.69,502.8
2412,176,2025-05-18,5,2501.2,70.45,575.83
2413,18,2025-08-06,4,1443.09,69.28,260.96
2414,113,2025-07-02,1,2032.45,205.77,407.18
2415,14,2025-03-26,5,3480.42,113.24,478.06
2416,259,2025-03-12,2,3860,745.63,647.79
2417,248,2025-07-09,5,2365.54,424.13,157.69
2418,40,2025-03-10,5,1166.33,69.76,169.62
2419,210,2025-01-23,4,3670.81,46.34,360.66
2420,69,2025-08-11,5,1953.03,26.67,205.17
2421,141,2025-05-25,5,116.87,14.98,8.38
2422,245,2025-10-05,3,4280.9,751.95,620.25
2423,189,2025-10-31,5,1260.02,101.12,167.7
2424,242,2025-05-15,1,3234.36,353.94,710.13
2425,16,2025-03-07,3,2556.32,505.88,383.6
2426,207,2025-07-23,4,4728.57,183.39,792.02
2427,54,2025-01-11,1,3273.96,558.56,347.79
2428,83,2025-10-10,2,2065.46,155.34,232.75
2429,91,2025-12-12,3,3112.31,263.45,280.16
2430,112,2025-09-17,2,3911.33,109.61,790.82
2431,112,2025-01-05,5,3034.12,288.74,624.63
2432,219,2025-06-01,1,2373.54,158.96,380.8
2433,259,2025-01-19,5,2318.97,43.77,421.71
2434,90,2025-07-30,3,1915.02,138.4,415.02
2435,59,2025-04-16,5,320.26,23.52,25.52
2436,162,2025-12-19,4,2580.97,449.17,170.98
2437,121,2025-10-05,3,3062.19,5.96,417.91
2438,58,2025-12-31,1,3796.46,235.26,350.96
2439,167,2025-05-28,2,3796.75,166.16,532.05
2440,236,2025-01-11,5,2721.26,151.04,206.02
2441,88,2025-12-23,2,3895.72,566.12,403.73
2442,265,2025-12-22,2,1606.26,167.45,348.41
2443,258,2025-01-18,5,3807.5,449.53,327.96
2444,138,2025-07-29,1,3110.8,549.29,315.55
2445,109,2025-02-26,4,1413.93,138.55,290.5
2446,187,2025-11-10,3,1479,284,196.35
2447,149,2025-02-18,2,1636.29,215.9,270.63
2448,153,2025-03-22,1,1199.5,9.48,117.69
2449,229,2025-10-14,3,3869.5,604.7,657.39
2450,126,2025-09-01,5,4720.84,673.25,502.47
2451,61,2025-04-27,5,1304.92,25.82,264.33
2452,179,2025-02-21,4,2817.01,116.71,295.58
2453,112,2025-09-29,5,4530.96,321.77,389.99
2454,215,2025-09-30,4,3013.67,92.24,638.75
2455,71,2025-01-29,5,1895.72,158.8,326.31
2456,48,2025-10-12,2,2784.01,508.55,427.62
2457,13,2025-12-07,4,132.1,9.42,16.05
2458,263,2025-10-11,2,4959.35,424.38,1108.44
2459,121,2025-04-19,3,3140.88,440.15,522.58
2460,249,2025-03-06,2,537.04,69.87,95.4
2461,77,2025-05-23,3,3763.36,114.42,728.01
2462,13,2025-07-28,1,4179.01,574.85,351.13
2463,236,2025-09-14,2,2686.15,30.76,352.89
2464,66,2025-05-05,3,4269.71,376.96,378.75
2465,12,2025-09-28,3,3981.39,710.9,796.85
2466,131,2025-08-24,1,3228.13,173.65,689.61
2467,124,2025-06-04,4,342.71,28.41,56.19
2468,173,2025-07-24,3,806.57,112.14,160.61
2469,203,2025-05-13,2,1044.61,5.57,247.51
2470,87,2025-06-10,3,60.32,0.44,14.83
2471,244,2025-04-03,1,2780.02,269.72,451.48
2472,86,2025-08-11,1,3693.11,122.99,549.3
2473,167,2025-12-10,2,2348.89,12.28,547.01
2474,131,2025-12-23,3,1697.56,31.67,413.95
2475,199,2025-11-15,4,3761.59,26.9,787.14
2476,159,2025-04-17,2,1209.18,229.29,94.55
2477,128,2025-05-16,1,2478.1,223.61,260.09
2478,48,2025-04-12,1,703.34,85.3,51.42
2479,42,2025-01-23,5,1660.39,255.13,134.68
2480,188,2025-01-11,5,807.39,93.79,78.83
2481,223,2025-05-09,2,1825.9,25.16,337.49
2482,184,2025-11-06,3,3117.58,356.48,388.45
2483,12,2025-05-20,2,4105.66,604.01,404.84
2484,110,2025-07-17,4,4783.9,695.79,347.38
2485,231,2025-07-26,5,854.29,64.2,190.51
2486,123,2025-07-02,1,2327.76,393.39,444.76
2487,184,2025-03-01,3,393.61,46.24,32.17
2488,130,2025-04-23,1,2255.93,145.72,508.81
2489,13,2025-01-15,4,4462.04,26.14,571.78
2490,149,2025-10-03,5,3715.01,403.28,483
2491,242,2025-07-13,2,4171.55,817.49,621.44
2492,208,2025-01-04,5,2541.69,346.27,496.5
2493,153,2025-08-08,2,131.67,22.81,18.65
2494,54,2025-02-25,3,2287.4,415.83,461.29
2495,145,2025-01-25,3,2487.48,296.58,504.17
2496,108,2025-03-09,2,2085.37,378.93,408.2
2497,116,2025-06-25,3,1740.95,316.53,236.55
2498,170,2025-06-27,3,3118.62,279.27,617.44
2499,223,2025-08-04,3,675.13,65.61,149.61
2500,4,2025-08-28,4,4691.49,257.75,498.85
2501,168,2025-08-27,2,3855.27,732.2,556.6
2502,47,2025-03-25,3,312.09,2.8,39.28
2503,204,2025-10-16,2,2210.13,188.76,294.5
2504,221,2025-09-29,2,932.12,51.55,169.79
2505,186,2025-04-24,3,1039.51,113.99,139.63
2506,32,2025-07-21,2,173.37,27.88,24.57
2507,113,2025-04-09,1,291.37,30.85,30.7
2508,45,2025-11-10,3,4330.84,630.84,320.76
2509,156,2025-11-22,3,4696.54,730.49,569.72
2510,226,2025-08-12,3,3263.44,32.12,507.47
2511,259,2025-11-26,1,2160.54,81.03,185.23
2512,169,2025-05-01,4,4253.56,832.17,306.19
2513,6,2025-03-25,4,4799.88,566.52,527.85
2514,8,2025-08-31,5,2833.25,503.44,200.63
2515,11,2025-09-25,2,68.32,6.56,11.24
2516,91,2025-08-15,3,4726.05,387.61,720.21
2517,254,2025-02-19,3,4874.83,623.34,674.32
2518,50,2025-05-23,3,2833.78,341.29,246.51
2519,191,2025-06-27,4,2373.71,430.03,227.37
2520,1,2025-02-19,5,1596.24,284,133.63
2521,205,2025-05-15,4,3087.87,532.49,264.87
2522,250,2025-10-01,2,4255.35,459.95,875.14
2523,36,2025-06-12,5,4366.1,727.49,770.45
2524,46,2025-02-26,3,4142.03,397.98,829.9
2525,23,2025-12-09,4,844.73,62.89,179.1
2526,205,2025-08-05,5,2477.72,20.44,338.51
2527,113,2025-09-21,5,3613.42,89.15,663.05
2528,156,2025-04-22,2,2891.58,561.18,454.12
2529,164,2025-08-30,2,4942.56,867.69,560.26
2530,61,2025-01-22,2,4374.73,140.72,729.82
2531,8,2025-04-04,1,2931.21,508.89,281.36
2532,118,2025-08-16,1,4881.2,68.26,494.68
2533,254,2025-12-11,3,1700.32,215.6,230.01
2534,112,2025-11-26,3,3687.91,626.96,297.22
2535,1,2025-05-10,4,4329.79,316.26,904.66
2536,40,2025-09-10,4,4727.64,794.34,455.91
2537,1,2025-10-29,2,3535.25,542.08,275.37
2538,247,2025-04-22,1,4414.18,660.91,373.79
2539,230,2025-08-10,1,2221.99,11.72,241.25
2540,85,2025-07-09,5,3375.85,518.06,566.99
2541,181,2025-02-20,4,1728.93,282.36,246.59
2542,174,2025-04-01,1,3995.79,304.63,909.62
2543,119,2025-01-21,3,1017.89,39.84,191.2
2544,7,2025-10-28,2,390.77,5.08,90.43
2545,21,2025-02-15,1,1444.17,92.82,194.86
2546,99,2025-08-09,3,623.57,23.51,92.06
2547,111,2025-08-18,1,3474.13,187.05,326.98
2548,244,2025-09-05,1,4776.03,393.72,928.02
2549,101,2025-03-13,5,1857.32,200.38,318.39
2550,99,2025-11-14,1,2292.17,108.54,480.95
2551,64,2025-03-29,4,277.46,44.02,29.85
2552,214,2025-02-17,2,2422.65,303.92,186.16
2553,208,2025-03-21,5,3367.47,639.82,307.06
2554,100,2025-09-20,2,2068.35,311.73,170.48
2555,173,2025-04-05,1,2984.7,132.24,578.5
2556,106,2025-09-03,2,3434.79,163.04,735.74
2557,115,2025-07-02,5,4651.57,788.93,391.34
2558,188,2025-12-04,2,809.61,19.85,171.73
2559,24,2025-08-09,4,871.11,55.18,108.07
2560,122,2025-01-29,4,884.79,162.76,140.11
2561,94,2025-01-06,1,735.05,127.16,63.49
2562,59,2025-08-22,5,4993.05,593.52,413.73
2563,263,2025-08-10,1,2083.74,9.81,374.73
2564,238,2025-07-23,4,1880.24,263.08,269.53
2565,49,2025-04-26,3,2094.13,338.64,396.7
2566,16,2025-06-28,2,2609.55,348.98,446.03
2567,37,2025-06-09,2,60.48,9.07,11.94
2568,2,2025-10-21,2,1841.42,228.65,306.88
2569,116,2025-08-09,5,4791.25,686.7,934.37
2570,103,2025-09-29,4,2837.09,407.1,413.96
2571,68,2025-12-05,3,1563.55,31.61,196.37
2572,75,2025-10-04,5,638.63,126.29,82.58
2573,74,2025-03-09,3,4290.52,167.19,1005.38
2574,87,2025-07-27,2,4430.52,366.21,647.58
2575,168,2025-12-03,4,4864.9,410.96,1018.22
2576,148,2025-05-18,3,1810.99,102.57,145.72
2577,268,2025-05-18,3,1724.67,37.44,261.09
2578,210,2025-10-29,2,4765.2,291.38,445.94
2579,83,2025-11-03,1,4012.65,583.7,640.83
2580,36,2025-06-10,1,1167.16,167.97,207.57
2581,238,2025-07-16,4,3821.17,320.44,470.77
2582,34,2025-05-24,3,4359.03,38.51,559.21
2583,225,2025-06-25,3,4017.58,622.36,541.96
2584,180,2025-12-14,3,3643.24,524.44,317.21
2585,66,2025-08-26,3,1945.83,220.57,346.57
2586,1,2025-04-07,3,1087.88,3.94,260.88
2587,94,2025-02-21,1,4628.6,743.27,602.07
2588,255,2025-02-22,4,4348.45,741.46,593.43
2589,192,2025-03-23,4,4119.08,604.9,837.65
2590,181,2025-09-17,5,860.68,49.77,83.37
2591,134,2025-12-28,3,3078.88,414.1,363.82
2592,34,2025-09-12,4,107.66,19.09,21.34
2593,233,2025-06-12,1,2205.21,127.3,435.59
2594,4,2025-09-25,3,166.9,0.67,35.91
2595,103,2025-12-03,3,876.27,91.83,107.11
2596,56,2025-05-28,3,3549.62,428.17,720.95
2597,120,2025-08-25,5,4092.06,157.75,870.19
2598,10,2025-04-04,2,4596.47,738.63,784.03
2599,68,2025-08-05,5,1696.77,174.68,184.54
2600,92,2025-11-23,5,2298.36,206.64,202.25
2601,69,2025-08-21,5,2787.11,438.6,396.98
2602,214,2025-11-30,4,4305.41,761.67,871.76
2603,95,2025-12-03,2,1359.19,97.15,231.93
2604,122,2025-05-15,2,2587.33,216.29,284.13
2605,259,2025-01-05,3,3676.19,385.43,601.22
2606,185,2025-04-07,4,2032.37,329.95,368.42
2607,178,2025-05-24,3,2452.89,20.5,412.4
2608,89,2025-03-07,2,3519.33,511.68,469.03
2609,230,2025-03-10,5,2698.85,225.17,307.33
2610,151,2025-06-22,2,3092.72,488,303.35
2611,54,2025-12-08,2,761.55,17.91,113.56
2612,227,2025-08-20,3,3575.18,627.29,379.23
2613,75,2025-05-30,3,4156.31,109.23,498.9
2614,217,2025-02-03,3,4081.74,645.04,609.31
2615,235,2025-07-07,5,3648.14,64.02,727.31
2616,253,2025-02-20,5,1196.42,176.29,172.85
2617,177,2025-09-08,1,4425.76,871.49,562.34
2618,191,2025-12-18,5,3221.34,524.64,619.38
2619,159,2025-05-31,4,4357.72,693.14,319.33
2620,246,2025-07-20,4,3411.52,480.34,263.35
2621,257,2025-12-19,2,4900.89,338.95,996.15
2622,76,2025-01-29,1,418.74,46.11,36.52
2623,245,2025-12-29,1,3909.4,570.55,577.07
2624,215,2025-01-27,2,1968.11,10.71,463.83
2625,29,2025-01-19,1,589.75,76.16,44.34
2626,184,2025-08-13,2,2258.48,363.13,162.21
2627,253,2025-10-16,5,2717.61,151.73,241.89
2628,160,2025-04-20,4,4522.14,105.66,777.77
2629,40,2025-05-22,5,1680.36,205.73,145.16
2630,39,2025-11-02,4,1204.68,3.38,255.7
2631,246,2025-09-03,1,3939.22,137.11,893.48
2632,30,2025-09-23,1,4333.81,88.15,707.49
2633,64,2025-11-25,5,213.64,14.62,30.98
2634,241,2025-04-22,1,3951.44,189.31,365.5
2635,153,2025-05-08,2,3509.74,190.87,284.6
2636,128,2025-06-11,5,2181.9,288.56,347.44
2637,18,2025-12-04,4,107.69,19.37,11.55
2638,97,2025-10-01,4,4030.42,497.68,765.15
2639,154,2025-10-24,3,2159.41,308.11,441.07
2640,184,2025-02-23,5,4106.28,8.61,927.2
2641,3,2025-09-30,2,3182.46,233.15,243.25
2642,152,2025-03-07,5,905.59,134.05,187.34
2643,86,2025-01-02,3,3478.54,505.59,399.7
2644,153,2025-04-16,2,3862.27,220.36,492.4
2645,150,2025-04-25,2,4919.05,579.21,991.86
2646,175,2025-11-06,4,2569.06,459.37,504.53
2647,154,2025-04-08,1,200.19,37.41,37.65
2648,156,2025-10-03,5,2401.47,331.04,494.38
2649,62,2025-09-30,5,4856.64,683,336.29
2650,164,2025-11-05,5,2632.26,165.06,328.47
2651,243,2025-09-12,1,283.92,38.03,31.43
2652,146,2025-04-19,4,3306.91,352.43,468.74
2653,161,2025-03-16,2,1059.15,86.38,150.59
2654,128,2025-04-11,4,4784.28,480.98,360.65
2655,89,2025-07-01,2,110.55,19.5,10.49
2656,99,2025-05-05,4,2218.66,306.83,382.33
2657,87,2025-06-21,5,2912.92,75.16,368.98
2658,93,2025-11-14,5,3444.94,671.77,351.1
2659,34,2025-05-26,1,2744.83,394.69,449.91
2660,154,2025-06-17,4,1114.64,34.16,147.2
2661,237,2025-01-25,1,4354.78,83.71,997.3
2662,145,2025-11-03,5,2627.24,377.81,379.02
2663,180,2025-05-14,2,3655.47,228.81,704.73
2664,147,2025-04-03,3,4089.88,706.04,559.9
2665,58,2025-08-30,2,864.97,34.3,164.04
2666,102,2025-01-04,2,1827.56,266.81,385.95
2667,13,2025-11-13,2,316.93,38.1,44.84
2668,134,2025-10-12,4,1875.97,52.19,320.33
2669,227,2025-03-03,2,4189.53,196.27,612.86
2670,16,2025-07-28,1,4992.08,925.55,355.14
2671,78,2025-09-30,2,1498.03,116.52,331.64
2672,60,2025-09-17,5,4119.58,340.43,449.86
2673,165,2025-08-22,4,372.21,4.74,56.88
2674,152,2025-05-18,3,1569.83,134.98,167.94
2675,124,2025-07-23,4,2081.93,45.14,176.42
2676,197,2025-02-28,5,457.54,3.43,45.4
2677,166,2025-02-15,4,316.73,21.04,72.72
2678,125,2025-08-22,2,1596.54,146.03,199.54
2679,48,2025-02-01,5,3706.56,660.75,260.95
2680,229,2025-04-16,3,1113.82,120.33,110.07
2681,240,2025-04-21,4,3241.8,26.08,560.46
2682,230,2025-09-08,5,2000.25,390.33,340.98
2683,242,2025-12-13,1,477.32,33.36,51.16
2684,140,2025-01-17,1,4661.6,411.73,412.28
2685,43,2025-05-12,3,2142.36,141.62,297.07
2686,87,2025-05-12,1,4469.64,701.07,559
2687,1,2025-08-17,1,1477.24,95.48,204.69
2688,223,2025-06-14,2,4404.35,321.28,604.22
2689,113,2025-07-06,2,4121.99,155.2,724.24
2690,198,2025-04-16,2,4301.51,136.42,984.32
2691,241,2025-03-30,5,2295.76,359.54,349.21
2692,264,2025-01-18,5,3332.06,389.49,298.25
2693,19,2025-03-23,3,2735.87,476.85,221.1
2694,133,2025-09-15,4,2434.92,130.79,346.18
2695,266,2025-05-27,3,277.41,35.67,58.56
2696,250,2025-09-23,2,2814.09,372.39,417.39
2697,186,2025-01-03,5,4585.04,545.73,818.22
2698,54,2025-04-13,1,2049.54,214.98,383.34
2699,222,2025-02-27,2,413.78,71.3,37.98
2700,16,2025-12-19,4,1957.69,167.25,354.32
2701,218,2025-12-13,2,987.89,51.58,232.51
2702,209,2025-05-27,2,1311.36,179.15,180.93
2703,183,2025-07-03,2,3484.03,200.84,580.42
2704,90,2025-10-18,4,4819.87,454.82,543
2705,231,2025-04-27,4,2491.88,290.21,306.43
2706,214,2025-08-17,4,505.17,10.3,81.51
2707,265,2025-04-05,2,1233.52,207.44,189.1
2708,98,2025-07-04,3,1830.9,284.08,153.53
2709,165,2025-05-31,4,3036.52,391.79,399.54
2710,52,2025-01-03,3,4651.04,458.26,1028.77
2711,33,2025-10-25,3,2098.98,32.17,432.83
2712,56,2025-08-07,2,2036.5,32.1,381.79
2713,176,2025-07-01,2,2849.55,241.9,325.31
2714,48,2025-02-13,2,2007.94,88.1,194.87
2715,165,2025-09-01,5,2195.01,257.84,317.75
2716,120,2025-09-27,4,238.25,20.97,20.64
2717,60,2025-10-13,2,1509.84,240.01,175.4
2718,15,2025-05-17,2,3474.58,94.77,553.53
2719,241,2025-12-20,1,1169.02,32.6,176.7
2720,135,2025-04-15,5,4047.64,133.2,408.21
2721,81,2025-03-18,1,3989.69,321.4,770.69
2722,146,2025-11-08,4,3385.69,297.86,463.79
2723,197,2025-09-10,3,2577.2,199.6,444.75
2724,267,2025-01-17,2,2791.77,120.02,284.01
2725,57,2025-01-31,1,662.69,64.81,136.18
2726,87,2025-06-19,5,574.13,108.56,74.92
2727,238,2025-01-24,4,4741.14,942.04,902.25
2728,18,2025-10-17,3,1518.01,104.31,128.88
2729,35,2025-02-23,3,895.28,139.97,146.31
2730,93,2025-04-06,5,1429.6,206.31,122.63
2731,29,2025-10-27,5,2845.72,515.7,437.88
2732,85,2025-04-09,1,4060.73,445.32,871.13
2733,27,2025-10-21,2,4453.12,627.87,695.78
2734,24,2025-01-12,3,1125.7,209.63,196.72
2735,138,2025-02-04,3,4066.51,300.07,525.55
2736,194,2025-11-12,4,2565.66,288.44,562.87
2737,180,2025-03-08,5,4174.13,263.37,775.23
2738,204,2025-08-26,5,520.74,80.12,80.86
2739,221,2025-09-30,1,53.92,8.46,5.91
2740,111,2025-11-24,3,3547.74,426.89,564.42
2741,145,2025-12-13,1,2911.53,457.54,519.29
2742,58,2025-06-08,1,4735.89,243.69,968
2743,224,2025-03-31,2,2547.84,402.53,524.83
2744,41,2025-04-19,2,199.51,27.78,35.7
2745,163,2025-07-20,5,304.69,30.29,27.85
2746,166,2025-02-08,1,1406.65,49.95,244.94
2747,205,2025-10-09,1,4959.91,987.82,528.13
2748,219,2025-08-07,4,1596.99,3.18,277.9
2749,145,2025-02-19,2,2384.65,344.52,165.67
2750,200,2025-05-11,3,916.18,83.15,131.87
2751,173,2025-09-03,3,4623.96,240.88,787.29
2752,165,2025-11-12,5,1240.41,38.73,293.78
2753,26,2025-08-06,3,3501.8,226,470.61
2754,13,2025-04-21,2,3326.41,473.35,485.25
2755,231,2025-06-23,4,4033.5,755.46,816.62
2756,104,2025-07-10,1,364.26,57.7,40.94
2757,103,2025-05-13,2,1560.32,308.03,127.02
2758,20,2025-06-23,2,542.75,33.01,43.4
2759,3,2025-04-05,1,485.36,77.88,46.6
2760,216,2025-02-01,2,3764.81,393.34,792.22
2761,239,2025-02-25,2,3547.82,89.32,834.57
2762,215,2025-12-20,5,851.88,19.76,185.25
2763,82,2025-01-17,5,1493.62,136.88,135.82
2764,139,2025-02-25,1,3901.62,578.85,696.14
2765,118,2025-04-16,5,2694.48,386.45,546.05
2766,230,2025-10-13,4,717.26,97.88,149.95
2767,25,2025-09-05,1,2791.7,170.3,234.92
2768,59,2025-01-16,1,3740.74,744.3,517.84
2769,3,2025-01-10,3,483.73,35.82,72.72
2770,118,2025-06-27,2,1256.73,235.63,210.18
2771,238,2025-03-19,4,1324.64,38.28,294.47
2772,6,2025-03-01,1,799.91,75.83,88.75
2773,8,2025-08-17,4,3197.9,17.28,722.96
2774,54,2025-04-17,5,3645.42,468.8,299.87
2775,48,2025-03-12,4,3336.9,590.19,396.1
2776,189,2025-03-15,4,2483.75,399.42,207.76
2777,203,2025-11-16,1,4690.12,698.19,435.03
2778,186,2025-02-05,4,1215.19,101.35,277.9
2779,110,2025-02-04,5,2181.26,235.99,198
2780,250,2025-08-27,5,3709.29,129.18,890.58
2781,250,2025-06-20,3,2404.63,323.36,439.99
2782,214,2025-03-13,4,766.85,86.98,59.86
2783,155,2025-06-03,2,3670.6,157.53,734.91
2784,105,2025-06-08,2,290.33,25.62,60.54
2785,135,2025-01-14,2,4745.48,845.67,900.99
2786,205,2025-01-17,4,4695.85,46.85,909.92
2787,255,2025-07-31,1,4885.71,548.06,878.35
2788,215,2025-05-12,5,2571.41,89.06,237.56
2789,186,2025-09-10,2,4989.65,690.04,988.82
2790,45,2025-06-10,5,1508.44,229.94,215.1
2791,253,2025-07-27,5,1205.04,175.86,163.07
2792,142,2025-06-27,3,904.8,24.43,172.95
2793,90,2025-06-13,1,1970.62,151.85,191.82
2794,117,2025-07-23,1,2329.62,272.71,446.64
2795,51,2025-05-21,2,882.59,69.28,68.15
2796,94,2025-12-02,3,4653.96,286.19,1060.28
2797,20,2025-01-16,1,4621.66,722.97,806.79
2798,219,2025-01-26,4,4070.44,107.19,478.25
2799,135,2025-06-23,4,3385.76,565.13,356.68
2800,191,2025-08-08,2,75.82,4.19,16.18
2801,100,2025-04-11,4,2435.19,242.37,186.81
2802,77,2025-02-15,5,882.55,128,80.73
2803,24,2025-01-31,1,998.27,76.98,166.91
2804,174,2025-07-19,3,604.2,12.79,106.02
2805,172,2025-05-18,1,1673.94,290.8,303.84
2806,254,2025-03-07,4,3115.26,558.86,618.82
2807,227,2025-01-26,3,4039.58,217.77,794.43
2808,218,2025-05-16,5,254.34,30.73,27.43
2809,203,2025-04-23,2,2221.98,272.85,434.43
2810,256,2025-10-22,3,1633.87,58.44,170.98
2811,136,2025-05-24,1,2897.44,519.26,193.73
2812,20,2025-05-20,1,3898.9,751.99,332.26
2813,186,2025-02-28,1,1907.39,68.07,223.18
2814,221,2025-12-07,4,666.79,105.23,76.78
2815,253,2025-11-04,2,3193.89,553,450.49
2816,53,2025-08-18,3,4837.13,696.12,954.92
2817,54,2025-08-10,1,3963.92,307.35,435.04
2818,32,2025-05-02,1,1134.77,38.83,134.21
2819,40,2025-06-24,1,3581.1,660.6,385.18
2820,219,2025-11-29,5,281.47,15.09,44.65
2821,107,2025-01-04,1,3821.93,511.38,369.61
2822,175,2025-11-02,3,3249.11,289.77,557
2823,186,2025-09-07,5,658.75,129.96,62.46
2824,222,2025-09-03,5,2695.71,161.53,325.06
2825,7,2025-10-23,3,4564.72,71.56,967.47
2826,13,2025-12-06,1,2812.97,309.82,528
2827,170,2025-01-13,1,2127.41,138.25,475.71
2828,188,2025-06-15,1,2008.44,385.09,401
2829,12,2025-11-05,2,838.92,2.77,89.8
2830,259,2025-10-29,2,2099.04,233.11,200.17
2831,17,2025-02-05,3,2042.59,227.14,391.82
2832,180,2025-06-23,3,653.31,2.52,73.45
2833,215,2025-10-07,3,2205.07,293.43,288.16
2834,130,2025-09-01,1,1803.65,217.89,348.34
2835,178,2025-04-18,1,1775.32,338.88,252.98
2836,110,2025-06-20,4,2506.42,3.92,352.44
2837,251,2025-07-17,3,4563.57,508.69,963.42
2838,136,2025-05-01,4,133.83,20.19,14.84
2839,21,2025-07-20,5,4368.09,228.12,777.87
2840,115,2025-11-21,1,4683.32,420.1,460.58
2841,179,2025-03-08,2,260.51,48.32,46.04
2842,258,2025-09-13,5,1486.9,166.99,199.33
2843,245,2025-05-04,1,4969.69,239.14,607.94
2844,38,2025-02-13,3,1352.95,245.04,218.97
2845,30,2025-04-02,2,288.46,13.57,54.76
2846,162,2025-10-31,2,1874.02,109.27,371.81
2847,108,2025-07-15,1,874.97,30.39,148.77
2848,253,2025-03-13,5,3151.56,330.05,331.25
2849,70,2025-10-02,1,366.33,59.51,47.56
2850,242,2025-04-21,1,2463.03,300.85,410.82
2851,54,2025-08-22,3,877.34,9.63,196.1
2852,141,2025-05-02,5,867.16,122.51,153.62
2853,145,2025-07-07,3,1609.58,106.73,343.23
2854,60,2025-01-21,2,1890.61,113.57,234.42
2855,167,2025-04-11,1,1527.38,288.47,170.27
2856,60,2025-10-19,2,4014.54,152.52,615.5
2857,177,2025-08-19,3,4857.38,649.43,542.77
2858,52,2025-07-22,1,4624.62,36.17,376.89
2859,89,2025-07-30,3,1843.85,289.35,166.2
2860,59,2025-12-29,2,1253.7,198.19,121.5
2861,73,2025-07-02,3,4051.93,263.39,597.41
2862,268,2025-04-14,5,4999.6,135.55,630.12
2863,182,2025-12-27,5,2202.91,196.86,283.42
2864,197,2025-11-28,5,1289.52,87.75,288.57
2865,57,2025-11-02,1,592.88,3.83,125.22
2866,22,2025-12-14,4,4875.77,435.58,845.15
2867,6,2025-02-10,1,2728.76,7.26,409.08
2868,56,2025-01-24,5,2839.6,500.91,389.28
2869,113,2025-12-07,4,1700.17,241.66,329.98
2870,9,2025-06-19,2,3603.4,99.06,854.08
2871,208,2025-12-05,4,533.91,11.93,68.18
2872,166,2025-10-14,2,2627.78,468.97,212.61
2873,73,2025-07-31,5,299.04,2.53,30.62
2874,229,2025-03-26,4,2731.16,499.98,284.38
2875,74,2025-04-27,2,4706.49,317.63,996.26
2876,198,2025-05-04,4,257.64,31.48,36.73
2877,51,2025-06-01,2,2067.58,119.27,252.95
2878,42,2025-12-12,2,1924.1,69.73,434.01
2879,140,2025-10-16,4,1172.55,163.9,143.74
2880,226,2025-03-05,2,299.29,20.88,56.62
2881,222,2025-06-21,3,4007.59,221.89,768.47
2882,127,2025-07-13,3,61.09,5.28,6.17
2883,113,2025-08-26,3,4336.76,626.24,743.03
2884,75,2025-10-08,5,4708.11,489.58,728.53
2885,79,2025-07-02,5,1793.29,129.48,258.43
2886,170,2025-12-11,4,2821.7,301.55,239.95
2887,206,2025-01-31,2,4050.88,548.78,446.81
2888,57,2025-12-30,3,134.9,15.5,27.65
2889,232,2025-12-02,1,2906.89,123.41,365.38
2890,264,2025-08-03,2,747.27,26.04,164.84
2891,48,2025-10-05,1,4219.87,415.09,935.67
2892,62,2025-05-08,5,3663.14,65.67,825.33
2893,116,2025-12-04,3,1335.64,2.84,234.57
2894,246,2025-11-06,2,1190.37,189.21,97.32
2895,101,2025-01-20,2,3638.34,445.27,555.75
2896,247,2025-08-16,2,4733.32,923.22,691.32
2897,79,2025-04-25,1,4260.37,76.46,966.84
2898,259,2025-06-05,5,3796,346.8,385.14
2899,50,2025-12-18,4,546.92,25.74,115.41
2900,147,2025-05-08,1,223.54,23.31,28.3
2901,257,2025-11-12,3,3588.67,547.32,361.74
2902,49,2025-07-12,3,122.35,3.91,20.33
2903,64,2025-10-01,2,1409.35,10.37,214.39
2904,52,2025-01-25,4,4855.92,254.2,400.94
2905,249,2025-03-25,5,2826.4,30.62,301.46
2906,163,2025-01-02,5,2319.94,239.96,171.94
2907,105,2025-03-15,3,3865.35,608.6,541.7
2908,156,2025-11-16,2,3395.43,2.03,590.74
2909,128,2025-09-02,1,737.06,92.3,106.4
2910,177,2025-08-13,4,1444.15,157.94,261.3
2911,221,2025-01-11,3,2699.37,55.39,259.16
2912,104,2025-04-22,1,748.47,111.86,74.32
2913,171,2025-04-29,4,121,10.72,10.54
2914,86,2025-01-30,5,4108.53,162.04,596.71
2915,245,2025-06-09,1,2825.11,32.84,694.69
2916,251,2025-05-13,4,4727.72,618.22,579.84
2917,110,2025-03-17,2,3447.93,352.37,297.74
2918,78,2025-01-04,1,4135.49,706.62,713.32
2919,99,2025-01-03,2,1217.53,148.59,139.17
2920,260,2025-10-07,4,403.26,33.62,81.88
2921,11,2025-09-13,2,3742.85,84.89,785.26
2922,255,2025-10-08,5,2816.62,402.46,422.42
2923,73,2025-03-30,4,3820.12,17.05,369.79
2924,42,2025-05-12,5,4737.62,122.48,546.28
2925,266,2025-08-03,3,2223.39,409.84,286.25
2926,13,2025-09-08,1,1794.22,105.93,278.52
2927,55,2025-11-11,2,672.78,78.27,84.06
2928,31,2025-05-20,3,1402.23,230.82,108.84
2929,255,2025-09-18,1,3303.7,71.43,469.87
2930,253,2025-11-15,5,3989.78,236.72,490.81
2931,193,2025-02-19,5,713.06,78.21,98.17
2932,57,2025-12-30,4,811.19,115.08,69.16
2933,31,2025-11-21,3,2907.93,14.24,273.56
2934,221,2025-06-19,1,4745.32,391.51,583.54
2935,244,2025-04-21,5,2938.26,345.43,628.96
2936,193,2025-10-06,2,576.73,43.62,132.37
2937,187,2025-03-27,2,2387.3,218.19,441.02
2938,51,2025-03-30,3,565.37,18.23,91.14
2939,83,2025-05-24,2,529.54,48.78,51.91
2940,135,2025-05-31,2,936.23,154.71,189.71
2941,209,2025-03-31,1,3517.19,498.84,342.03
2942,220,2025-02-12,1,3905,527.97,490.39
2943,28,2025-05-17,4,4621.67,706.81,581.15
2944,120,2025-07-24,2,2817,266.77,225.31
2945,83,2025-08-11,3,4769.71,836.68,419.94
2946,107,2025-03-23,1,859.27,128.68,64.7
2947,63,2025-01-20,4,4739.12,587.31,916.5
2948,140,2025-05-10,5,1428.61,204.47,243.93
2949,212,2025-11-06,5,3886.29,533.76,391.39
2950,11,2025-10-07,5,396.05,32.43,45.46
2951,268,2025-04-09,1,376.04,62.98,60.33
2952,151,2025-09-15,4,2649.48,485.83,181.54
2953,27,2025-05-09,5,1970.64,221.71,356.73
2954,4,2025-09-07,5,913.54,50.21,202.53
2955,135,2025-12-25,4,4384.98,86.26,741.29
2956,201,2025-05-18,4,2028.26,42.56,329.6
2957,141,2025-03-27,4,780.96,143.73,60.07
2958,88,2025-09-03,2,3168.08,117.11,444.35
2959,228,2025-10-17,4,125.22,25.02,18.06
2960,81,2025-01-25,2,4793.82,597.59,612.97
2961,67,2025-06-30,2,4551.03,90.72,423.48
2962,71,2025-06-08,1,1989.74,386.11,288.2
2963,142,2025-10-01,5,1224.6,101.88,152.86
2964,195,2025-12-05,3,1825.98,134.85,140.42
2965,118,2025-12-15,2,1289.41,33.63,114.04
2966,217,2025-12-26,5,1484.14,96.14,138.53
2967,150,2025-10-14,1,1200.78,142.09,113.45
2968,13,2025-09-30,3,4085.89,507.84,484.93
2969,81,2025-09-03,5,3757.25,263.66,505.7
2970,121,2025-06-06,4,2415.91,420.15,219.22
2971,96,2025-06-28,3,3476.33,676.54,257.02
2972,134,2025-11-23,2,2463.04,192.33,194.48
2973,172,2025-05-16,4,4513.1,633.29,532.36
2974,35,2025-01-06,1,2299.33,411.24,294.42
2975,178,2025-11-04,5,2976.65,290.05,427.54
2976,198,2025-03-13,4,1107.78,146.5,222.05
2977,21,2025-03-17,1,3773.74,505.77,566.63
2978,35,2025-10-05,4,1269.28,168.43,194.8
2979,68,2025-04-28,4,1339.3,10.39,198.19
2980,92,2025-04-22,1,1865.51,346.61,156.19
2981,215,2025-09-04,1,2704.57,460.51,204.76
2982,239,2025-02-24,4,2013.51,343.44,358.07
2983,133,2025-05-22,3,3511.44,505.73,535.54
2984,113,2025-06-11,5,580.85,68.69,58.86
2985,25,2025-04-20,1,2452.56,283.16,384.99
2986,214,2025-08-11,2,3727.61,103.73,876.43
2987,220,2025-05-29,1,2073.68,71.56,321.09
2988,213,2025-05-16,2,3468.88,497.85,556.46
2989,88,2025-06-15,4,4715.21,328.73,608.98
2990,218,2025-08-30,1,1833.66,207.93,261.55
2991,227,2025-11-16,2,4763.33,681.47,896.37
2992,35,2025-01-26,1,3553.15,161.77,378.7
2993,45,2025-09-23,3,2064,401.22,146.14
2994,26,2025-10-15,1,3105.45,53.29,475.99
2995,217,2025-12-31,3,3572.12,646.57,674.65
2996,222,2025-10-06,2,4396.38,511.63,801.98
2997,260,2025-12-16,4,2611.89,482.98,213.7
2998,52,2025-05-24,5,316.46,0.76,69.03
2999,34,2025-07-02,1,4079.59,366.62,437.92
3000,155,2025-01-05,3,3834.65,742.44,737.8
3001,75,2025-10-15,5,3464.08,280.14,492.51
3002,5,2025-06-24,3,2781.73,469.72,441.88
3003,180,2025-06-06,5,3667.77,685.19,430.36
3004,8,2025-01-15,3,1603.4,238.78,184.06
3005,157,2025-12-03,3,4334.9,62.46,648.14
3006,216,2025-10-22,3,4470.32,222.24,1039.68
3007,202,2025-05-22,5,4704.25,253.19,974.75
3008,141,2025-01-06,2,708.61,87.87,55.14
3009,11,2025-01-27,5,3924.86,716.27,749.17
3010,81,2025-02-28,5,2759.76,182.24,476.18
3011,96,2025-03-02,1,4676.74,596.2,428.88
3012,7,2025-03-20,4,4658.72,542.88,379.15
3013,185,2025-01-01,3,4921.46,819.12,515.87
3014,234,2025-09-29,1,4322.39,239.75,575.37
3015,220,2025-09-15,3,3599.1,364.31,311.9
3016,234,2025-03-10,1,53.73,5.96,11.49
3017,214,2025-02-08,5,4276.87,787.17,352.68
3018,130,2025-02-18,1,893.25,175.1,90.68
3019,103,2025-07-31,4,3650.45,330.66,492.17
3020,23,2025-08-07,2,1019.3,9.66,221.18
3021,73,2025-06-08,1,4193.41,560.2,524.92
3022,48,2025-08-09,3,4576.05,881.57,344.1
3023,173,2025-06-15,1,4049.78,667.67,434.61
3024,197,2025-03-30,2,1595.6,258.93,308.6
3025,171,2025-05-17,2,2127.93,75.37,359.64
3026,218,2025-04-07,2,2024,72.72,199.33
3027,220,2025-09-17,3,1296.89,6.62,161.74
3028,72,2025-05-11,4,1253.81,18.57,139.17
3029,78,2025-05-27,1,4474.29,255.93,660.58
3030,108,2025-09-29,4,4924.36,272.56,905.98
3031,219,2025-08-02,1,2355.47,436.81,427.22
3032,23,2025-12-17,5,3754.07,587.25,319.97
3033,74,2025-10-25,2,4207.9,0.19,649.15
3034,5,2025-05-05,2,3092.07,445.02,282.29
3035,95,2025-06-17,2,4743.16,409.41,883.13
3036,154,2025-10-01,4,1480.18,37.72,135.57
3037,112,2025-12-07,4,2925.63,419.31,429.1
3038,91,2025-05-28,4,2343.35,105.12,412.75
3039,54,2025-12-10,3,1744.97,216.63,355.58
3040,157,2025-03-07,4,2550.58,324.24,278.06
3041,192,2025-02-13,4,935.01,160.74,111.91
3042,142,2025-07-10,4,1255.49,26.31,162.13
3043,186,2025-02-08,5,4059.15,681.74,720.55
3044,90,2025-06-04,5,4231.42,602.05,851.98
3045,178,2025-10-12,2,4520.73,809.83,735.93
3046,1,2025-02-13,1,2457.72,340.62,171.23
3047,246,2025-04-19,2,2228.51,144.15,262.7
3048,114,2025-01-10,3,4348.09,715.24,825.35
3049,105,2025-05-09,2,3950.23,527.73,594.58
3050,180,2025-03-30,2,500.06,30.98,44.96
3051,97,2025-11-09,2,2735.15,546.52,508.33
3052,75,2025-05-19,1,4407.5,671.72,644.69
3053,38,2025-08-26,4,1457.25,30.98,305.88
3054,86,2025-07-06,4,486.57,67.77,93.09
3055,205,2025-05-10,1,3647.93,428.45,464.61
3056,57,2025-05-11,5,2184.1,20.75,284.61
3057,166,2025-05-02,3,3531.87,151.83,826.02
3058,112,2025-09-16,3,448.65,79.27,61.91
3059,1,2025-04-23,5,4209.64,387.09,460.25
3060,42,2025-10-29,4,4428.93,192.14,408.45
3061,106,2025-07-01,4,4764.81,308.66,475.16
3062,26,2025-09-02,1,3809.54,385.51,353.6
3063,152,2025-12-09,3,3596.24,257.68,346.82
3064,228,2025-05-11,2,3328.58,326.89,467.95
3065,84,2025-01-14,3,912.24,7.05,167.23
3066,65,2025-10-14,2,2022.08,313.05,208.51
3067,83,2025-02-11,4,3289.38,263.63,551.07
3068,145,2025-01-18,3,3675.61,305.55,371.92
3069,10,2025-04-09,5,3716.66,367.17,597.5
3070,30,2025-02-19,4,2019.52,295.33,148.58
3071,250,2025-04-18,5,2575.82,1.99,543.53
3072,20,2025-07-03,4,4522.93,666.85,458.68
3073,115,2025-03-13,3,3524.57,565.98,480.46
3074,149,2025-10-28,3,1821.55,174.4,235.66
3075,132,2025-09-02,5,347.74,53.24,47.79
3076,128,2025-12-01,1,2234.35,273.67,234.11
3077,84,2025-11-10,3,555.4,99.46,75.42
3078,57,2025-05-20,3,4012.56,350.99,697.83
3079,52,2025-08-09,4,4600.61,625.28,356.38
3080,38,2025-02-17,4,4076.06,211,684.19
3081,34,2025-10-04,4,3180.09,548.44,436.69
3082,86,2025-03-14,4,1661.76,56.36,271.49
3083,55,2025-05-25,2,1329.52,178.89,101.75
3084,109,2025-08-13,4,4793.86,529.02,403.56
3085,245,2025-03-28,3,4843.97,394.2,1011.4
3086,114,2025-11-12,4,3568.26,104.03,798.34
3087,229,2025-11-14,3,2780.36,99.33,242.36
3088,43,2025-02-09,5,3473.27,301.98,713.77
3089,64,2025-03-12,2,2949.96,27.55,300.94
3090,80,2025-05-12,1,3574.67,401.18,601.25
3091,36,2025-08-30,2,4836.85,151.34,450.65
3092,72,2025-09-16,4,3989.09,729.49,476.15
3093,124,2025-04-16,1,3786.64,174.91,533.49
3094,67,2025-09-18,4,2321.12,120.57,501.5
3095,149,2025-03-04,1,926.14,50.57,149.56
3096,31,2025-08-10,5,4099.18,317.85,519.72
3097,22,2025-04-01,2,3163.14,148.01,244.98
3098,227,2025-12-05,3,1089.28,188.72,192.04
3099,268,2025-09-18,2,3624.24,578.37,738.68
3100,16,2025-07-14,3,2002.44,248.75,150.74
3101,48,2025-04-26,4,3230.91,407.22,458.67
3102,34,2025-07-18,1,1982.17,77.98,344.04
3103,90,2025-11-17,4,1384.02,39.49,126.42
3104,59,2025-04-03,4,800.34,26.62,166.49
3105,53,2025-06-11,4,3220.6,201.94,536.82
3106,150,2025-09-04,5,3172.56,72.26,662.51
3107,37,2025-04-02,1,119.03,14.84,21.01
3108,67,2025-11-05,1,279.79,16.18,44.8
3109,110,2025-03-12,1,1664.61,29.86,402.63
3110,254,2025-05-21,2,4566.37,707.08,847.04
3111,10,2025-08-31,2,1782,229.96,387.25
3112,39,2025-03-28,1,3025.74,369.77,256.68
3113,57,2025-07-07,3,2719.53,390.37,355.9
3114,218,2025-12-24,2,1567.18,146.41,128.35
3115,223,2025-09-12,4,2314.54,249.26,421.74
3116,46,2025-11-20,3,459.63,52.53,42.5
3117,82,2025-02-26,4,3949.66,75.61,326.3
3118,138,2025-06-25,2,271.97,6.71,36.69
3119,131,2025-03-26,1,3649.86,666.14,420.35
3120,15,2025-05-14,2,2343.44,283.64,448.2
3121,112,2025-10-26,2,2900.27,60.92,627.2
3122,193,2025-07-25,1,1381.92,220.96,196.54
3123,165,2025-01-06,1,4621.28,786.2,540.1
3124,127,2025-03-03,4,1716.35,36.17,370.88
3125,113,2025-08-08,3,2566.24,115.69,479.22
3126,12,2025-08-06,5,4076.66,785.7,316.6
3127,210,2025-11-09,2,4511.45,450.67,888.03
3128,137,2025-11-19,1,639.99,15.53,122.64
3129,148,2025-09-23,2,4738.02,143.79,989.48
3130,21,2025-03-23,3,3669.44,218.52,441.39
3131,226,2025-05-07,4,3381.66,396.84,331.24
3132,264,2025-02-17,3,1942.61,218.1,275.94
3133,168,2025-12-06,2,4842.96,118.22,893.47
3134,115,2025-08-15,4,699.61,31.05,118.72
3135,189,2025-01-15,1,3461.71,648.69,536.76
3136,155,2025-11-23,1,3099.34,614.4,464.85
3137,16,2025-08-24,3,3883.9,694.87,351.81
3138,83,2025-01-28,3,355.18,29.46,57.72
3139,160,2025-12-17,5,1722.11,162.28,330.75
3140,39,2025-08-13,4,4880.18,573.79,866.75
3141,51,2025-09-15,4,1433.88,62.62,164.87
3142,237,2025-10-10,5,4012.08,189.92,344.28
3143,38,2025-10-25,4,309.86,6.78,44.64
3144,235,2025-09-01,2,1483.6,48.72,247.75
3145,246,2025-06-18,3,1465.29,213.61,252.17
3146,167,2025-12-12,2,3081.85,391.92,669.57
3147,20,2025-05-22,4,3863.01,381.33,504.99
3148,248,2025-03-17,4,1057.74,13.35,194.37
3149,209,2025-02-04,5,4493.26,61.23,1099.88
3150,167,2025-04-20,5,1379.83,48.26,206.24
3151,218,2025-01-21,4,3726.2,212.18,761.15
3152,52,2025-05-30,3,999.88,151.8,70.07
3153,214,2025-01-27,3,4500.12,390.9,848.19
3154,12,2025-11-10,5,906.51,63.49,151.93
3155,30,2025-12-28,4,677.39,128.59,46
3156,70,2025-07-29,3,3398.22,467.62,572.06
3157,36,2025-01-19,5,1558.32,28.87,344.04
3158,128,2025-11-16,2,4457.95,31.61,684.85
3159,245,2025-09-02,5,1435.25,127.5,135.46
3160,177,2025-03-17,5,3452.92,586.55,571.62
3161,224,2025-05-31,3,1900.89,246.59,387.59
3162,243,2025-01-23,4,383.22,15.91,75.54
3163,139,2025-09-29,1,2173.91,278.48,371.08
3164,52,2025-05-25,1,2169.13,329.92,254.94
3165,43,2025-05-19,2,4632.88,612.95,657.03
3166,190,2025-10-09,3,1308.38,137.35,254.16
3167,224,2025-10-24,2,279.68,48.23,54.94
3168,26,2025-01-07,3,2729.65,29.46,670.05
3169,192,2025-09-15,4,2157.4,204.66,394.39
3170,172,2025-04-01,5,2693.91,307.55,211.51
3171,212,2025-04-12,4,4549.49,189.44,1034.08
3172,139,2025-04-06,3,4817.73,90.54,690.39
3173,235,2025-01-12,4,4973.72,405.67,923.75
3174,4,2025-07-09,5,777.66,149.29,74.42
3175,213,2025-03-21,5,243.13,5.31,59.03
3176,138,2025-05-30,3,2430.65,61.15,313.07
3177,78,2025-11-11,5,4139.52,117.45,545.97
3178,31,2025-12-05,1,3232.24,496.6,554.84
3179,244,2025-05-17,1,2142.78,378.86,294.25
3180,222,2025-01-28,5,3708.57,471.79,736.77
3181,165,2025-12-24,2,2943.26,247.11,357.89
3182,36,2025-10-24,1,294.08,17.95,23.56
3183,241,2025-05-24,4,2438.9,487.58,188.22
3184,266,2025-01-01,3,3065.3,291.95,243.5
3185,263,2025-01-20,5,4087.88,659.17,403.75
3186,11,2025-08-17,5,4565.68,91.48,893
3187,226,2025-06-26,1,1055.27,197.95,166.89
3188,256,2025-02-20,5,3473.38,344.1,736.81
3189,210,2025-08-22,5,3552.02,564.63,408.86
3190,211,2025-09-03,3,4572.3,336.4,1035.72
3191,67,2025-01-13,4,253.15,43.58,29.22
3192,239,2025-03-13,5,1311.25,164.92,257.83
3193,104,2025-01-14,4,1559.69,118.45,315.36
3194,35,2025-09-13,1,2082.84,277.01,289.64
3195,139,2025-04-26,4,91.67,13.27,6.8
3196,155,2025-08-28,1,3558.89,113.28,465.06
3197,265,2025-04-27,2,3899.32,331.29,298.28
3198,11,2025-04-10,2,836.44,37.55,107.12
3199,235,2025-11-16,5,786.93,59.33,63.08
3200,70,2025-01-18,3,583.5,10.11,133.39
3201,253,2025-05-28,3,405.92,42.96,38.57
3202,10,2025-07-25,1,2825.04,554.91,383.17
3203,76,2025-03-05,1,2407.38,171.18,325.36
3204,142,2025-02-07,4,872.79,50.19,164.62
3205,64,2025-09-17,1,1985.76,377.31,212.22
3206,221,2025-12-10,4,183.34,29.85,22.83
3207,75,2025-01-28,2,778.13,20.31,111.08
3208,36,2025-12-08,1,2805.59,131.8,559.18
3209,256,2025-05-12,1,3455.14,526.88,263.62
3210,158,2025-09-20,1,3073.42,476.35,247.38
3211,184,2025-07-06,3,4647.3,23.1,777.29
3212,250,2025-06-30,3,1255.83,124.28,221.99
3213,146,2025-07-25,4,2861.62,471.85,450.43
3214,183,2025-09-15,1,945.92,139.78,156.49
3215,41,2025-01-17,1,3160.42,414.42,242.75
3216,179,2025-01-17,2,3277.48,260.35,493.24
3217,101,2025-03-26,2,758.9,45.02,160.72
3218,97,2025-05-28,1,4063.68,713.26,637.02
3219,121,2025-01-04,1,4675.93,754.87,792.02
3220,58,2025-05-22,2,2726.93,536.72,292.62
3221,110,2025-11-07,2,3853.97,197.68,434.16
3222,186,2025-11-19,1,1034.27,174.45,212.22
3223,158,2025-08-08,1,2037.1,172.28,154.28
3224,259,2025-01-26,2,273.19,9.58,28.77
3225,24,2025-10-15,1,2089.66,328.22,398.77
3226,235,2025-11-29,3,2511.17,485.39,483.25
3227,124,2025-08-24,2,2632.87,283.26,407.25
3228,9,2025-02-02,1,3530.25,359.31,701.47
3229,256,2025-06-23,3,2216.98,177.68,346.35
3230,158,2025-03-18,5,4191.33,357.12,746.66
3231,208,2025-12-22,5,1070.89,71.41,156.53
3232,80,2025-07-16,5,338.57,23.15,33.3
3233,202,2025-05-18,4,1635.21,181.53,186.58
3234,157,2025-06-04,1,119.38,3.36,21.5
3235,98,2025-04-03,1,1385.31,74.7,272.69
3236,24,2025-11-29,1,4554.69,246.49,1020.42
3237,231,2025-07-01,5,2065.44,222.97,226.05
3238,263,2025-06-12,4,1352.52,144.14,121.36
3239,85,2025-05-22,1,613.85,44.14,52.9
3240,48,2025-05-14,3,3817.29,136.63,646.39
3241,76,2025-09-26,1,2621.28,307.71,199.29
3242,51,2025-05-21,2,3049.67,403.76,310.01
3243,99,2025-10-03,2,1026.53,67.53,150.52
3244,68,2025-09-15,2,4756.35,403.25,498.96
3245,173,2025-09-23,2,2098.55,246.19,423.33
3246,188,2025-04-02,4,4689.29,336.78,676.34
3247,115,2025-01-30,5,4723.88,99.32,432.98
3248,229,2025-10-24,4,364.39,41.62,29.31
3249,191,2025-11-19,3,4286.07,0.15,402.18
3250,20,2025-06-12,1,1532.85,206.39,306.14
3251,151,2025-09-24,3,912.67,73.5,179.05
3252,256,2025-10-20,2,173.41,24.34,27.29
3253,172,2025-03-10,5,2245.49,220.86,416.29
3254,152,2025-10-23,1,3906.19,588.35,740.72
3255,105,2025-10-21,2,770.9,10.21,164.25
3256,186,2025-02-04,1,2471.34,330.41,431.17
3257,178,2025-04-11,1,3820.47,610.32,732.86
3258,29,2025-12-25,3,4902.96,668.51,836.29
3259,15,2025-10-30,5,3644.57,207.26,465.64
3260,58,2025-11-02,3,4102.45,32.86,335.63
3261,235,2025-02-17,4,3718.6,587.95,771.04
3262,194,2025-09-14,5,247.71,38.32,26.56
3263,99,2025-11-09,2,298.4,23.54,54.89
3264,258,2025-12-20,2,2678.18,105.03,465.63
3265,50,2025-12-23,2,112.28,14.98,11.99
3266,90,2025-01-04,2,1406.44,277.01,153.74
3267,54,2025-07-08,1,926.74,7.74,146.94
3268,227,2025-03-03,2,469.42,65,91.23
3269,268,2025-02-12,2,1810.57,33.51,253.24
3270,215,2025-06-23,2,681.73,43.23,73.45
3271,216,2025-12-29,2,3835.65,450.77,347.47
3272,35,2025-10-24,2,1540.54,224.27,247.18
3273,238,2025-04-21,5,958.98,83.55,134.48
3274,253,2025-07-08,2,373.71,5,55.54
3275,3,2025-08-04,4,2705.36,183.75,506.21
3276,61,2025-12-11,4,2617.58,390.54,244.86
3277,87,2025-11-08,1,4479.34,549.45,767.99
3278,6,2025-05-16,1,1019.7,200.49,116.86
3279,32,2025-02-15,3,4284.2,247.97,852.13
3280,245,2025-01-19,1,868.51,173.32,87.21
3281,115,2025-03-31,4,3254.99,304.69,550.35
3282,158,2025-10-04,5,2611.22,487.34,492.68
3283,114,2025-03-15,3,4077.21,641.96,597.41
3284,225,2025-10-05,1,2683.6,311.33,584.02
3285,54,2025-06-23,4,1346.05,223.66,248.79
3286,200,2025-09-06,3,4921.84,320.53,567.54
3287,28,2025-04-04,4,1432.07,7.17,164.15
3288,70,2025-05-18,2,761.66,67.48,97.53
3289,41,2025-09-16,4,2103.49,104.15,333.72
3290,83,2025-03-23,3,1803.13,214.92,149.47
3291,30,2025-07-12,2,1149.88,41.07,265.56
3292,105,2025-07-24,4,652.5,105.55,116.25
3293,6,2025-10-25,1,118.39,7.24,9.76
3294,189,2025-11-28,1,4478.51,465.69,894.51
3295,231,2025-03-07,1,4152.93,196.44,561.57
3296,136,2025-06-19,5,372.5,68.38,61.14
3297,236,2025-11-13,5,3668.86,301.92,303.33
3298,53,2025-08-21,4,2424.72,323.89,446.54
3299,246,2025-10-20,4,286.15,8.55,46.35
3300,212,2025-08-27,5,1471.44,260.65,243.89
3301,76,2025-07-25,2,3673.29,100.86,640.77
3302,113,2025-07-06,1,894.11,98.5,137.8
3303,93,2025-08-25,3,2867.28,411.13,494.38
3304,16,2025-02-18,5,2746.81,416.64,510.87
3305,267,2025-05-31,4,3957.04,152.49,786.34
3306,117,2025-06-25,4,205.72,14.19,19.86
3307,259,2025-02-14,1,2593.74,169.93,442.97
3308,79,2025-08-13,4,504.73,77.19,74.2
3309,87,2025-07-12,1,1043.22,143.02,150.27
3310,267,2025-04-29,4,4568.42,274.48,484.13
3311,92,2025-10-23,2,3690.62,687.88,733.86
3312,248,2025-10-12,2,512.77,5.94,65.31
3313,112,2025-08-01,4,621.35,74.35,77.2
3314,237,2025-09-01,1,1648.89,78.48,348.12
3315,90,2025-09-06,4,708.74,63.06,132.75
3316,58,2025-06-30,5,2882.36,19.89,444.96
3317,27,2025-01-26,2,1143.45,75.62,209.7
3318,217,2025-03-15,2,3465.83,570.5,458.36
3319,133,2025-01-10,4,3188.17,170.71,720.51
3320,88,2025-11-17,5,3333.01,629.83,576.66
3321,142,2025-01-08,1,3873.76,734.76,665.82
3322,267,2025-04-01,2,176.78,28.77,32.09
3323,34,2025-12-12,5,4424.02,467.69,695.31
3324,228,2025-04-25,3,3941.08,85,711.65
3325,111,2025-03-26,5,3786.64,692.99,658.4
3326,161,2025-04-18,4,539.15,8.62,91.31
3327,264,2025-03-08,2,4327.45,648.43,350.43
3328,266,2025-08-27,3,3902.75,13.37,464.34
3329,247,2025-12-22,5,1835.05,9.06,373.47
3330,102,2025-11-25,2,4166.39,734.17,450.46
3331,216,2025-02-11,2,4432.61,861.38,413.17
3332,27,2025-07-15,3,4465.27,481.19,347.52
3333,266,2025-08-06,5,1473.21,84.97,160.08
3334,81,2025-05-26,4,3953.41,33.9,866.41
3335,140,2025-03-23,3,3532.69,172.66,817.63
3336,221,2025-12-18,5,4054.44,343.91,369.03
3337,108,2025-10-11,2,538.67,24.95,101.61
3338,91,2025-07-14,4,2025.02,125.83,470
3339,88,2025-10-11,1,3021.84,398.56,485.2
3340,92,2025-07-16,1,1997.67,363.12,394.86
3341,38,2025-04-03,2,819.2,47.83,68.49
3342,233,2025-08-02,5,1375.51,229.9,159.92
3343,37,2025-09-03,2,3899.57,380.98,284.62
3344,116,2025-11-23,3,2739.11,19.65,473.99
3345,93,2025-03-07,3,590.92,7.36,49.06
3346,70,2025-10-29,4,1829.23,102.4,213
3347,70,2025-07-30,4,4238.31,374.39,852.42
3348,187,2025-02-22,2,1754.33,344.98,312.4
3349,29,2025-07-04,1,2195.91,236.62,394.75
3350,117,2025-07-12,1,2414.36,64.61,354.45
3351,63,2025-06-24,4,1897.03,350.97,140.15
3352,37,2025-06-13,2,2304.37,442.29,180.8
3353,190,2025-01-05,3,635.57,4.31,111.4
3354,228,2025-08-06,4,4111.8,528.19,811.7
3355,199,2025-07-15,3,768.11,111.66,96.03
3356,67,2025-08-25,1,1030.66,116.36,88.05
3357,60,2025-04-24,1,3818.05,254.21,306.96
3358,173,2025-01-16,1,3975.92,156.19,494.83
3359,178,2025-05-04,1,592.63,114.81,109.04
3360,221,2025-04-14,1,4900.67,880.93,770.59
3361,257,2025-02-20,4,1066.04,156.58,183.26
3362,92,2025-02-27,5,1335.28,191.73,218.94
3363,243,2025-12-15,4,601.92,113.12,108.39
3364,25,2025-10-23,2,4826.4,437.43,734.74
3365,88,2025-01-05,2,4684.43,684.53,474.92
3366,67,2025-03-03,3,2361.23,41.57,575.06
3367,129,2025-02-22,3,447.13,7.52,72.94
3368,193,2025-10-14,3,3881.68,9.04,788.66
3369,121,2025-12-31,2,1932.84,344.04,289.75
3370,15,2025-11-15,5,1766.28,121.12,319.6
3371,75,2025-06-25,5,1523.06,265.84,221.99
3372,176,2025-04-11,1,2333.24,268.03,342.68
3373,227,2025-03-08,3,4380.9,533.73,851.11
3374,168,2025-05-28,5,2347.96,257.93,487.1
3375,266,2025-05-27,1,274.28,34.5,31.59
3376,156,2025-11-03,4,1607,84.93,328.12
3377,106,2025-11-02,3,2348.25,459.45,290.33
3378,225,2025-10-05,2,3723,587.08,732.17
3379,40,2025-02-14,1,1153.49,42.82,149.11
3380,75,2025-11-01,2,1538.55,112.83,243.64
3381,191,2025-02-10,3,912.67,96.85,171.73
3382,115,2025-10-14,3,3378.96,234.74,464.91
3383,4,2025-04-16,1,1568.06,2.23,139.35
3384,250,2025-08-19,1,4748.73,636.34,647.73
3385,242,2025-09-18,3,2516.65,482.37,265.12
3386,140,2025-11-09,4,3426.76,263.71,623.17
3387,143,2025-02-02,1,3497.5,614.09,694.29
3388,124,2025-07-15,1,4728.3,756.68,545.51
3389,250,2025-10-01,2,1502.53,182.52,224.78
3390,213,2025-10-07,5,1237.49,72.09,153.74
3391,34,2025-05-31,5,1048.06,107.71,95.53
3392,70,2025-01-15,4,2839.14,495.18,357.69
3393,126,2025-08-05,4,867.34,24.92,122.32
3394,65,2025-04-29,4,2000.08,281.14,223.64
3395,161,2025-07-28,1,1839.35,18.77,162.87
3396,45,2025-06-25,4,3254.78,617.97,444.86
3397,190,2025-11-05,5,3972.97,2.38,819.49
3398,264,2025-02-20,1,614.07,53.08,54.8
3399,175,2025-03-29,1,133.59,7.37,23.82
3400,132,2025-03-03,5,3035.73,24.25,482.09
3401,25,2025-04-29,1,150.81,29.61,21.61
3402,208,2025-12-30,5,3628.49,138.8,779.44
3403,184,2025-11-23,1,623.48,60.88,123.75
3404,147,2025-11-15,2,3001.05,273.88,372.34
3405,168,2025-10-14,4,3717.42,414.6,385.34
3406,183,2025-02-10,4,4982.11,829.1,493.68
3407,154,2025-03-20,2,2050.96,364.4,210.33
3408,161,2025-10-02,5,1330.27,241.86,228.68
3409,72,2025-12-27,3,3732.29,1.47,607.6
3410,33,2025-12-26,2,1295.83,43.97,234.92
3411,73,2025-08-05,2,2874.51,412.81,524.51
3412,197,2025-12-19,2,4347.48,509.15,956.5
3413,63,2025-01-10,2,4424.02,312.52,959.83
3414,19,2025-03-28,3,2729.66,400.06,429.95
3415,151,2025-01-18,1,374.73,20.05,57.19
3416,241,2025-06-22,1,1325.71,20.62,276.25
3417,36,2025-11-19,1,287.72,13.93,64.63
3418,71,2025-12-18,5,710.1,89.05,77.6
3419,37,2025-03-08,5,1952.15,138.62,447.21
3420,19,2025-03-11,3,2097.38,314.78,171.07
3421,146,2025-06-13,3,3304.57,223.6,331.99
3422,244,2025-11-13,3,4997.75,416.71,871.18
3423,116,2025-04-15,2,4993.91,109.33,1097.63
3424,200,2025-05-21,1,3317.94,393.71,448.53
3425,209,2025-07-19,5,4770.18,316.75,958.85
3426,88,2025-04-05,4,4330.08,153.98,1017.51
3427,77,2025-07-05,3,608.39,96.73,41.39
3428,54,2025-06-18,3,3492.17,51.18,416.02
3429,183,2025-10-12,5,4059.46,137.83,840.61
3430,239,2025-11-06,5,2085.69,164.1,397.42
3431,32,2025-08-11,1,3888.08,286.22,528.93
3432,116,2025-06-01,3,4457.14,109.16,458.6
3433,101,2025-04-17,4,1413.71,165.04,272.51
3434,188,2025-04-24,3,2151.9,288.65,324.72
3435,96,2025-07-05,1,120.01,5.46,24.22
3436,80,2025-11-04,1,4191.06,196.76,382.41
3437,37,2025-06-30,1,1883.24,330.05,293.53
3438,253,2025-07-05,2,2883.17,38.96,430.61
3439,227,2025-07-06,3,1927.25,285.16,299.32
3440,209,2025-01-12,2,3245.96,171.26,355.33
3441,25,2025-01-27,4,4232.08,25.26,516.96
3442,175,2025-08-12,4,1808.83,96.07,178.13
3443,82,2025-02-16,5,3561.39,527.39,737.65
3444,4,2025-06-11,1,896.75,5.02,210.35
3445,91,2025-03-12,2,1034.61,48.73,232.64
3446,216,2025-12-14,5,2650.85,64.67,527.92
3447,266,2025-08-09,5,2193.25,36.55,404.3
3448,44,2025-11-20,5,2246.79,193.91,428.58
3449,85,2025-03-02,2,1729.67,262.01,134.13
3450,180,2025-03-12,5,4430.63,177.2,465.07
3451,18,2025-02-26,3,2467.38,407.21,427.91
3452,106,2025-10-04,2,1332.26,201.4,240.75
3453,114,2025-10-29,4,2110.58,182,330.13
3454,180,2025-06-17,4,906.16,104.24,166.39
3455,136,2025-11-27,1,4370.32,346.6,327.41
3456,188,2025-07-20,1,2709.09,518.51,514.69
3457,140,2025-05-26,4,1753.54,268.1,214.58
3458,143,2025-05-17,5,710.11,105.02,78.26
3459,71,2025-10-15,3,4262.67,778.69,632.39
3460,66,2025-04-18,2,2913.16,72.42,678.68
3461,152,2025-09-05,2,1535.2,96.84,151.89
3462,104,2025-08-18,5,4526.94,390.37,875.36
3463,127,2025-02-16,2,845.23,160.91,105.84
3464,208,2025-10-01,5,2844.81,389.41,375.76
3465,165,2025-11-24,3,4598.32,566.75,842.61
3466,221,2025-05-08,3,2156.71,421.92,219.97
3467,78,2025-07-15,3,4556.11,826.27,508.19
3468,232,2025-05-07,4,1110.9,137.68,227.35
3469,123,2025-07-09,1,1165.14,133.07,130.14
3470,202,2025-07-06,5,4038.31,665.41,816.76
3471,12,2025-10-08,3,3108.78,120.52,308.66
3472,211,2025-05-04,1,1335.66,72.41,170.41
3473,201,2025-10-04,4,2444.43,129.24,407
3474,35,2025-04-06,5,2183.67,318.57,172.72
3475,212,2025-09-04,2,937.56,129.26,111.39
3476,268,2025-12-26,4,1860.48,70.7,275.92
3477,225,2025-10-27,3,1480.7,78.57,340.29
3478,68,2025-02-08,2,1844.9,105.39,278.14
3479,249,2025-05-25,1,2857.61,45.49,266.5
3480,51,2025-11-30,5,952.49,1.39,108.58
3481,214,2025-06-11,4,4788.25,223.65,455.89
3482,40,2025-01-09,2,1253.24,229.87,124.02
3483,10,2025-08-18,4,2494.69,458.01,292.46
3484,134,2025-10-08,5,3307.36,279.07,415.17
3485,16,2025-10-22,2,3578.9,140.31,709.8
3486,175,2025-04-23,3,3435.9,457.04,392.64
3487,178,2025-08-16,4,2213.21,7.46,314.62
3488,157,2025-07-11,4,2868.78,109.17,248.12
3489,14,2025-01-25,5,2681.56,109.73,355.31
3490,168,2025-03-16,5,859.06,78.21,159.17
3491,6,2025-05-08,5,4466.4,434.35,357.14
3492,158,2025-04-10,4,985.38,71.94,101.18
3493,221,2025-07-31,2,847.88,168.64,103.94
3494,119,2025-01-25,2,62.51,5.27,6.34
3495,54,2025-07-13,1,4005.28,420.63,831.18
3496,169,2025-09-07,1,1043.43,168.46,157.82
3497,179,2025-01-16,3,1915.7,160.36,434.88
3498,222,2025-06-19,1,4426.81,368.99,548.69
3499,102,2025-08-06,1,2029.05,15.61,494.53
3500,13,2025-10-10,1,868.74,50.42,158.12
3501,220,2025-07-12,1,3273.19,255.59,405.34
3502,166,2025-11-20,5,2259.22,357.27,428.35
3503,120,2025-06-27,1,2256.92,119.58,488
3504,164,2025-02-27,5,326.44,63.37,51.7
3505,151,2025-10-09,1,1821.71,122.59,281.72
3506,186,2025-07-03,4,231.92,36.15,21.29
3507,224,2025-10-29,1,4452.35,729.24,486.46
3508,193,2025-10-20,3,4749.72,223.69,439.75
3509,212,2025-01-24,3,1742.83,71.09,323.47
3510,201,2025-08-27,5,3906.65,143.36,384.01
3511,21,2025-11-13,2,4086.79,642.4,408.17
3512,73,2025-08-05,4,1389.77,20.29,132.18
3513,102,2025-05-10,4,491.25,66.69,80.56
3514,247,2025-03-02,3,3045.3,250.73,278.9
3515,196,2025-10-08,3,3267.07,454.57,625.07
3516,3,2025-01-06,1,3864.71,154.53,478.79
3517,46,2025-03-25,4,1315.75,79.24,159.86
3518,102,2025-05-15,1,3640.33,184.02,759.63
3519,115,2025-03-07,5,2406.98,246.24,177.32
3520,252,2025-10-23,4,399.17,63.95,67.94
3521,155,2025-07-06,2,3898.55,46.63,484.96
3522,170,2025-11-26,2,1383.81,170.47,166.4
3523,176,2025-11-06,4,1431.2,31.22,284.95
3524,150,2025-09-29,1,4896,923.17,459.37
3525,245,2025-03-01,2,4947.83,517.16,562.28
3526,186,2025-12-19,4,2374.12,293.74,394.88
3527,5,2025-04-19,2,1360.84,245.87,121.11
3528,187,2025-10-20,4,3144.88,208.17,522.82
3529,180,2025-07-25,4,4992.85,101.12,930.98
3530,52,2025-04-07,2,3523.98,572.31,256.63
3531,229,2025-07-09,3,3727.35,15.95,589.21
3532,165,2025-03-12,1,4212.36,152.53,886.24
3533,256,2025-11-02,2,4956.94,712.08,940.05
3534,110,2025-02-11,1,1840.42,60.34,332.82
3535,230,2025-04-23,3,1877.85,80.9,224.1
3536,31,2025-04-05,4,3920.97,313.37,809.18
3537,98,2025-08-22,1,3376.8,197.66,554.73
3538,9,2025-01-09,4,1244.42,106.73,233.17
3539,255,2025-04-01,1,781.12,38.96,136.59
3540,173,2025-05-05,4,2706.97,326.83,434.91
3541,235,2025-02-05,4,1656.27,218.65,180.66
3542,31,2025-12-07,4,2952.18,384.65,481.36
3543,219,2025-10-29,2,4291.63,490.74,922.69
3544,14,2025-08-25,5,2162.66,164.4,335.62
3545,180,2025-06-29,2,2804.1,42.43,527.6
3546,247,2025-03-24,4,2982.79,286.55,308.75
3547,162,2025-07-05,3,4744.55,9.49,552.23
3548,78,2025-02-22,2,2260.39,190.77,189.21
3549,45,2025-08-30,4,2735.52,237.27,587.8
3550,66,2025-10-23,4,3110.99,63.48,421.68
3551,207,2025-11-17,2,499.79,96.1,39.29
3552,142,2025-02-05,2,4757.68,88.42,889.05
3553,110,2025-05-24,2,708.35,108.17,77.83
3554,40,2025-07-20,4,1276.2,62.59,248.35
3555,215,2025-02-09,4,3494.45,103.44,409.04
3556,186,2025-03-08,2,2756.63,133.4,455.41
3557,251,2025-07-19,5,3261.52,173.69,427.1
3558,41,2025-12-08,1,2199.07,23.77,321.7
3559,40,2025-04-10,5,824.78,14.73,83.18
3560,262,2025-03-07,4,4994.95,1.51,854.64
3561,103,2025-07-03,1,4155.67,576.03,456.79
3562,153,2025-02-19,5,4701.49,102.86,705.75
3563,102,2025-08-22,4,3822.79,466.82,750.01
3564,190,2025-04-14,4,2825.14,379.79,529.43
3565,170,2025-10-16,5,1365.29,90.15,264.99
3566,185,2025-10-25,2,2378.17,411.92,312.57
3567,176,2025-07-06,5,1787.55,290.59,293.1
3568,136,2025-06-27,4,1066.98,195.64,136.91
3569,224,2025-02-26,2,3237.05,62.97,523.37
3570,263,2025-11-13,4,4287.46,713.91,591.94
3571,56,2025-02-05,5,3667.37,242.09,843.98
3572,250,2025-01-11,1,4699.58,421.78,621.09
3573,147,2025-06-14,4,2426.77,343.13,502
3574,233,2025-12-18,3,904.66,129.09,64.87
3575,255,2025-06-30,3,373.54,16.64,50.94
3576,190,2025-11-14,4,1106.32,77.22,94.4
3577,212,2025-08-04,1,840.77,5.15,158.62
3578,136,2025-03-07,4,968.2,176.86,140.73
3579,12,2025-03-11,2,3781.8,442.71,747.25
3580,70,2025-07-06,3,4496.74,253.35,678.51
3581,172,2025-11-09,1,1381.54,109.98,302.68
3582,241,2025-03-17,1,4488.75,607.96,487.58
3583,70,2025-12-08,5,3363.19,83.65,410.11
3584,145,2025-12-26,3,438.51,19.32,52.96
3585,255,2025-11-14,5,1960.13,104.35,363.39
3586,188,2025-06-10,3,53.47,5.31,11.71
3587,174,2025-03-20,5,1306.92,210.98,212.42
3588,219,2025-11-09,1,3037.27,219.9,269.43
3589,154,2025-03-23,3,4750,937.49,734.98
3590,252,2025-02-28,4,2307.33,29.02,569
3591,42,2025-02-06,1,417.8,22.45,73.34
3592,179,2025-03-14,2,3715.89,356.76,436.6
3593,122,2025-12-18,1,4256.54,310.61,911.51
3594,61,2025-05-12,3,3714.82,720.72,437.77
3595,9,2025-05-10,3,4788.68,736.55,649.24
3596,114,2025-07-15,1,3842.93,376.53,648.44
3597,109,2025-03-05,2,4532.31,79.44,579.16
3598,91,2025-07-25,1,3023.61,140.71,539.78
3599,136,2025-11-24,3,2607.01,409.38,413.53
3600,29,2025-05-07,2,4777.29,54.39,810.96
3601,79,2025-05-16,1,1943.78,267.46,324.65
3602,43,2025-07-13,3,2459.59,67.75,251.54
3603,266,2025-12-01,1,1163.61,121.3,219.38
3604,258,2025-11-22,5,858.56,11.09,147.76
3605,130,2025-08-19,2,3424.4,565.08,595.44
3606,27,2025-10-04,4,872.71,36.07,149.15
3607,59,2025-09-26,3,2731.62,432.22,226.95
3608,194,2025-09-28,4,673.28,86.99,79.84
3609,217,2025-06-26,1,4847.63,99.92,887.58
3610,98,2025-10-28,2,4936.87,295.73,903.11
3611,82,2025-04-27,1,2888.42,546.76,583.82
3612,250,2025-10-30,1,1159.89,171.97,124.69
3613,194,2025-12-31,3,4137.26,609.27,718.53
3614,225,2025-01-31,5,2342.87,72.48,355.19
3615,256,2025-06-07,4,398.88,17.45,91.05
3616,150,2025-07-12,1,2518.03,434.43,370.73
3617,11,2025-01-11,4,1600.07,105.15,191.28
3618,222,2025-03-01,2,1591.98,57.63,197.76
3619,194,2025-11-05,1,2170.66,261.08,205.95
3620,32,2025-08-22,1,2990.38,136.16,535.48
3621,170,2025-07-04,5,3786.58,93.34,677.92
3622,34,2025-11-19,1,1399.09,156.25,111.79
3623,52,2025-01-28,5,1927.8,157.14,231.53
3624,207,2025-04-29,5,1164.77,188.24,196.89
3625,122,2025-07-28,2,1693.88,304.21,272.42
3626,72,2025-05-22,4,2241.88,59.8,266.93
3627,177,2025-04-12,3,2502.13,39.96,410.82
3628,252,2025-08-24,2,1553,301.2,203.51
3629,259,2025-08-13,2,1751.51,25.76,418.8
3630,230,2025-03-05,5,744.68,140.9,80.23
3631,166,2025-01-15,1,4450.6,382.75,798.54
3632,153,2025-06-20,4,3136.98,315.55,703.72
3633,212,2025-04-03,1,4962.03,120.78,783.77
3634,108,2025-05-20,2,1823.45,86.77,257.18
3635,48,2025-04-01,1,2065.17,28.2,499.73
3636,44,2025-04-23,5,2002.96,388.61,262.84
3637,198,2025-12-08,1,3532.64,495.16,695.17
3638,155,2025-08-26,1,4214.56,807.51,437.62
3639,140,2025-06-17,2,2421.47,320.55,255.23
3640,88,2025-11-18,2,4939.7,529.61,1067.85
3641,15,2025-10-18,3,4208.01,190.87,598.21
3642,102,2025-11-20,1,2050.76,242.58,203.52
3643,26,2025-06-12,4,1011.33,45.42,234.24
3644,194,2025-10-16,1,346.56,38.54,30.84
3645,195,2025-06-20,4,4376.07,485.19,441.76
3646,203,2025-06-21,2,427.4,32.52,68.31
3647,103,2025-12-02,1,1909.56,54.26,404.51
3648,62,2025-08-15,5,2567.76,294.1,278.09
3649,87,2025-08-30,5,4566.58,10.48,559.62
3650,163,2025-07-02,1,2112.49,347.75,267.71
3651,102,2025-07-24,1,4643.9,266.3,412.02
3652,119,2025-07-10,4,314.13,43.56,51.9
3653,60,2025-11-11,3,2933.39,555.97,309.25
3654,193,2025-07-17,1,3219.31,564.41,311.24
3655,99,2025-01-04,2,2653.21,458.71,402.4
3656,59,2025-05-26,5,3819.26,73.96,460.53
3657,94,2025-10-22,2,1723.14,240.26,232.9
3658,74,2025-08-23,2,3642.71,502.38,428.59
3659,187,2025-07-31,2,2680.13,234.13,542.45
3660,150,2025-11-18,5,1941.3,127.64,303.08
3661,68,2025-08-13,4,599.51,4.47,50.81
3662,261,2025-05-20,3,1044.91,97.88,196.68
3663,21,2025-12-31,5,1420.89,270,227.99
3664,72,2025-02-04,5,299.49,57.58,38.84
3665,124,2025-11-25,5,4069.88,538.11,746.87
3666,133,2025-09-15,4,1506.15,111.38,169.8
3667,22,2025-02-02,3,2388.68,445.36,211.76
3668,32,2025-06-21,4,1167.75,109.96,249.12
3669,109,2025-07-17,1,4655.75,727.54,349.43
3670,159,2025-12-09,4,4711.32,312.64,401.13
3671,138,2025-10-21,5,290.12,51.06,54.28
3672,39,2025-03-08,4,3652.3,694.23,606.22
3673,221,2025-03-18,4,474.3,24.55,99.23
3674,248,2025-08-24,4,2300.8,75.1,212.04
3675,217,2025-04-19,4,1936.06,280.11,296.35
3676,71,2025-12-25,5,2999.93,251.17,434.48
3677,194,2025-12-11,3,726.43,67.18,76.39
3678,179,2025-09-13,4,2065.32,40.81,391.11
3679,247,2025-05-29,4,3592.91,225.98,615.75
3680,132,2025-07-30,2,164.84,8.37,38.24
3681,175,2025-10-29,1,2411.75,427.19,416.08
3682,258,2025-02-18,3,4958.16,225.46,839.48
3683,34,2025-02-23,5,1794.56,320.1,250.48
3684,240,2025-11-04,1,2003.31,15.08,230.23
3685,3,2025-11-25,4,1327.13,173.58,166.35
3686,58,2025-09-28,3,1257.67,239.27,254.25
3687,70,2025-09-01,5,3291.49,202.76,730.63
3688,29,2025-11-01,2,1169.7,99.37,176.52
3689,198,2025-06-07,1,1943.33,78.52,189.48
3690,120,2025-10-12,3,3617.86,86.37,534.26
3691,17,2025-10-24,2,1879.2,67.1,401.08
3692,124,2025-03-02,4,3253.49,183.67,688.57
3693,184,2025-08-11,2,3479.98,249.26,732.55
3694,130,2025-09-24,2,2502.68,343.59,355.82
3695,151,2025-11-19,1,4495.7,566.32,436.87
3696,156,2025-03-03,4,2123.81,225.51,421.16
3697,68,2025-03-03,1,3697.68,113.32,862.86
3698,260,2025-04-03,4,3659.34,582.55,370.12
3699,34,2025-10-24,1,1495.42,289.24,266.96
3700,178,2025-04-19,2,1858.5,159.99,232.29
3701,153,2025-09-08,1,4079.71,468.87,695.61
3702,133,2025-08-19,3,2833.99,255.58,474.06
3703,104,2025-02-18,2,55.44,2,13.22
3704,127,2025-05-06,2,464.83,54.02,59.78
3705,18,2025-12-09,1,1676.62,18.65,198.19
3706,245,2025-05-27,5,3499.3,121.13,792.22
3707,196,2025-10-09,2,1458.56,148.69,107.86
3708,6,2025-12-25,2,3556.76,57.44,771.14
3709,202,2025-11-17,2,3696.99,535.32,659.1
3710,177,2025-09-04,2,1992,48.33,300.42
3711,164,2025-06-28,5,1193.5,124.98,202.54
3712,187,2025-05-15,3,1858.66,124.09,244.67
3713,27,2025-02-25,2,3338.25,481.26,644.32
3714,152,2025-07-25,3,4720.67,632.48,899.27
3715,32,2025-08-02,4,4699.93,226.53,874.73
3716,125,2025-07-14,3,911.51,162.95,155.05
3717,135,2025-07-11,4,4352.74,605.69,573.08
3718,47,2025-05-15,5,716.61,50.08,79.45
3719,197,2025-02-14,5,1152.77,158.97,94.72
3720,97,2025-09-30,4,1437.5,73.24,273.62
3721,254,2025-12-11,1,3009.51,445.05,548.51
3722,252,2025-10-09,2,532.55,21.44,108.45
3723,233,2025-11-01,5,326.78,4.1,34.25
3724,118,2025-03-13,4,2822.91,544.29,503.63
3725,239,2025-11-02,2,460.26,4.2,64.25
3726,13,2025-03-28,2,4239.97,648.72,482.09
3727,77,2025-10-22,4,3706.41,528.18,660.43
3728,251,2025-05-10,2,2818.36,96.82,223.68
3729,182,2025-09-15,3,1189.29,121.23,115.99
3730,103,2025-12-03,5,3298.04,476.9,398.55
3731,42,2025-12-02,2,3289.48,60.48,386.12
3732,243,2025-08-16,1,2472.5,39.31,375.96
3733,217,2025-08-19,1,830.26,64.61,127.73
3734,101,2025-07-11,1,4836.65,275.96,823.05
3735,29,2025-08-10,4,4833.48,786.74,447.37
3736,18,2025-07-14,3,3273.36,513.71,528.76
3737,147,2025-01-08,4,1413.76,194.27,235.18
3738,160,2025-07-30,5,311.15,59.42,26.73
3739,92,2025-11-29,5,553.84,5.55,88.54
3740,88,2025-10-30,2,1814.28,206.49,247.84
3741,68,2025-12-02,3,4920.7,812.82,1026.03
3742,7,2025-02-28,5,1269.71,157.66,113.91
3743,177,2025-03-21,1,4833.42,179.18,1159.72
3744,190,2025-06-08,2,3760.52,198.14,478.73
3745,145,2025-01-27,2,4444.24,234.49,799.5
3746,199,2025-06-27,5,2409.63,316.99,494.15
3747,260,2025-05-04,3,4308.4,198.28,469.2
3748,12,2025-11-07,3,3826.56,176.45,654.43
3749,134,2025-07-29,2,4423.24,486.04,769.53
3750,130,2025-03-21,4,2854.67,357.69,600.24
3751,252,2025-11-28,4,4226.94,401.86,565.09
3752,21,2025-07-31,5,2137.95,30.13,460.22
3753,245,2025-10-25,2,2371.46,150.84,373.03
3754,133,2025-05-24,5,4055.56,83.87,662.82
3755,263,2025-07-21,4,2648.43,35.34,277.91
3756,241,2025-05-17,5,1693.59,50.78,393.34
3757,266,2025-05-22,5,3753.94,167.63,798.12
3758,62,2025-11-08,4,3790.61,324.11,300.09
3759,11,2025-11-12,1,4574.58,73.54,1088.68
3760,251,2025-06-30,1,707.01,34.4,167.63
3761,72,2025-04-15,4,663.72,127.38,51.49
3762,30,2025-02-27,1,1840.76,206.38,387
3763,247,2025-05-17,4,4517.78,98.2,749.42
3764,192,2025-10-02,5,4257.54,120.52,612.16
3765,111,2025-12-13,3,2282.97,137.14,322.97
3766,42,2025-11-17,3,164.75,5.37,23.94
3767,129,2025-08-13,2,586.08,61.63,119.76
3768,178,2025-10-17,4,1100.48,62.94,190.16
3769,117,2025-03-08,5,3105.51,484.37,541.38
3770,11,2025-10-29,5,934.36,127.78,64.65
3771,34,2025-07-26,3,3956.42,299.67,442.21
3772,143,2025-08-15,1,705.42,130.14,87.09
3773,118,2025-12-25,1,3036.59,14.24,564.75
3774,207,2025-02-22,2,1604.13,141.36,234.56
3775,239,2025-12-08,4,1837.02,349.44,176.54
3776,141,2025-04-30,1,2278.29,257.48,293.29
3777,216,2025-04-27,4,4490.3,337.5,698.08
3778,21,2025-11-08,1,2461.24,39.76,481.26
3779,207,2025-04-02,2,2791.65,533.59,552.63
3780,228,2025-11-30,3,4599.81,203.1,533.25
3781,237,2025-11-17,1,4931.12,340.55,456.95
3782,150,2025-09-06,5,3107.16,70.47,445.41
3783,4,2025-03-26,3,263.94,50.54,52.83
3784,89,2025-01-17,2,1399.15,25.76,163.7
3785,104,2025-07-30,2,2475.42,494.1,379.04
3786,181,2025-08-13,4,385.24,7.52,57.82
3787,35,2025-09-29,3,388.76,12.5,55.01
3788,55,2025-08-06,3,1266.87,189.75,131.63
3789,138,2025-11-30,4,1547.27,70.83,213.48
3790,262,2025-10-22,5,403.7,80.06,26.31
3791,248,2025-01-21,4,3886.39,373.47,301.59
3792,265,2025-10-03,3,2169.61,76.95,258.32
3793,13,2025-09-01,4,3448.71,544.76,420.9
3794,39,2025-12-10,1,3506.35,231.48,397.6
3795,249,2025-02-21,3,2212.91,263.25,454.28
3796,161,2025-09-19,1,399.53,69.74,62.51
3797,153,2025-04-15,4,1482.86,32.76,185.01
3798,20,2025-08-03,5,2629.25,65.04,454.25
3799,49,2025-10-29,3,727.78,85.35,62.9
3800,89,2025-07-01,4,3641.55,333.09,753.06
3801,245,2025-08-07,5,2853.33,9.94,663.74
3802,204,2025-12-09,2,3260.04,607.32,547.12
3803,171,2025-08-26,1,4104.76,141.56,473.92
3804,117,2025-08-17,1,833.22,23.62,182.1
3805,139,2025-01-17,1,2036.71,76.34,237.14
3806,173,2025-04-28,4,3010.88,289.01,252.06
3807,238,2025-04-18,2,1835.43,360.43,222.97
3808,4,2025-01-30,4,985.78,78.43,197.84
3809,37,2025-08-19,4,297.83,13.11,57.04
3810,149,2025-05-27,5,1100.95,184.75,117.68
3811,123,2025-09-17,3,4736.73,762.41,943.27
3812,236,2025-12-06,5,2431.98,161.33,345.71
3813,245,2025-05-14,2,3278.45,530.07,434.4
3814,22,2025-11-25,2,2645.62,245.46,434.24
3815,122,2025-06-13,4,3578.35,503.45,342.14
3816,218,2025-12-09,4,4613.28,519.13,527.19
3817,61,2025-01-27,3,4692.04,719.47,720.37
3818,213,2025-08-14,2,1255.54,101.23,121.82
3819,102,2025-04-09,3,1091.65,36.46,202.38
3820,80,2025-07-14,2,1394.18,121.24,297.55
3821,58,2025-12-09,5,486.05,48.32,86.39
3822,173,2025-05-29,2,3477.23,133.73,404.43
3823,50,2025-04-21,2,719.78,2.94,75.83
3824,174,2025-09-07,2,575.16,7.19,134.78
3825,16,2025-09-26,3,3454.68,39.36,497.13
3826,103,2025-12-10,5,4542.87,386.36,430.48
3827,263,2025-10-19,5,4126.6,37.22,844.94
3828,229,2025-08-18,5,2621.41,447.91,326.77
3829,234,2025-06-26,2,834.31,40.96,87.18
3830,42,2025-07-03,3,3130.26,399.86,537.94
3831,15,2025-12-18,1,193.55,35.03,14.64
3832,203,2025-10-12,1,580.57,3,51.73
3833,124,2025-01-22,4,2631.62,336.55,479.47
3834,119,2025-10-25,2,1055.1,150.19,211.19
3835,89,2025-11-17,4,4451.88,529.53,806.21
3836,236,2025-10-07,2,4592.1,117.3,560.72
3837,60,2025-09-22,4,227.86,21.97,41.16
3838,46,2025-03-08,3,856.87,159.58,152.18
3839,229,2025-02-21,1,395.3,73.07,53.92
3840,33,2025-10-09,4,3022.18,55.39,694.51
3841,97,2025-10-31,5,960.8,78.13,80.32
3842,128,2025-09-06,2,305.16,46.26,62.38
3843,19,2025-04-26,1,4801.66,568.07,735.85
3844,43,2025-03-13,1,3423.73,682.53,524.42
3845,168,2025-03-11,1,1903.52,124.99,185.56
3846,266,2025-07-13,5,914.84,102.4,99.48
3847,85,2025-12-03,5,1378.52,253.72,150.32
3848,35,2025-07-25,3,4635.67,469.62,587.68
3849,128,2025-07-22,1,3932.9,691.02,299.4
3850,240,2025-01-12,5,2188.08,373.74,371.66
3851,254,2025-03-12,3,1836.71,10.43,313.04
3852,191,2025-01-02,4,3866.45,512.74,706.11
3853,206,2025-10-31,5,4830.91,136.2,728.1
3854,241,2025-01-20,2,1447.09,243.72,177.72
3855,169,2025-03-25,5,1896.28,120.42,250.85
3856,202,2025-09-05,1,2796.49,517.48,479.72
3857,106,2025-04-03,5,1415.27,66.05,126.33
3858,122,2025-10-06,3,4641.31,724.38,583.72
3859,110,2025-12-23,4,1489.88,71.1,148.11
3860,248,2025-07-13,2,1627.08,193.76,260.71
3861,79,2025-05-03,4,4024.9,39.79,755.07
3862,109,2025-09-29,1,3730.71,352.28,285.98
3863,92,2025-01-31,2,3458.01,167.3,716.7
3864,233,2025-10-12,3,928.59,116.09,198.73
3865,182,2025-11-28,3,4041.16,725.92,425.72
3866,241,2025-12-11,4,1382.85,199.34,184.13
3867,26,2025-06-01,5,3513.16,193.55,483.95
3868,22,2025-01-13,1,690.36,61.23,96.12
3869,152,2025-03-19,3,2820.1,353.36,298.91
3870,49,2025-05-08,3,975.18,114.56,76.85
3871,55,2025-11-26,1,4719.53,572.11,859.96
3872,178,2025-08-31,4,2944.25,512.73,503.62
3873,109,2025-10-14,5,2951.99,511.44,296.56
3874,135,2025-08-01,5,1294.44,86.06,213.48
3875,265,2025-02-21,3,1513.94,24.16,253.09
3876,133,2025-05-10,4,535.02,25.32,74.26
3877,156,2025-09-29,3,3702.03,398.17,510.36
3878,30,2025-07-09,1,237.29,30.52,32.78
3879,210,2025-09-26,3,1362.71,263.12,100.45
3880,34,2025-09-26,3,456.58,1.64,96.49
3881,229,2025-09-12,4,1568.2,231.32,221.06
3882,151,2025-08-04,4,1092.27,73.2,234.15
3883,106,2025-01-04,4,572.34,94.26,74.26
3884,162,2025-11-04,5,1262.96,246.94,95.75
3885,83,2025-02-28,4,4425.72,202.4,385.73
3886,2,2025-12-15,2,526.63,80.33,87.86
3887,25,2025-10-27,5,4579.99,156.63,667.32
3888,31,2025-08-16,2,4081.82,20.16,655.38
3889,167,2025-05-16,5,4943.22,373.8,918.62
3890,61,2025-10-21,1,3973.08,727.58,429.45
3891,85,2025-04-25,3,3697.36,617.09,289.68
3892,135,2025-04-25,4,2729.81,452.99,271.55
3893,26,2025-01-01,5,3832.09,323.91,668.51
3894,257,2025-11-05,2,2819.28,146.93,327.81
3895,111,2025-02-22,5,3255.34,504.13,535.72
3896,110,2025-05-24,3,4438.51,127.78,1035.48
3897,143,2025-04-09,1,3398.52,454.07,518.36
3898,137,2025-02-01,3,1004.79,118.37,219.97
3899,10,2025-03-25,1,2277.88,227.72,464.18
3900,188,2025-01-10,2,2603.13,131.19,407.16
3901,30,2025-02-11,5,4708.99,642.14,857.15
3902,116,2025-08-02,4,4524.27,193.06,466.45
3903,131,2025-04-03,4,3688.41,189.93,516.1
3904,218,2025-05-09,2,930.59,62.31,208.03
3905,137,2025-02-10,2,120.03,5.13,22.92
3906,248,2025-06-18,5,747.19,21.65,144.1
3907,112,2025-06-17,1,3531.36,589.66,518.23
3908,90,2025-03-01,4,857.51,85.25,150.56
3909,29,2025-11-12,5,2941.93,440.63,421.01
3910,125,2025-03-13,2,3467.69,324.32,662.09
3911,43,2025-05-18,5,2044.53,373,346.98
3912,17,2025-05-19,4,4496.86,374.75,611.11
3913,161,2025-06-26,4,2491.81,33.02,267.61
3914,37,2025-01-28,3,2709.5,37.21,289.83
3915,102,2025-11-30,1,469.68,12.6,58.02
3916,74,2025-05-19,5,605.02,30.87,128.15
3917,99,2025-07-15,1,519.35,5.94,121.83
3918,89,2025-07-19,3,2157.01,53.89,468.02
3919,189,2025-05-24,4,1040.84,109.09,77.5
3920,211,2025-07-16,2,764.22,19.51,85.42
3921,55,2025-03-29,2,2405.78,117.28,217.43
3922,96,2025-04-04,4,3818.29,421.52,570.47
3923,225,2025-11-18,2,2087.74,188.31,239.74
3924,164,2025-01-28,3,2904.29,387.67,454.35
3925,22,2025-09-05,3,2128.22,382.82,255.43
3926,252,2025-10-09,2,710.76,102.94,52.81
3927,150,2025-03-09,1,4450.34,242.28,782.28
3928,162,2025-10-29,2,4562.31,123.33,529.75
3929,205,2025-04-15,2,4465.73,244.59,992.38
3930,176,2025-03-05,1,678.71,94.4,48.06
3931,173,2025-10-02,4,1928.41,117.74,281.4
3932,235,2025-09-16,3,2190.31,391.7,416.27
3933,5,2025-01-06,4,395,1.19,90.33
3934,268,2025-09-12,3,3123.7,67.82,368.93
3935,170,2025-05-11,1,2477.77,266.69,273.2
3936,172,2025-12-09,5,3348.23,506.92,705.99
3937,218,2025-04-28,1,3839.72,629.1,682.57
3938,201,2025-05-07,5,1410.09,135.95,292.84
3939,223,2025-09-15,4,2248.85,401.6,331.3
3940,109,2025-01-01,2,1853.2,359.01,310.08
3941,218,2025-02-28,5,3515.03,404.02,762.22
3942,199,2025-12-05,4,3096.37,450.28,228.54
3943,80,2025-12-08,2,2786.89,227.95,378.65
3944,9,2025-03-03,4,4198.01,391.14,842.3
3945,64,2025-07-06,1,3851.17,582.66,384.93
3946,229,2025-08-12,1,2816.75,147.33,236.64
3947,168,2025-09-15,3,2892.74,536.5,279.3
3948,98,2025-02-18,4,2560.53,403.22,208
3949,43,2025-12-17,4,3761.08,408.65,282.8
3950,86,2025-12-02,4,1782.86,202.84,288.85
3951,111,2025-02-26,2,1054.31,24.92,178.17
3952,89,2025-09-09,2,2141.35,185.09,391.48
3953,252,2025-08-16,5,4804.89,900.01,610.19
3954,104,2025-11-04,4,2499.79,435.97,172.26
3955,211,2025-10-21,1,2582.39,29.71,630.26
3956,232,2025-05-02,3,2331.21,61.31,239.34
3957,222,2025-06-02,1,1580.95,160.52,350.18
3958,185,2025-10-21,3,3579.11,692.08,263.91
3959,8,2025-04-16,3,3926.14,467.21,438.57
3960,237,2025-02-17,1,3274.67,234.53,530.34
3961,213,2025-04-28,2,2193.9,413.82,354.94
3962,197,2025-07-09,5,2826.97,407.55,269.8
3963,51,2025-05-10,3,2231.65,129.82,184.45
3964,141,2025-07-03,4,2703.23,345.31,588.92
3965,107,2025-07-11,1,4467.52,499.58,473.25
3966,50,2025-11-30,2,1279.47,108.16,218.18
3967,91,2025-07-15,2,1542.89,162.23,298.02
3968,233,2025-02-03,3,2429.06,413.61,178.16
3969,229,2025-08-20,2,145.83,10.62,27.97
3970,3,2025-07-13,3,245.93,10.49,21.15
3971,105,2025-02-01,4,3164.21,626.6,594.92
3972,203,2025-10-28,5,3912.56,616.32,422.76
3973,6,2025-11-16,3,3709.1,91.07,783.14
3974,161,2025-10-03,4,4305.27,172.42,948.9
3975,64,2025-07-06,4,4476.07,834.94,881.34
3976,240,2025-08-05,5,794.35,152.46,143.78
3977,210,2025-07-08,1,1131.25,181.6,168.4
3978,183,2025-03-12,5,1125.19,58.59,230.22
3979,120,2025-10-28,1,3696.33,287.06,572.38
3980,86,2025-10-22,2,3444.06,474.52,377.77
3981,254,2025-04-30,5,1356.26,142.27,124.59
3982,221,2025-08-20,5,4100.51,685.31,779.75
3983,190,2025-05-14,3,3997.3,409.82,515.1
3984,44,2025-10-25,4,3182.52,34.21,679.36
3985,83,2025-12-19,4,271.15,39.42,46.91
3986,222,2025-09-23,4,3569.49,671.33,450.25
3987,164,2025-08-13,4,1825.2,33.13,340.52
3988,238,2025-05-12,4,654.38,117.35,87.1
3989,56,2025-01-07,5,4641.59,99.68,612.86
3990,61,2025-11-29,1,4685.92,158.76,973.06
3991,222,2025-01-20,1,3402.81,583.14,288.54
3992,170,2025-07-22,1,2881.84,559.62,453.26
3993,167,2025-09-02,2,3179.98,155.52,715.49
3994,46,2025-07-05,1,914.39,161.81,186.34
3995,218,2025-02-19,3,4168.04,162.47,848.62
3996,194,2025-08-26,4,925.93,53.97,186.94
3997,103,2025-03-26,1,1267.28,123.43,150.61
3998,219,2025-08-17,4,2886.47,340.76,318.26
3999,137,2025-01-18,2,4891.67,743.29,956.56
4000,187,2025-10-31,5,2235.07,402.35,382.56
4001,214,2025-05-10,2,1928.07,230.56,187.37
4002,17,2025-08-25,1,452.09,64.47,89.88
4003,66,2025-06-07,5,2967.28,270.61,373.99
4004,165,2025-09-03,3,1277.88,121.16,264.61
4005,175,2025-02-21,3,2451.33,358.49,455.49
4006,69,2025-07-25,4,1956.67,33.1,220.64
4007,258,2025-04-02,1,312.87,14.21,39.63
4008,145,2025-12-01,3,2126.18,142.78,477.61
4009,159,2025-03-04,4,3852.53,410.02,697.19
4010,261,2025-09-15,4,1455.92,233.95,120.72
4011,205,2025-03-22,2,2066.37,248.72,205.91
4012,210,2025-06-24,5,2716.7,531.01,287.84
4013,254,2025-06-18,3,2387.07,340.53,397.99
4014,153,2025-04-09,4,4327.98,522.67,838.23
4015,194,2025-09-19,4,986.02,98.34,144.26
4016,247,2025-03-24,4,4085.91,63.77,586.44
4017,246,2025-01-12,2,1418.72,185.22,253.45
4018,21,2025-09-25,3,215.18,39.02,34.73
4019,252,2025-04-11,4,3798.22,178.69,882.77
4020,258,2025-04-18,4,1751.54,223.52,303.63
4021,220,2025-10-23,4,3911.58,619.87,390.24
4022,100,2025-11-29,5,721.57,130.01,74.51
4023,215,2025-09-30,4,1159.31,48.71,224.44
4024,212,2025-05-02,4,4583.93,477.64,897.47
4025,22,2025-08-15,5,1408.34,167.55,163.61
4026,202,2025-10-31,4,562.66,45.9,83.09
4027,242,2025-04-09,1,665.87,118.15,76.64
4028,151,2025-12-22,2,2876.03,236.36,637.33
4029,200,2025-11-17,1,2722.71,185.57,205.5
4030,86,2025-04-23,5,3939.41,123.02,629.78
4031,161,2025-09-04,1,4520.27,876.46,826.08
4032,240,2025-09-26,5,1859.78,286.98,226.27
4033,135,2025-09-11,2,158.02,1.94,19.35
4034,12,2025-05-13,2,4554.85,773.55,353.72
4035,114,2025-07-11,4,476.14,67.49,58.59
4036,143,2025-10-14,4,2322.49,24.54,264.91
4037,268,2025-01-15,1,1972.5,43.79,429.61
4038,132,2025-03-20,5,352.01,23.76,45.84
4039,216,2025-12-24,1,1158.53,12.82,232.12
4040,191,2025-04-11,2,482.18,68.85,45.56
4041,20,2025-05-16,2,1068.29,69.82,143.6
4042,25,2025-04-25,3,120.02,5.72,19.87
4043,28,2025-03-28,5,994.2,96.22,81.75
4044,141,2025-12-18,3,2141.12,378.4,181.28
4045,215,2025-12-22,2,801.08,23.12,130.07
4046,150,2025-02-14,4,3885.58,626.51,724.37
4047,157,2025-11-17,5,307.98,61.46,32.66
4048,199,2025-05-20,3,4613.9,682.32,927.2
4049,172,2025-11-28,3,430.37,55.52,61.8
4050,223,2025-03-15,1,2829.99,85.55,489.01
4051,161,2025-08-08,3,2412.63,103.88,547.54
4052,73,2025-11-24,1,108.48,5.68,18.74
4053,127,2025-04-18,4,1148.54,195.56,235.59
4054,140,2025-11-20,2,2254.19,224.12,329.86
4055,129,2025-06-05,5,2081.44,51.71,503.69
4056,262,2025-02-20,3,3970.84,270.46,549.38
4057,253,2025-05-02,4,1151.19,52.91,207.8
4058,175,2025-10-08,3,4089.95,194.99,867.08
4059,262,2025-08-11,1,857.7,32.7,134.6
4060,11,2025-09-06,5,2260.88,441.76,403.77
4061,86,2025-08-13,4,4471.86,472.69,415.71
4062,66,2025-10-08,1,3922.64,355.78,779.99
4063,37,2025-11-25,1,3326.7,424.18,653.28
4064,27,2025-03-10,3,321.18,21.14,32.31
4065,260,2025-03-18,4,2963.18,378.43,563.92
4066,44,2025-07-30,2,4126.65,4.31,459.21
4067,23,2025-02-22,1,3003.64,229.16,229.75
4068,187,2025-11-03,5,445.59,36.64,57.14
4069,4,2025-07-17,4,2460.64,445.47,483.7
4070,237,2025-03-29,3,1386.54,122.55,297.63
4071,4,2025-01-15,3,4579.02,216.56,649.69
4072,52,2025-08-12,1,3115.02,470.5,310.38
4073,88,2025-09-17,1,3171.27,415.84,294.26
4074,180,2025-02-13,3,3335.3,64.6,639.08
4075,46,2025-12-17,4,4180.32,338.05,491.67
4076,48,2025-08-28,4,1670.36,8.46,225.97
4077,102,2025-11-11,5,1103.67,22.8,93.25
4078,263,2025-05-26,1,3363.02,390.98,339.79
4079,116,2025-07-19,4,719.01,79.71,71.51
4080,234,2025-03-10,1,4364.31,49.12,556.49
4081,254,2025-10-14,1,1582.98,231.11,314.51
4082,92,2025-12-10,2,4108.19,64.85,776.04
4083,129,2025-07-20,5,735.84,68.91,116.19
4084,4,2025-05-19,2,3811.31,156.34,748.34
4085,95,2025-08-22,4,4254.93,742.5,606.64
4086,257,2025-10-02,1,3659.38,630.99,603.07
4087,122,2025-02-13,2,4038.62,196.82,658.94
4088,175,2025-06-17,1,3656.03,344.7,579.35
4089,153,2025-10-24,2,4215.12,683.7,704.74
4090,121,2025-04-12,1,959.89,168.93,65.4
4091,14,2025-06-30,3,1916.17,97.64,257.82
4092,118,2025-12-06,3,3988.17,7.84,947
4093,74,2025-08-06,4,1454.27,262.05,179.5
4094,36,2025-06-14,1,2664.72,200.21,435.73
4095,90,2025-09-16,5,331.19,3.61,79.86
4096,187,2025-06-26,5,499.71,31.68,71.23
4097,256,2025-08-04,3,1665.34,83.65,365.63
4098,162,2025-02-02,5,4310.53,223.66,403.98
4099,96,2025-10-03,1,3217.35,231.02,295.38
4100,137,2025-02-26,1,4254.04,793.74,555.21
4101,143,2025-11-13,1,3419.45,52.59,668.14
4102,2,2025-08-31,5,4364.78,361.38,790.92
4103,117,2025-10-30,4,3905.43,715.68,660.88
4104,170,2025-07-24,3,2789.15,125.23,428.84
4105,12,2025-09-03,2,59.61,0.82,4.78
4106,61,2025-06-02,4,190.51,23.29,41.17
4107,90,2025-01-01,2,2493.77,435.66,239.95
4108,252,2025-06-27,1,3655.24,181.61,317.56
4109,168,2025-09-29,2,3892.68,573.82,754.5
4110,128,2025-01-19,1,4999.54,527.56,936.1
4111,109,2025-02-25,4,1533.75,16.87,149.96
4112,74,2025-02-22,5,3329.88,647.4,483.55
4113,261,2025-02-16,1,4041.1,16.62,891
4114,29,2025-12-14,2,1083.67,178.64,85.94
4115,111,2025-04-29,3,2382.35,168.6,209.02
4116,99,2025-03-29,2,3789.16,142.77,809.03
4117,176,2025-01-30,1,3714.87,108.22,818.4
4118,88,2025-03-22,4,3369.26,372.97,532.17
4119,252,2025-10-11,2,1152.43,187.22,130.38
4120,62,2025-03-24,1,1021.07,114.61,86.57
4121,139,2025-06-12,4,156.62,27,12.43
4122,36,2025-12-11,4,2357.02,99.94,535.75
4123,150,2025-03-12,4,2111.25,169.84,325.17
4124,93,2025-09-10,2,2913.67,471.01,365.59
4125,167,2025-04-15,3,1874.58,172.52,143.87
4126,234,2025-01-03,5,1441.76,72.12,213.5
4127,231,2025-10-09,5,2663.95,21.7,286.4
4128,184,2025-01-19,3,2170.15,350.47,376.72
4129,191,2025-04-14,4,2800.21,515.63,537.6
4130,25,2025-09-13,3,913.98,157.75,114.09
4131,54,2025-12-13,4,3668.06,381.95,470.72
4132,6,2025-07-05,2,4420.83,256.7,334.37
4133,189,2025-04-03,4,993.56,40.3,230.67
4134,208,2025-04-24,2,2386.71,281.2,318.97
4135,133,2025-08-15,4,1363.93,32.1,295.01
4136,85,2025-05-11,3,64.85,4.19,15.15
4137,92,2025-09-11,5,1313.01,112.65,270.79
4138,150,2025-05-04,4,3294.79,628.24,392.68
4139,174,2025-11-28,2,2487.34,451.86,196.08
4140,103,2025-11-12,5,904.42,177.27,120.54
4141,171,2025-01-28,2,1261.71,234.66,144.85
4142,255,2025-06-17,2,1506.21,66.2,305.99
4143,261,2025-01-27,1,2578.6,234.38,378.88
4144,215,2025-01-22,3,2963,26.95,291.29
4145,158,2025-07-19,4,1415.03,167.42,190.99
4146,122,2025-07-12,1,2123.88,315.82,374.33
4147,135,2025-12-04,1,379.35,21.74,37.5
4148,36,2025-12-23,4,1288.58,10.92,248.24
4149,198,2025-10-30,1,4692,180.33,695.9
4150,135,2025-10-21,5,1288.37,118.34,95.21
4151,214,2025-04-07,5,2648.72,474.64,195.96
4152,138,2025-06-06,3,4429.96,300.55,750
4153,253,2025-07-29,3,1243.13,141.92,208.86
4154,205,2025-05-03,3,2171.54,375.66,342.35
4155,202,2025-02-07,5,4116.54,203.55,512.66
4156,107,2025-09-30,4,3374.83,438.62,552.06
4157,58,2025-08-12,1,3868.46,175.82,493.29
4158,12,2025-08-01,5,1024.97,145.97,93.22
4159,90,2025-01-13,2,116.75,20.95,23.59
4160,265,2025-06-05,2,4082.03,130.04,846.28
4161,251,2025-09-14,4,3136.66,315.66,547.06
4162,40,2025-07-25,1,2635.63,497.48,508.84
4163,80,2025-04-10,4,2162.37,126.55,273.67
4164,103,2025-12-28,4,3285.99,78.39,592.18
4165,132,2025-10-30,2,906.03,61.48,133.55
4166,96,2025-08-19,4,4987.44,777.02,433.77
4167,105,2025-12-11,1,2384.7,415.56,387.64
4168,48,2025-02-23,4,1223.73,129.16,106.58
4169,184,2025-07-15,3,771.09,37.24,159.82
4170,7,2025-08-15,4,1919.77,209.55,147.29
4171,19,2025-04-07,1,1584.91,58.84,290.24
4172,13,2025-11-20,5,1900.53,117.18,179.26
4173,155,2025-01-30,3,3070.19,7.63,684.19
4174,178,2025-01-14,4,3052.05,312.28,322.09
4175,35,2025-05-02,4,4856.62,960.9,817
4176,111,2025-05-16,2,2111.61,46.89,297.81
4177,63,2025-02-01,1,315.73,5.73,28.65
4178,94,2025-12-13,5,1323.32,262.7,181.4
4179,11,2025-01-03,2,487.68,41.86,36.52
4180,189,2025-01-21,5,2209.08,152.71,360.45
4181,9,2025-02-25,2,1118.81,90.18,201.03
4182,110,2025-11-23,3,3933.25,42.44,429.01
4183,147,2025-05-18,4,3678.81,160.97,548.96
4184,101,2025-12-04,4,4434.99,399.77,680.57
4185,209,2025-10-27,2,918.34,69.92,198.73
4186,169,2025-03-10,3,230.24,10.89,25.45
4187,152,2025-06-22,5,3072.78,50.45,463.29
4188,184,2025-12-12,4,4270.49,447.24,643.83
4189,75,2025-06-17,4,2995.16,106.04,345.22
4190,142,2025-06-01,2,3708.8,591.99,705.78
4191,39,2025-05-21,3,3715.9,742.97,305.09
4192,84,2025-02-03,4,2544.53,205.32,503.33
4193,138,2025-10-22,3,1888.23,294.37,278.86
4194,80,2025-10-27,1,2911.78,515.91,249.6
4195,25,2025-10-04,5,1459.26,110.75,231.74
4196,105,2025-06-27,2,3395.47,610.02,415.96
4197,69,2025-01-04,1,3502.32,109.23,661.81
4198,233,2025-05-16,2,2962.9,553.59,267.87
4199,37,2025-09-22,2,901.32,74.94,166.27
4200,12,2025-06-03,2,1206.19,148.33,103.24
4201,199,2025-04-21,2,4182.05,778.61,375.41
4202,120,2025-10-05,1,1566.73,250.81,164.68
4203,113,2025-03-05,5,3589.51,140.42,530.05
4204,85,2025-10-20,3,3816.81,145.79,446.37
4205,195,2025-11-29,2,1652.5,45.1,305.87
4206,231,2025-10-16,2,784.71,46.63,92.88
4207,133,2025-09-11,5,1768.42,3.37,229.07
4208,90,2025-05-04,5,3317.35,497.44,470.19
4209,217,2025-12-26,5,3954.67,707.67,335.62
4210,81,2025-03-15,1,528.25,25.25,116.3
4211,207,2025-04-12,1,4394.34,523.03,373.87
4212,1,2025-06-01,4,1531.12,147.01,317.22
4213,75,2025-04-29,2,1881.3,49.04,452.41
4214,222,2025-02-24,1,2961.42,469.11,202.71
4215,116,2025-02-16,1,1600.39,308.1,299.48
4216,267,2025-12-10,1,3621.64,176.44,304.17
4217,13,2025-02-27,2,3380.51,491.33,645.23
4218,254,2025-10-05,1,1492.95,103.22,223.5
4219,150,2025-12-25,2,4579.51,900.7,530.17
4220,218,2025-09-28,1,2599.6,503.11,222.57
4221,5,2025-06-01,1,4856.67,962.56,418.39
4222,1,2025-05-28,2,4189.69,26.14,639.78
4223,226,2025-12-01,2,2628.62,124.3,330.41
4224,132,2025-10-11,3,4770.26,925.38,705.85
4225,88,2025-02-06,2,4793.65,713.55,712.6
4226,120,2025-02-15,5,4483.05,251.74,1009.46
4227,108,2025-01-02,3,192.3,33.1,33.63
4228,175,2025-09-03,1,4483.68,57.74,849.61
4229,265,2025-11-02,5,4639.2,261.76,401.96
4230,242,2025-09-02,5,2210.26,218.1,275.37
4231,66,2025-10-06,4,4834.55,705.66,420.8
4232,53,2025-03-09,2,1822.51,83.03,164.52
4233,180,2025-01-09,4,328.44,23.44,31.69
4234,238,2025-04-22,4,3386.09,387,538.16
4235,247,2025-07-14,5,3073.47,268.01,495.97
4236,188,2025-08-17,3,1211.62,92.48,190.59
4237,60,2025-04-19,4,2713.01,22.16,586.84
4238,201,2025-03-03,2,1408.93,81.92,278.61
4239,227,2025-12-04,2,2328.95,333.76,296.46
4240,253,2025-02-14,1,3156.42,295.11,392.79
4241,226,2025-05-19,4,1694.68,328.3,197.5
4242,154,2025-03-24,5,2794.78,135.92,423.04
4243,60,2025-07-14,1,4563.85,331.25,430.03
4244,120,2025-10-16,1,3838.21,322.76,566.24
4245,67,2025-11-26,4,4865.03,888.33,589.64
4246,201,2025-07-01,5,3545.59,298.48,707.53
4247,11,2025-02-19,2,4483.86,534.31,332.37
4248,88,2025-04-12,2,3315.3,442.52,704.97
4249,157,2025-11-28,2,1426.96,18.82,275.71
4250,127,2025-01-16,3,475.42,7.04,113.38
4251,55,2025-01-24,3,3008.68,529.37,434.95
4252,239,2025-07-05,3,1962.48,29.37,405.66
4253,109,2025-07-15,1,3562.08,526.86,423.58
4254,191,2025-08-20,4,1424.49,125.72,161.1
4255,179,2025-10-06,4,4190.29,412.55,714.51
4256,164,2025-02-23,3,347,6.02,58.12
4257,66,2025-07-04,5,2179.07,63.47,391.3
4258,103,2025-11-29,1,2489.97,321.78,408.06
4259,24,2025-10-28,3,1705.7,153.07,198.47
4260,213,2025-06-22,4,3839.88,598.39,480.41
4261,50,2025-10-09,1,2434.91,28.68,377.94
4262,140,2025-05-19,5,773.49,40.53,156.21
4263,155,2025-06-16,1,4157.77,448.42,562.7
4264,143,2025-06-19,5,466.64,5.54,40.23
4265,25,2025-06-27,2,3947.93,56.83,350.68
4266,34,2025-01-04,3,241.12,12.84,40.65
4267,112,2025-08-23,2,4514.47,604.77,552.33
4268,165,2025-05-12,4,897.94,96.65,88.8
4269,13,2025-10-27,1,1168.83,229.59,135
4270,150,2025-05-17,1,440.88,20.03,61.93
4271,60,2025-07-19,2,94.27,8.79,21.13
4272,217,2025-01-04,3,4597.16,243.29,1063.39
4273,6,2025-04-05,3,1858.5,290.13,235.25
4274,31,2025-12-13,4,2174.12,202.23,445.9
4275,28,2025-10-16,1,2377.27,295.66,400.01
4276,228,2025-01-07,5,4146.13,5.4,686.75
4277,227,2025-02-15,4,254.17,25.04,37.15
4278,148,2025-07-27,2,3212.3,22.39,621.67
4279,159,2025-08-28,3,1953.58,238.21,177.99
4280,154,2025-05-26,1,4274.17,572.56,758.17
4281,240,2025-02-21,4,1546.32,1.02,256.91
4282,144,2025-07-13,4,4371.74,51.78,371.26
4283,207,2025-05-28,1,4279.76,724.33,744.42
4284,218,2025-07-08,5,495.72,40.06,49.48
4285,131,2025-09-16,2,628.98,98.28,64.23
4286,50,2025-05-11,2,214.24,1.41,43.13
4287,108,2025-05-25,5,119.16,10.21,23.76
4288,195,2025-03-29,4,3488.37,205.56,463.13
4289,91,2025-11-14,2,845.53,124.3,115.6
4290,185,2025-08-23,3,2596.79,95.41,239.14
4291,208,2025-12-13,5,2903.09,183.21,260.24
4292,78,2025-11-10,4,1079.46,111.45,117.82
4293,90,2025-08-20,5,1314.01,91,246.04
4294,123,2025-07-28,5,1233.33,116.81,256.75
4295,45,2025-04-14,2,419.22,31.28,31.14
4296,222,2025-12-13,3,2922.89,392.35,346
4297,138,2025-01-25,4,3344.83,59.63,494.35
4298,213,2025-07-25,5,150.32,20.94,30.65
4299,28,2025-08-08,3,4414.24,703.81,459.39
4300,129,2025-02-02,5,2521.4,241.64,345.93
4301,138,2025-04-15,5,1803.31,250.63,265.27
4302,255,2025-09-02,4,1444.14,182.85,281.21
4303,165,2025-06-05,2,1561.35,72.97,196.59
4304,76,2025-11-15,4,3342.62,64.72,564.99
4305,136,2025-12-27,2,2687.3,458.7,324.14
4306,178,2025-05-29,5,4542.01,252.3,749.32
4307,136,2025-06-24,5,4265.2,640.4,569.71
4308,105,2025-08-25,2,257.41,36.37,26.18
4309,198,2025-05-25,1,2065.89,141.68,471.62
4310,59,2025-06-21,2,4233.23,821.65,478.62
4311,184,2025-08-21,4,1436.82,43.59,330.31
4312,77,2025-04-06,3,4680.92,334.1,944.92
4313,157,2025-03-09,1,1464.53,8.26,190.64
4314,36,2025-08-09,5,344.46,60.56,34.92
4315,168,2025-10-30,5,2312.71,431.03,235.71
4316,15,2025-02-14,3,1530.3,186.75,306.85
4317,4,2025-04-25,3,199.01,11.54,43.18
4318,29,2025-02-07,4,756.07,4.87,108.42
4319,31,2025-10-17,3,1501.25,30.34,324.37
4320,153,2025-12-07,2,2974.36,397.75,515.9
4321,146,2025-03-29,5,1695.54,24.15,309.99
4322,210,2025-05-30,2,2982.09,377.72,478.02
4323,119,2025-10-21,1,3640.57,171.6,426.14
4324,171,2025-05-15,1,2041.58,243.95,293.64
4325,129,2025-05-02,5,4176.97,795.77,346.02
4326,173,2025-05-20,1,3657.55,397.59,448.44
4327,28,2025-04-28,2,469.93,26.19,97.4
4328,142,2025-10-06,2,554.56,49.61,47.79
4329,161,2025-03-06,5,3755.14,197.35,872.41
4330,24,2025-08-21,5,3227.04,84.6,698.49
4331,166,2025-11-13,2,4772.61,837.19,592.45
4332,12,2025-03-03,5,2989.71,126.73,677.15
4333,232,2025-08-06,3,3823.96,606.99,632.25
4334,243,2025-12-17,2,3159.24,286.58,275.24
4335,17,2025-12-06,2,1990.23,211.6,245.05
4336,125,2025-03-21,2,2865.93,371.21,456.17
4337,119,2025-01-18,1,2337.18,89.34,312.86
4338,195,2025-09-02,2,3652.52,386.98,491.31
4339,11,2025-09-09,5,4367.02,842.1,605.84
4340,125,2025-08-16,5,1751.18,25.69,313.96
4341,28,2025-01-17,2,116.16,18.12,8.87
4342,143,2025-02-07,5,945.69,48.29,180.93
4343,41,2025-02-10,2,2088.27,83.56,388.21
4344,214,2025-09-20,4,4357.84,624.25,399.37
4345,53,2025-05-17,3,2611.77,385.22,404.51
4346,144,2025-04-14,4,1583.29,195.74,295.35
4347,11,2025-01-31,5,1076.71,155.8,89.36
4348,251,2025-08-16,4,545.29,84.29,90.13
4349,40,2025-12-20,5,2962.29,256.7,502.66
4350,63,2025-01-18,4,4647.29,223.38,571.51
4351,164,2025-03-14,1,1200.02,235.08,112.59
4352,69,2025-03-31,5,2226.21,208.02,193.22
4353,78,2025-01-06,4,3824.27,687.5,414.85
4354,24,2025-11-11,3,1213.22,38.65,110.88
4355,161,2025-11-14,3,2460.46,229.5,214.06
4356,164,2025-10-09,4,164.63,13.72,17.33
4357,8,2025-08-01,5,532.99,33.88,66.83
4358,31,2025-03-03,2,4506.79,516.07,838.12
4359,240,2025-12-25,5,670.51,41.85,116.75
4360,91,2025-11-30,3,4640.62,571.53,613.24
4361,46,2025-11-03,4,1011.93,87.24,137.81
4362,59,2025-03-12,4,3261.36,518.75,344.21
4363,197,2025-02-09,2,821.27,89.55,145.12
4364,39,2025-01-08,2,2242.71,227.68,408.68
4365,3,2025-10-08,5,491.55,0.75,58.76
4366,117,2025-03-27,3,3296.01,650.27,363.09
4367,262,2025-12-17,5,2470.07,340.37,474.01
4368,187,2025-11-07,3,1833.01,222.78,145.15
4369,187,2025-05-10,2,1267.61,146.16,123.12
4370,175,2025-06-05,5,2736.43,377.65,215.9
4371,56,2025-07-22,3,1033.74,20.52,106.89
4372,148,2025-07-11,3,3579.26,95.64,500.93
4373,40,2025-05-24,2,703.77,112.87,72.4
4374,65,2025-02-21,3,3270.2,280.44,342.68
4375,141,2025-11-30,4,149.66,28.47,25.97
4376,145,2025-01-30,2,4051.74,314.32,470.6
4377,242,2025-01-10,4,2393.33,210.73,509.83
4378,107,2025-06-28,3,4858.04,923.36,601.21
4379,126,2025-07-20,1,1474.96,242.85,306.82
4380,116,2025-06-03,3,420.39,44.39,36.31
4381,186,2025-01-01,5,654.25,46.78,146.9
4382,33,2025-06-04,3,4930.93,888,429.37
4383,254,2025-12-11,3,3263.45,337.7,594.75
4384,95,2025-01-01,1,3424.09,262.1,439.26
4385,171,2025-04-17,5,3831.42,169.81,496.97
4386,166,2025-06-10,4,3455.36,349.61,626.55
4387,114,2025-09-24,5,2194.72,301.08,282.02
4388,107,2025-06-15,4,1450.72,49.41,142.72
4389,26,2025-01-27,2,4917.23,103.48,1147.47
4390,60,2025-03-10,4,4399.63,687.62,807.28
4391,79,2025-08-17,2,2805.03,110.68,497.29
4392,200,2025-05-29,2,2894.17,374.94,302.56
4393,53,2025-06-02,4,2263.25,70.85,345.08
4394,247,2025-03-01,4,338.08,5.76,41.15
4395,69,2025-09-06,4,709.27,80.62,91.95
4396,265,2025-03-29,1,4029.16,682.17,516.11
4397,162,2025-03-30,4,4029.03,66.28,746.17
4398,229,2025-10-15,1,4580.16,351.16,577.15
4399,194,2025-03-03,5,1385.87,29.03,285.52
4400,131,2025-02-07,1,3146.4,47.26,421.74
4401,61,2025-01-21,2,2665.53,510.17,280.33
4402,264,2025-02-10,5,3872.01,616.42,611.03
4403,216,2025-01-30,2,3178.82,356.83,380.44
4404,231,2025-04-26,5,3323.07,317.47,703.7
4405,218,2025-07-18,1,4544.28,649.91,726.25
4406,35,2025-12-20,4,2313.56,66.41,451.33
4407,197,2025-10-30,4,3646.93,70.79,365.71
4408,183,2025-05-06,3,3209.27,581.84,530.24
4409,74,2025-07-23,2,538.5,26.45,87.65
4410,83,2025-09-12,4,3396.08,528.45,588.94
4411,253,2025-07-17,1,1967.55,2.68,220.82
4412,72,2025-01-13,4,944.8,38.73,158.6
4413,32,2025-10-13,4,4703.97,760.68,455.8
4414,228,2025-05-01,1,3223.95,68.07,461.2
4415,190,2025-03-12,1,284.37,46.14,44.64
4416,97,2025-04-12,4,2514.9,132.95,195.27
4417,40,2025-05-22,1,2352.96,366.14,383.94
4418,124,2025-03-05,5,3013.61,22.17,403.09
4419,262,2025-02-21,1,3301.74,312.61,430.26
4420,129,2025-05-09,5,2517.52,62.94,219.63
4421,91,2025-05-29,1,3788.88,676.9,600.27
4422,36,2025-08-02,1,4170.01,407.48,685.55
4423,76,2025-05-05,4,614.24,57.65,99.82
4424,4,2025-02-26,5,2366.38,363.19,253.29
4425,147,2025-08-26,1,3289.33,328.29,277.15
4426,62,2025-08-12,3,3783.37,608.35,288.27
4427,242,2025-03-09,4,3069.73,95.71,241.46
4428,100,2025-12-06,5,2322.83,184.03,362.62
4429,32,2025-09-15,5,3179.26,4.48,304.34
4430,244,2025-11-30,2,1021.01,2.66,207.02
4431,141,2025-07-12,1,2971.5,469.78,247.92
4432,27,2025-12-19,1,1289.72,148.78,138.58
4433,104,2025-05-13,4,2511.51,83.97,340.54
4434,81,2025-08-09,5,4158.89,308.28,338.46
4435,38,2025-03-21,1,2921.49,142.94,530.75
4436,133,2025-06-03,3,2072.12,147.06,451.1
4437,206,2025-10-24,4,3940.18,391.89,402.52
4438,95,2025-05-29,5,4612.91,761.97,790.33
4439,152,2025-08-14,4,220.13,29.45,30.6
4440,106,2025-03-13,5,2439.34,205.57,517.9
4441,146,2025-03-04,1,1915.08,218.6,171.17
4442,3,2025-05-17,3,4500.44,115.01,596.86
4443,168,2025-12-26,4,3121.61,15.18,656.75
4444,238,2025-09-27,1,4130.52,32.39,819.77
4445,36,2025-12-13,4,2538.48,401.28,337.04
4446,97,2025-11-21,1,729.37,86.26,75.18
4447,56,2025-02-27,1,1095.97,112.49,118.7
4448,267,2025-05-29,2,4815.96,955.25,801.72
4449,106,2025-10-11,5,2755.73,303.78,356.3
4450,48,2025-06-12,2,4483.7,762.27,849.08
4451,202,2025-12-21,4,2921.36,324.64,223.04
4452,84,2025-01-28,3,279.59,33.53,49.81
4453,220,2025-03-31,5,582.48,24.53,77.16
4454,23,2025-11-08,3,736.78,46.62,89.73
4455,232,2025-06-20,1,3872.29,411.86,763.39
4456,124,2025-11-17,1,4410.97,427.18,638.13
4457,153,2025-01-08,5,3492.28,10.1,568.91
4458,58,2025-09-13,5,1981.55,134,199.96
4459,125,2025-08-11,1,447.76,36.86,34.01
4460,30,2025-08-09,1,1698.63,148.77,359.81
4461,71,2025-05-08,5,1233.69,225.29,110.24
4462,245,2025-04-25,1,1424.98,77.21,242.52
4463,185,2025-01-24,4,2029.42,16.53,314.19
4464,139,2025-10-19,5,2290.95,283.92,403.01
4465,80,2025-07-06,3,1975.81,253.36,303.57
4466,1,2025-01-19,4,2971.99,213.59,603
4467,9,2025-07-17,2,4834.08,574.14,529.26
4468,206,2025-10-25,1,3894.42,107.44,534.57
4469,26,2025-02-13,4,3438.7,64.28,548.95
4470,30,2025-05-06,5,4497.75,385.95,384.59
4471,130,2025-06-03,4,764.66,30.4,106.83
4472,231,2025-06-30,5,2338,397.08,247.82
4473,249,2025-07-15,5,2030.05,17.15,228.28
4474,69,2025-02-03,3,1877.63,365.88,221.7
4475,251,2025-10-30,4,2102.64,222.02,307.59
4476,18,2025-03-29,4,2437.84,459.54,339.08
4477,118,2025-04-16,4,4982.23,415.68,786.91
4478,210,2025-01-23,2,3427.73,659.14,630.65
4479,7,2025-08-23,1,1070.25,191.72,188.47
4480,34,2025-11-30,2,2808.75,136.52,290.09
4481,183,2025-11-25,5,4391.26,651.45,560.1
4482,154,2025-11-22,1,525.86,39.86,44.68
4483,203,2025-09-28,5,1346.16,235.73,166.45
4484,156,2025-01-14,4,2768.52,154,254.56
4485,66,2025-10-22,2,4240.03,565.85,723.21
4486,225,2025-03-05,3,447.28,41.1,64.31
4487,37,2025-08-18,2,4376,743.7,373.24
4488,75,2025-07-22,1,968.27,106.65,92.11
4489,16,2025-04-20,3,318.16,27.18,41.12
4490,148,2025-05-31,4,4257.06,317.19,477.51
4491,206,2025-02-18,5,763.73,13.92,156.73
4492,222,2025-07-19,2,933.14,89.44,206.46
4493,55,2025-11-14,1,2211.7,90.88,218.85
4494,47,2025-03-29,2,1598.99,72.85,178.35
4495,191,2025-10-14,3,1208.28,16.88,239.1
4496,247,2025-05-30,4,3530.85,402.17,507.03
4497,186,2025-11-11,1,4282.27,233.75,856.73
4498,195,2025-04-22,1,193.21,23,41.53
4499,154,2025-09-21,2,3030.33,586.84,202.45
4500,99,2025-04-22,2,718.65,21.17,114.74
4501,58,2025-10-31,4,3943.6,116.8,440.78
4502,49,2025-03-23,2,3879.51,286.82,297.5
4503,237,2025-01-17,5,3145.03,512.33,218.35
4504,94,2025-08-11,3,3084.91,111.74,269.91
4505,211,2025-07-25,2,1005.98,162.66,153.23
4506,101,2025-12-18,1,4083.87,309.85,890.59
4507,53,2025-08-16,1,4946.35,981.86,758.91
4508,86,2025-01-23,2,1098.79,25.43,163.94
4509,69,2025-12-01,3,2855.09,314.96,506.69
4510,40,2025-04-01,2,1345.72,161.64,157.56
4511,55,2025-07-26,4,3673.86,440.13,511.49
4512,163,2025-12-08,2,4992.73,403.82,405.11
4513,200,2025-03-21,4,3784.54,503.49,806.52
4514,105,2025-10-31,2,3835.86,631.96,287.8
4515,119,2025-04-17,3,305.22,41.49,25.74
4516,206,2025-08-27,2,2229.12,98.68,314.37
4517,55,2025-11-22,4,2388.39,404.33,436.09
4518,93,2025-09-27,1,2591.89,239.93,522.62
4519,143,2025-06-12,5,2099.8,240.43,389.18
4520,122,2025-01-29,5,1618.54,205.2,178.3
4521,98,2025-01-16,5,1988.43,389.71,183.9
4522,78,2025-05-13,1,2276.75,73.06,335.87
4523,238,2025-11-09,4,4684.33,151.26,578.78
4524,254,2025-03-06,3,630.54,53.65,98.39
4525,255,2025-04-07,4,2591.42,1.05,398.12
4526,75,2025-06-02,4,1280.03,153.04,197.4
4527,136,2025-01-04,3,2748.42,270.94,327.61
4528,48,2025-08-20,1,2609.25,56.95,273.98
4529,202,2025-11-29,1,335.1,35.85,61.04
4530,267,2025-08-31,2,2593.34,271.87,419.84
4531,212,2025-06-25,4,4934.01,207.12,914.9
4532,141,2025-04-14,3,1862.59,351.73,173.14
4533,83,2025-10-06,5,757.01,87.89,137.86
4534,156,2025-01-19,2,3869.53,284.62,702.6
4535,178,2025-03-16,3,1380.4,126.45,223.2
4536,228,2025-03-28,3,2379.41,319.38,391.53
4537,247,2025-04-08,4,1112.08,87.68,215.74
4538,140,2025-07-29,3,4516.73,392.14,864.23
4539,59,2025-10-03,4,2069.19,79.37,204.03
4540,229,2025-10-20,5,4839.28,793.75,721.81
4541,36,2025-06-05,3,4903.01,936.47,611.09
4542,261,2025-07-21,1,1995.63,369.91,391.53
4543,192,2025-06-14,3,3126,333.52,410.24
4544,46,2025-10-12,4,736.52,8,123.58
4545,192,2025-11-24,2,3002.21,133.63,591.35
4546,239,2025-04-05,5,2274.1,179.09,281.89
4547,42,2025-11-29,2,1447.01,286.71,287.82
4548,236,2025-09-23,4,3726.86,456.18,454.34
4549,264,2025-08-14,1,1864.91,103.97,374.76
4550,137,2025-01-05,3,3118.74,236.01,476.52
4551,15,2025-01-12,1,4305.32,781.53,804.14
4552,101,2025-05-26,3,3132.02,546.24,400.46
4553,218,2025-01-03,1,1426.69,275.84,206.74
4554,267,2025-07-11,4,525.88,58.03,105.44
4555,80,2025-06-07,2,3947.47,503.32,545.09
4556,49,2025-07-04,2,2129.06,242.77,380.63
4557,124,2025-03-03,4,623.1,106.3,78.07
4558,217,2025-09-22,5,3842.56,311.43,527.89
4559,174,2025-02-26,5,2626.38,435.47,519.1
4560,167,2025-03-08,4,4739.84,883.88,426.01
4561,247,2025-02-11,1,1932.44,15.27,312.5
4562,223,2025-07-06,1,4703.53,306.78,403.42
4563,94,2025-07-22,2,1000.71,63.12,171.75
4564,34,2025-03-13,4,4377.12,493.52,695.98
4565,71,2025-03-23,5,2092.11,322.59,170.43
4566,59,2025-11-30,2,671.93,120.12,132.98
4567,252,2025-07-11,5,2544.49,211.2,580.89
4568,30,2025-03-02,2,1503.35,212.97,209.51
4569,100,2025-03-22,3,1567.35,133.76,279.26
4570,46,2025-05-28,5,4395.75,92.26,762.05
4571,82,2025-07-14,5,1351.61,99.71,163.34
4572,2,2025-02-06,1,4319.79,313.09,770.71
4573,226,2025-09-23,1,400.75,75.15,72.16
4574,103,2025-02-22,4,979.47,176.95,108.82
4575,54,2025-01-28,5,4812.14,444.96,1066.32
4576,110,2025-06-14,5,99.12,17.81,13.2
4577,43,2025-10-08,5,1538.38,153.72,230.54
4578,3,2025-12-14,2,4884.35,307.65,748.27
4579,157,2025-07-16,1,4684.41,676.6,670.66
4580,124,2025-12-02,3,2572.92,373.91,276.74
4581,69,2025-06-08,2,1007.81,75.46,120.23
4582,20,2025-07-21,5,1567.22,189.37,302.06
4583,14,2025-11-23,2,1142.89,182.39,145.63
4584,178,2025-10-17,2,2482.87,109.8,297.51
4585,5,2025-08-08,3,4727.75,500.6,599.62
4586,2,2025-09-17,3,1136.24,128.06,108.07
4587,86,2025-04-11,4,4640.79,132.8,467.08
4588,74,2025-12-02,2,3131.96,549.02,642.25
4589,119,2025-09-21,5,893.83,3.99,110.24
4590,2,2025-04-09,5,2356.64,156.76,546.19
4591,225,2025-05-16,1,3591.75,69.32,877.61
4592,68,2025-10-15,2,1921.98,167.33,322.82
4593,5,2025-11-10,3,1773.96,104.41,170.05
4594,255,2025-11-19,5,2449.06,393.51,243.11
4595,214,2025-12-09,5,1424.36,243.51,273.39
4596,236,2025-11-17,3,167.6,27.37,26.82
4597,235,2025-01-19,2,4393.65,410.6,939.52
4598,59,2025-04-27,4,813.58,109.53,98.29
4599,81,2025-10-07,3,2436.91,215.86,434.35
4600,199,2025-04-05,4,573.88,11.78,76.96
4601,63,2025-07-05,4,2856.07,285.61,600.74
4602,207,2025-03-10,4,1461.44,64.05,169.58
4603,254,2025-11-16,3,2108.98,385.23,208.69
4604,160,2025-04-10,4,4286.65,651.26,480.04
4605,145,2025-05-14,4,211.76,41.03,36.78
4606,71,2025-12-19,3,4860.24,736.7,719.96
4607,71,2025-12-06,5,2862.66,231.39,629.13
4608,206,2025-05-11,2,4076.36,158.44,492.32
4609,30,2025-07-12,1,1082.3,106.63,210.81
4610,56,2025-06-03,2,1946.78,271.06,379.44
4611,101,2025-04-12,3,3498.54,162.17,660.22
4612,3,2025-01-02,1,3458.56,608.24,468.73
4613,49,2025-07-13,2,3318.74,565.66,265.94
4614,97,2025-01-13,5,485.8,25.93,96.55
4615,71,2025-07-14,4,1175.02,99.5,159.09
4616,238,2025-04-15,5,1420.67,271.79,268.46
4617,107,2025-11-08,1,3608.73,19,889.34
4618,184,2025-10-14,4,368.22,29.57,69.66
4619,128,2025-05-13,3,1001.78,145.88,119.56
4620,28,2025-07-26,3,2320.72,97.69,214.86
4621,244,2025-01-13,5,3370.46,614.52,493.57
4622,139,2025-12-29,2,4535.5,102.81,546.84
4623,189,2025-04-22,1,4614.76,244.58,1082.09
4624,200,2025-09-22,3,2804.88,550.54,483.23
4625,246,2025-10-19,5,3358.8,163.41,271.3
4626,110,2025-08-20,1,1196.62,226.61,132.34
4627,246,2025-10-15,4,4716.16,899.51,858.41
4628,16,2025-10-03,4,1338.02,127.72,154.32
4629,98,2025-06-28,2,1900.91,13.38,398.81
4630,188,2025-02-03,3,1774.75,145.76,345.69
4631,106,2025-07-08,1,4702.68,445.34,628.44
4632,155,2025-04-04,5,3134.21,105.65,744.21
4633,250,2025-04-12,3,2320.71,381.94,219.68
4634,104,2025-12-01,4,1434.64,62.83,327.37
4635,139,2025-08-21,5,941.18,124.4,155.44
4636,153,2025-03-11,4,1620.64,274.38,245.03
4637,185,2025-03-13,1,2648.25,166.64,385.8
4638,243,2025-07-28,4,3257.29,363.04,588.13
4639,70,2025-09-27,2,577.49,40.67,99.73
4640,185,2025-07-11,5,4236.85,587.62,591.35
4641,57,2025-08-02,3,250.84,10.72,36.21
4642,256,2025-04-25,5,1725.85,108.66,219.42
4643,254,2025-02-21,2,1760.69,292.48,315.13
4644,62,2025-05-01,3,3525.6,64.8,598.65
4645,243,2025-12-05,4,4917.37,353.02,409.79
4646,140,2025-04-27,1,1876.72,26.5,241.4
4647,136,2025-03-29,2,3216.6,65.83,532
4648,199,2025-01-12,4,2690.94,251.12,554.13
4649,171,2025-04-03,5,741.74,115.02,133.15
4650,234,2025-05-20,4,1531.41,183.95,280.47
4651,238,2025-09-13,2,2063.03,210.01,462.22
4652,24,2025-04-02,3,4625,822.43,601.97
4653,54,2025-04-15,2,1132.88,20.05,183.23
4654,81,2025-05-29,1,819.07,40.14,120.74
4655,23,2025-01-29,3,2924.7,213.36,482.76
4656,171,2025-09-01,1,4864.55,519.02,1067.75
4657,250,2025-06-22,3,203.43,25.9,34.64
4658,65,2025-04-05,1,3805.65,681.27,314.07
4659,145,2025-05-18,2,4660.49,122.73,1071.74
4660,5,2025-04-29,1,2125.58,252.39,344.78
4661,10,2025-07-21,3,1600.32,176.47,115.93
4662,254,2025-08-09,5,3426.15,504.51,489.54
4663,120,2025-01-07,3,3790.57,18.98,438.47
4664,121,2025-11-14,4,1986.82,269,383.34
4665,191,2025-10-07,2,77.33,8.86,15.92
4666,30,2025-02-22,4,2447.84,41.44,249.38
4667,103,2025-03-13,4,4395.91,257.63,759.16
4668,52,2025-01-05,5,3819.88,362.85,853.65
4669,205,2025-11-24,2,1023.41,191.69,144.57
4670,182,2025-02-27,3,666.16,111.9,98.39
4671,121,2025-07-12,4,770.07,36.03,179.2
4672,21,2025-03-02,4,3846.36,102.16,333.25
4673,106,2025-10-05,4,3512.21,245.95,569.53
4674,125,2025-09-06,2,2513.48,265.36,336.82
4675,199,2025-11-30,1,1330.25,174.04,214.63
4676,243,2025-09-29,3,2883.93,390.53,404.23
4677,20,2025-09-01,5,519.73,45.49,67.22
4678,2,2025-10-10,4,1024,198.92,183.81
4679,102,2025-06-25,3,1611.53,302.56,326.84
4680,239,2025-03-29,1,1421.37,60.7,304.19
4681,138,2025-08-19,1,2037.57,327.03,404.79
4682,112,2025-11-16,2,2984.96,473.38,520.49
4683,91,2025-12-11,4,989.15,9.3,183.67
4684,245,2025-05-13,3,2296.28,278.06,169.49
4685,226,2025-10-14,1,2272.21,171.58,415.81
4686,189,2025-05-26,1,4105.52,28.77,1007.85
4687,97,2025-07-26,1,3461.83,302.39,766.93
4688,13,2025-11-11,2,4366.18,140.57,716.49
4689,139,2025-07-10,4,1471.25,205.56,133.6
4690,37,2025-08-15,3,3002.4,191.55,324.93
4691,120,2025-10-15,5,1108.64,114.7,199.88
4692,95,2025-01-31,1,4726.45,366.67,382.2
4693,225,2025-01-29,2,2705.47,71.36,483.58
4694,96,2025-09-29,1,4233.99,274.06,523.79
4695,195,2025-07-18,2,2537.29,362.19,465.17
4696,243,2025-01-12,3,742.46,64.72,86.06
4697,99,2025-05-01,1,476.9,19.54,78.02
4698,32,2025-07-20,2,2271.37,231.75,425.99
4699,146,2025-07-07,3,712.88,93.07,150.72
4700,67,2025-08-30,4,1199.72,147.84,87.29
4701,68,2025-10-23,4,3498.78,623.14,393.68
4702,56,2025-01-19,5,4526.98,827.47,845.89
4703,173,2025-06-18,1,472.75,57.41,35.48
4704,260,2025-08-25,5,212.04,3.98,41.97
4705,221,2025-01-10,5,4043.03,69.18,747.43
4706,19,2025-12-28,3,1213.56,44.33,249.28
4707,62,2025-10-27,3,2528.15,131.88,314.25
4708,195,2025-09-03,4,259.04,0.63,34.45
4709,8,2025-07-14,5,3776.86,226.49,336.08
4710,135,2025-11-01,5,3485.04,473.65,517.15
4711,73,2025-04-08,2,3571.51,601.79,350.37
4712,57,2025-03-14,4,1279.01,246.43,169.36
4713,267,2025-09-10,5,1659.64,143.68,296.17
4714,10,2025-12-14,2,61.9,3.55,13.6
4715,133,2025-03-11,4,2197.09,402.15,356.84
4716,209,2025-09-23,4,3533.83,306.51,618.4
4717,164,2025-03-03,4,262.59,27.54,28.05
4718,229,2025-07-19,5,2151.26,350.86,366.64
4719,115,2025-08-02,4,1332.23,128.56,275.39
4720,76,2025-10-11,1,2669.35,46.81,320.78
4721,133,2025-09-09,1,1995.69,271.64,331.26
4722,179,2025-03-09,1,4193.97,282.87,393.05
4723,262,2025-04-16,1,2345.07,451.36,432.03
4724,106,2025-10-02,2,3877.23,695.39,494.74
4725,104,2025-07-15,2,1415.35,270.98,112.71
4726,16,2025-05-02,5,4592.62,120.45,1032.92
4727,9,2025-05-04,3,195.22,2.71,37.33
4728,170,2025-11-15,5,3002.66,198.06,360.05
4729,104,2025-04-08,5,480.95,70.75,37.26
4730,214,2025-09-18,4,1118.76,52.9,179.87
4731,186,2025-08-20,5,1662.74,2.83,138.9
4732,63,2025-12-25,5,756.98,88.08,151.6
4733,193,2025-11-21,4,2487.35,389.08,303.49
4734,267,2025-11-16,4,4068.35,96.79,732.14
4735,31,2025-04-18,2,243.01,13.33,25.97
4736,221,2025-09-27,2,1011.19,108.6,85.9
4737,50,2025-11-13,1,438.11,46.16,41.28
4738,177,2025-01-22,5,2579.75,445.13,382.12
4739,217,2025-04-28,5,224.47,38.86,31.8
4740,189,2025-03-02,1,2234.22,279.27,341.5
4741,50,2025-09-09,2,3419.93,519.96,305.85
4742,236,2025-10-28,5,169.18,24.78,21.73
4743,7,2025-08-04,5,3672.94,680.94,586.87
4744,259,2025-08-13,2,705.21,10.4,58.35
4745,42,2025-02-21,1,1740.72,89.75,188.5
4746,57,2025-08-06,1,1540.73,303.84,273.64
4747,98,2025-05-17,4,4848.11,910.71,880.03
4748,170,2025-12-08,2,4578.94,504.91,417.55
4749,31,2025-10-24,3,1347.65,80.1,304.96
4750,107,2025-05-10,1,2198.22,187.84,225.56
4751,234,2025-03-08,4,4072.58,476.92,296.85
4752,82,2025-02-11,3,1670.13,318.73,282.11
4753,217,2025-07-04,5,2699.99,474.06,192.54
4754,235,2025-06-28,5,1981.71,333.36,177.2
4755,207,2025-10-14,2,4022.61,108.1,357.17
4756,211,2025-10-05,4,1064.66,120.67,178.64
4757,51,2025-12-18,3,2178.35,159.28,441.37
4758,199,2025-11-03,5,3762.76,364.66,778.96
4759,22,2025-02-06,4,2342.08,289.1,350.7
4760,44,2025-10-07,3,4238.64,418.05,416.53
4761,132,2025-08-13,1,96.62,4.8,17.16
4762,6,2025-11-01,4,986.96,30.93,208.89
4763,42,2025-08-27,3,3492.08,169.77,829.86
4764,48,2025-12-10,2,1254.12,158.25,101.26
4765,22,2025-11-11,5,3927.39,777.26,782.37
4766,265,2025-04-14,4,3211.95,178.76,719.59
4767,119,2025-06-18,2,4641.73,167.55,588.04
4768,146,2025-08-29,3,2128.55,220.49,404.25
4769,229,2025-09-26,4,4970.86,958.47,825.54
4770,203,2025-03-12,4,1773.73,20.84,278.94
4771,37,2025-09-06,4,2538.89,179.1,512.13
4772,190,2025-12-20,4,2851.84,214.26,379.98
4773,175,2025-06-12,3,1803.79,135.92,241.66
4774,52,2025-01-01,1,1555.79,238.95,194.65
4775,101,2025-11-11,2,2602.85,6.56,277.24
4776,56,2025-05-23,1,200.26,0.13,48.35
4777,159,2025-08-05,4,2209.65,439.94,395.62
4778,7,2025-02-24,4,3016.32,551.82,561.14
4779,257,2025-07-05,3,2886.61,403.05,351.4
4780,16,2025-07-01,2,514.15,12.81,80.56
4781,242,2025-01-16,4,4299.16,595.91,660.6
4782,246,2025-04-01,5,2283.39,319.43,271.03
4783,266,2025-07-01,2,3873.6,334.27,486.41
4784,212,2025-04-18,4,2468.55,221.71,282.47
4785,140,2025-08-13,5,343.35,37.45,72.26
4786,38,2025-02-05,4,4229.37,589.93,543.86
4787,197,2025-09-17,2,2809.9,453.6,444.74
4788,33,2025-06-18,1,137.77,27.32,17.54
4789,19,2025-07-25,4,4963.14,736.37,881.72
4790,233,2025-08-23,4,2709.96,525.05,175.67
4791,213,2025-01-16,4,1605.22,170.06,317.25
4792,45,2025-02-23,3,2193.83,123.99,228.76
4793,248,2025-05-19,3,2980.63,173.31,381.58
4794,262,2025-03-14,1,431.19,48,45.83
4795,261,2025-09-11,2,2683.58,199.79,394.46
4796,97,2025-06-20,3,2346.53,314.19,186.52
4797,40,2025-11-30,2,1717.34,52.29,136.87
4798,112,2025-01-12,3,2757.1,419.33,331.08
4799,8,2025-04-07,3,998.04,0.76,186.5
4800,5,2025-06-07,4,4204.31,487.03,516.64
4801,110,2025-11-17,4,355.43,40.59,28.24
4802,197,2025-02-01,4,1248.45,68.18,155.72
4803,10,2025-05-05,2,3317.73,180.42,384.9
4804,129,2025-09-22,5,1031.29,205.08,115.68
4805,8,2025-08-02,5,3302.59,372.01,429.37
4806,202,2025-02-01,3,720.56,112.25,124.19
4807,249,2025-10-22,1,4307.24,159.46,860.63
4808,136,2025-09-15,1,3090.92,467.42,469.95
4809,223,2025-10-22,2,2713.73,223.45,434.95
4810,177,2025-10-09,1,4428.7,274.13,847.73
4811,105,2025-01-14,3,2073.22,74.9,401.54
4812,81,2025-10-02,4,2379,425.46,276.16
4813,184,2025-06-05,4,3589.9,511.03,271.48
4814,84,2025-08-14,1,921.69,162.02,175.56
4815,137,2025-04-20,4,1982.3,236.02,150.6
4816,94,2025-12-04,2,193.6,2.72,45.44
4817,245,2025-05-24,1,4843.1,956.26,425.76
4818,33,2025-12-06,2,1954.62,87.29,245.72
4819,187,2025-12-27,5,3114.11,148.27,707.24
4820,41,2025-01-19,4,4945.82,539.72,629.41
4821,35,2025-01-05,5,2266.73,292.93,473.62
4822,73,2025-07-10,4,195.69,6.18,46.25
4823,115,2025-11-19,1,3386.27,48.33,515.03
4824,34,2025-01-17,1,1868.04,41.38,331.03
4825,21,2025-03-08,3,4266.75,509.26,673.75
4826,42,2025-12-14,1,4261.97,477.78,720.45
4827,12,2025-03-08,5,3169.11,181.03,580.4
4828,62,2025-06-28,3,4787.78,737.11,839.87
4829,212,2025-06-22,4,3040.98,278.37,349.05
4830,252,2025-01-05,5,3707.92,69.93,591.5
4831,27,2025-05-12,5,4615.8,237.04,716.68
4832,141,2025-07-20,5,4739.33,276.7,1107.29
4833,156,2025-08-27,2,4078.35,590.97,811.46
4834,78,2025-03-26,2,4532.52,23.93,1017.56
4835,52,2025-09-23,5,4675.79,830.02,638.52
4836,146,2025-01-30,2,629.97,56.56,119.58
4837,99,2025-01-04,3,4952.66,364.46,1019.61
4838,135,2025-04-03,5,4823.86,914.62,434.96
4839,12,2025-11-07,4,528.75,60.16,45.04
4840,32,2025-05-15,5,3369.04,174.11,466.15
4841,50,2025-10-26,3,3942.66,444.24,716.49
4842,91,2025-02-25,2,3883.3,305.26,388.62
4843,167,2025-09-12,2,206.89,1.73,18.04
4844,205,2025-05-26,5,3607.26,595.37,460.89
4845,25,2025-06-11,1,2306.54,19.51,206.72
4846,199,2025-08-16,1,1574.56,238.93,246.49
4847,185,2025-02-03,1,142.04,21.37,27.73
4848,129,2025-03-24,2,862.64,69.33,185.95
4849,183,2025-05-27,3,3735.31,651.2,403.36
4850,244,2025-02-01,5,610.17,116.53,110.2
4851,90,2025-04-25,5,1982.02,231.79,216.95
4852,151,2025-02-22,5,3154.15,317.1,487.72
4853,101,2025-04-27,4,891.91,86.5,188.7
4854,41,2025-07-21,4,2772.62,12.25,418.71
4855,109,2025-11-28,3,337.03,1.05,66.53
4856,198,2025-10-11,5,2036.38,302.94,341.1
4857,107,2025-06-04,2,2662,397.58,224.35
4858,7,2025-06-26,2,704.63,116.97,108.56
4859,166,2025-05-25,2,2391.93,293.79,336.33
4860,209,2025-06-27,5,3942.91,290.49,654.64
4861,29,2025-01-10,3,4798.13,812.91,969.06
4862,44,2025-09-28,3,1612.33,309.7,164.19
4863,22,2025-07-24,2,4971.06,374.98,864.81
4864,18,2025-12-24,4,1288.13,103.75,188.28
4865,68,2025-02-09,3,3248.31,342.31,607.93
4866,18,2025-09-28,5,288.52,13.04,48.27
4867,116,2025-10-07,5,2480.29,181.13,531.84
4868,176,2025-06-21,1,581.7,15.82,132.4
4869,117,2025-08-13,3,4480.45,708.65,756.42
4870,72,2025-03-27,1,2400.14,123.4,407.55
4871,226,2025-04-17,5,2265.65,211.18,234.17
4872,18,2025-04-19,5,3790.56,377.78,656.82
4873,112,2025-04-22,2,2366.19,322.26,263.85
4874,146,2025-10-04,2,2760.43,470.36,257.88
4875,267,2025-05-30,1,3202.94,269.42,448.19
4876,265,2025-11-20,5,2542.96,126.01,345.95
4877,260,2025-12-27,1,3275.05,480.41,311.42
4878,19,2025-10-02,3,4529.06,852.88,316.89
4879,198,2025-05-04,1,103.84,17.77,17.45
4880,207,2025-11-05,5,4694.98,874.55,678.76
4881,16,2025-03-18,3,2729.49,185.92,586.66
4882,88,2025-04-14,3,1973.13,112.03,211.77
4883,191,2025-01-04,2,249.62,35.7,45.14
4884,246,2025-09-09,5,2271.23,343.22,389.04
4885,10,2025-01-02,4,4706.27,734.39,592.59
4886,64,2025-02-04,5,2506.51,450.2,206.54
4887,162,2025-09-08,2,3441.46,276.92,680.03
4888,226,2025-12-09,1,2587.68,102.26,443.94
4889,101,2025-03-10,2,3507.93,532,502.66
4890,120,2025-08-17,4,2101.95,337.58,338.82
4891,96,2025-09-06,3,482.33,6.26,59.64
4892,170,2025-12-14,2,3835.26,748.33,341.89
4893,97,2025-12-09,4,4231.68,815.11,737.44
4894,78,2025-04-13,1,4645.37,134.32,615.65
4895,213,2025-10-16,1,3065.41,284.74,431.56
4896,56,2025-01-01,4,2064.1,327.06,280.09
4897,213,2025-09-02,4,4749.19,28.95,977.96
4898,226,2025-02-26,2,1383.84,199.98,291.73
4899,247,2025-10-17,2,2499.8,158.76,226.47
4900,187,2025-11-29,4,2216.93,311.16,433.71
4901,107,2025-04-02,2,3436.36,584.32,515.54
4902,107,2025-04-29,4,965.44,89.66,121.52
4903,29,2025-01-04,3,386.4,52.05,82.61
4904,49,2025-10-08,2,535.73,61.84,74.86
4905,227,2025-03-28,5,4708.59,654.39,368.24
4906,216,2025-11-10,4,4392.83,17.17,643.1
4907,207,2025-05-30,5,3837.93,403.58,712.53
4908,245,2025-09-01,1,1397.89,168.67,140.61
4909,114,2025-04-19,1,4039.44,64.83,542.83
4910,123,2025-08-24,1,2944.77,550.68,445.25
4911,104,2025-08-29,2,4490.19,757.81,448.42
4912,46,2025-01-18,5,1506.36,137.97,314.41
4913,145,2025-12-05,5,2037.52,330,248.92
4914,54,2025-04-28,2,282.76,38.15,51.36
4915,220,2025-09-28,3,912.84,77.88,82.59
4916,10,2025-05-23,3,4749.94,39.85,783.13
4917,8,2025-07-08,4,4063.18,198.31,764.95
4918,195,2025-09-06,4,927.52,174.97,123.34
4919,245,2025-08-14,2,4191.51,114.73,402.11
4920,109,2025-07-01,3,1808.87,59.32,393.93
4921,36,2025-05-02,4,1817.06,336.68,329.24
4922,181,2025-05-14,3,3909.1,695.04,457.99
4923,55,2025-07-06,1,3877.4,477.65,375.43
4924,23,2025-03-11,4,2653.56,59.33,486.96
4925,61,2025-10-16,4,4169.01,290.8,583.96
4926,11,2025-10-15,1,2935.73,150.2,568.46
4927,199,2025-05-13,3,2258.64,305.24,364.83
4928,61,2025-03-09,3,3155.75,34.03,634.28
4929,62,2025-01-02,2,3182.31,450.79,252.91
4930,38,2025-05-24,4,259.75,3.69,38.85
4931,260,2025-08-22,5,1462.87,69.14,247.83
4932,173,2025-04-01,1,3581.37,636.8,287.42
4933,253,2025-10-04,4,2141.32,95.16,175.96
4934,101,2025-07-14,2,2718.67,388.48,222.63
4935,19,2025-01-25,3,332.2,10.32,52.07
4936,227,2025-05-10,3,442.09,25.09,49.24
4937,111,2025-02-04,5,4595.52,254.74,635.21
4938,96,2025-01-14,3,4772.3,703.56,885.08
4939,175,2025-09-09,4,1366.69,124.95,121.84
4940,162,2025-04-28,5,4140.6,381.87,509.67
4941,69,2025-12-08,5,2628.86,414.07,535.8
4942,179,2025-12-14,3,1854.48,219.8,175.79
4943,168,2025-01-06,1,4971.95,529.27,1096.81
4944,200,2025-08-05,3,4941.08,394.17,567.16
4945,22,2025-10-24,3,688.23,38.8,119.53
4946,139,2025-11-12,2,4327.86,69.8,479.52
4947,56,2025-03-03,1,1449.7,242.42,140.2
4948,19,2025-10-21,5,4950.85,570.07,464.18
4949,162,2025-10-18,2,628.94,11.72,150.16
4950,123,2025-12-04,1,3614.64,687.05,316.69
4951,183,2025-11-20,5,1280.97,127.98,98.58
4952,225,2025-12-28,2,2591.35,360.94,333.19
4953,33,2025-01-24,5,2351.29,164.51,370.54
4954,187,2025-10-05,4,2979.99,547.29,541.86
4955,149,2025-08-29,3,1690.58,92.71,233.64
4956,145,2025-09-24,4,314.67,60.87,46.49
4957,13,2025-08-13,1,2596.07,411.06,437.75
4958,245,2025-09-18,2,2024.42,182.13,220.03
4959,71,2025-11-25,3,3435.73,617.2,556.2
4960,78,2025-07-12,2,507.44,99.7,44.85
4961,126,2025-04-11,1,4340.85,211.96,904.94
4962,181,2025-05-12,5,2217.89,389.49,155.66
4963,268,2025-03-19,3,3049.79,215.21,303.06
4964,45,2025-03-10,5,721.04,103.88,121.38
4965,70,2025-01-30,5,233.19,25.13,16.88
4966,10,2025-03-31,2,4563.83,341.65,424.43
4967,32,2025-05-26,1,3737.9,541.3,635.65
4968,94,2025-03-14,5,4276.73,431.71,378.1
4969,227,2025-08-28,5,4838.3,622.08,497.36
4970,84,2025-06-30,5,664.83,124.16,83.89
4971,164,2025-07-14,4,1600.91,241.34,329.93
4972,213,2025-10-12,4,2108.59,164.79,462.71
4973,261,2025-07-07,2,1443.69,151.95,220.69
4974,101,2025-01-11,1,2547.78,397.42,366.74
4975,57,2025-01-01,5,1443.63,279.93,271.19
4976,30,2025-04-28,1,535.31,2.57,132.83
4977,36,2025-02-23,4,1809.65,81.1,369.78
4978,229,2025-08-12,2,4220.71,103.55,467.01
4979,195,2025-01-10,2,3936.17,293.12,678.57
4980,57,2025-06-05,4,2005.78,84.27,375.22
4981,262,2025-07-27,5,1212.23,61.52,205.5
4982,249,2025-05-14,1,2457.48,354.69,501.47
4983,237,2025-06-22,1,2697.38,470.95,194.16
4984,10,2025-02-23,1,4584.28,514.43,805.67
4985,48,2025-10-29,1,1570.65,56.95,123.09
4986,5,2025-03-28,1,2509.89,493.01,235.44
4987,120,2025-02-22,2,4034.67,262.27,470.66
4988,10,2025-06-18,2,4994.79,801.01,451.7
4989,152,2025-08-09,2,1552.9,277.46,153.94
4990,174,2025-09-09,4,3576.42,445.39,697.45
4991,142,2025-10-13,4,2579.5,303.45,417.27
4992,227,2025-07-29,5,2159.39,339.5,356.45
4993,204,2025-10-09,4,2669.59,293,463.51
4994,248,2025-11-22,1,3613.74,306.3,609.28
4995,254,2025-07-15,3,216.72,4.61,37.79
4996,149,2025-02-27,5,3178.17,580.57,269.14
4997,15,2025-11-01,3,245.65,11.26,30.69
4998,110,2025-03-10,4,2347.97,236.07,384.47
4999,54,2025-01-20,5,1606.97,275.25,188.37
5000,142,2025-12-07,5,120.61,8.25,23.51
