sale_id,customer_id,product_id,sale_date,quantity,sales_amount,discount,profit
1,11228463,863930,2025-12-18,3,727.71,112.08,87.98
2,99707100,366066,2025-01-02,2,1837.16,83.96,271.86
3,53354003,930284,2025-09-28,1,189.47,8.01,20.22
4,61486140,863930,2025-05-30,3,727.71,56.45,116.77
5,79789048,171602,2025-05-06,3,2650.32,122.06,280.73
6,3282647,615545,2025-07-29,5,2240.8,82.04,294.17
7,72946405,327290,2025-01-25,2,1724.56,56.97,238.57
8,19523014,587645,2025-10-17,4,3207.24,141.62,430.2
9,70608515,672059,2025-07-06,1,672.73,115.07,79.48
10,49574186,52729,2025-04-15,3,948.06,106.04,104.25
11,57809174,600767,2025-07-22,1,722.42,10.16,130.2
12,6390687,654623,2025-03-23,1,422.14,54.26,53.66
13,50968312,171602,2025-06-03,1,883.44,11.37,79.35
14,95364457,739534,2025-10-12,5,4972.8,508.72,812.55
15,1989720,131748,2025-06-21,2,162.7,29.86,18.69
16,48409448,818522,2025-06-26,2,192.18,11.1,34.27
17,80419534,832348,2025-02-18,5,4157.15,624.29,624.22
18,22974816,537274,2025-02-24,3,2108.13,53.95,406.04
19,29431960,39154,2025-01-14,3,2840.58,116.83,520.96
20,27304827,890623,2025-02-21,3,1063.56,88.28,83.97
21,44859592,613942,2025-04-12,4,2180.0,56.51,380.62
22,408590,11422,2025-05-09,1,127.16,11.76,19.06
23,19741509,681063,2025-02-02,3,963.84,170.44,127.15
24,38549299,366066,2025-04-26,5,4592.9,807.79,482.69
25,10608845,993331,2025-06-08,5,512.2,100.52,61.53
26,32203588,654623,2025-05-27,2,844.28,165.37,80.32
27,9650263,525531,2025-08-15,4,3324.4,469.17,428.26
28,57579640,324809,2025-10-21,4,2432.0,200.39,383.07
29,31681710,219598,2025-03-27,3,1101.24,25.98,212.92
30,82179338,894539,2025-01-12,4,1781.92,117.09,290.17
31,77035814,34186,2025-05-04,2,1851.3,82.93,204.36
32,54099929,970529,2025-05-22,1,827.44,51.4,139.9
33,90621147,26060,2025-06-08,1,342.94,56.0,44.93
34,22738465,592784,2025-02-02,2,560.7,95.27,69.33
35,11153360,4452,2025-12-30,1,169.88,4.29,25.87
36,21677923,473929,2025-05-28,5,2200.95,137.34,372.28
37,9650263,623234,2025-09-02,1,329.79,41.0,43.93
38,54952806,890232,2025-12-20,5,2160.0,104.01,411.19
39,74038361,513199,2025-07-06,4,1688.92,151.53,249.62
40,17201639,67197,2025-04-26,5,2761.0,542.88,297.05
41,11636968,120385,2025-08-12,5,2989.55,529.11,418.46
42,58085779,455083,2025-06-12,5,4795.05,672.02,645.99
43,25641500,319388,2025-02-26,3,1973.4,358.41,204.23
44,59009727,587420,2025-05-16,1,357.42,7.26,33.24
45,38957713,767398,2025-07-13,2,44.28,8.44,5.78
46,1589656,14145,2025-04-08,5,3154.2,460.6,306.82
47,94078407,26060,2025-07-21,3,1028.82,114.54,169.58
48,80875034,196719,2025-05-05,2,435.0,4.54,66.74
49,84066402,871592,2025-03-21,1,870.29,92.01,74.03
50,86479284,491521,2025-08-04,4,2225.4,237.47,269.41
51,94529626,621677,2025-12-18,3,953.4,36.53,140.75
52,84993732,397973,2025-08-27,3,2186.19,296.59,157.59
53,9049965,186168,2025-01-22,2,1757.6,264.4,259.16
54,89950235,679284,2025-06-09,4,3511.56,235.59,496.74
55,83058329,137909,2025-04-09,2,1728.6,49.38,225.47
56,29562254,39154,2025-05-18,1,946.86,15.51,102.53
57,19966989,433521,2025-07-02,3,963.99,112.93,127.83
58,1174162,516376,2025-02-19,3,2632.29,369.1,374.67
59,34526442,587645,2025-03-31,1,801.81,31.46,130.27
60,97286925,890623,2025-04-15,5,1772.6,71.12,339.68
61,17681645,833557,2025-03-27,1,422.87,66.28,69.04
62,20310720,33955,2025-09-17,2,372.16,6.22,54.01
63,28277304,487065,2025-10-28,5,1873.4,28.61,154.48
64,21779155,537274,2025-08-04,3,2108.13,39.56,238.41
65,98016334,537274,2025-02-13,5,3513.55,72.31,513.03
66,36833857,500633,2025-09-13,3,463.5,47.84,76.94
67,18256339,669378,2025-11-25,3,636.42,78.26,52.08
68,6668498,313754,2025-08-09,5,683.0,15.71,84.13
69,53332493,41853,2025-08-30,3,2731.32,259.33,490.92
70,87450286,462526,2025-08-02,1,449.97,85.92,57.99
71,85518832,563740,2025-05-26,4,385.32,72.49,40.61
72,79726146,798639,2025-03-05,2,422.5,40.03,73.64
73,76830090,587420,2025-11-29,2,714.84,29.67,122.39
74,82948843,378230,2025-08-22,2,332.84,19.97,29.43
75,61522288,965755,2025-07-02,3,1597.71,244.58,150.23
76,73807097,6405,2025-06-16,4,946.04,109.44,105.61
77,55028958,615545,2025-12-08,4,1792.64,155.54,156.02
78,9551011,329351,2025-10-01,2,621.74,97.14,74.67
79,19741509,762527,2025-10-16,1,690.08,132.27,78.3
80,19400174,240179,2025-06-12,1,90.56,8.82,14.68
81,99643057,970529,2025-10-13,1,827.44,62.71,118.89
82,68906393,890623,2025-12-24,1,354.52,32.74,33.49
83,46146390,306177,2025-03-21,5,3846.2,161.63,327.12
84,30192942,566052,2025-05-13,2,174.6,11.77,25.38
85,12507907,762527,2025-05-25,3,2070.24,304.99,339.53
86,31389750,712003,2025-04-30,1,671.68,129.3,49.98
87,96853930,319388,2025-10-09,5,3289.0,323.95,416.32
88,51670882,500739,2025-12-09,3,1079.94,166.87,109.41
89,21701991,807452,2025-05-06,3,432.57,14.02,40.94
90,55028958,968887,2025-05-29,1,40.7,7.03,4.87
91,98241853,833557,2025-07-26,2,845.74,10.21,124.12
92,76257013,256051,2025-05-03,4,1603.68,116.0,235.99
93,68939350,120532,2025-07-01,2,1395.06,0.41,274.21
94,57548210,890232,2025-08-04,3,1296.0,248.06,173.99
95,16436211,890232,2025-03-16,5,2160.0,177.31,168.59
96,42102289,557908,2025-07-09,5,4711.85,686.09,537.8
97,57770044,812607,2025-05-25,5,2083.25,302.9,304.62
98,94529626,945635,2025-05-12,2,1557.8,134.15,126.24
99,3002538,153019,2025-02-06,3,2843.85,71.33,432.62
100,52757321,284460,2025-03-04,4,2023.8,88.23,324.63
101,11493380,67197,2025-04-28,3,1656.6,308.98,217.91
102,5140660,4452,2025-05-03,1,169.88,15.93,14.51
103,31576845,962054,2025-10-07,1,16.86,0.6,2.53
104,30767655,52729,2025-01-30,4,1264.08,191.78,166.97
105,60399360,397973,2025-08-28,4,2914.92,424.52,414.3
106,70243933,455083,2025-01-21,3,2877.03,486.18,342.26
107,80404839,11422,2025-08-30,4,508.64,31.53,76.5
108,954629,56589,2025-09-03,1,517.77,6.36,52.13
109,92409489,287070,2025-04-23,2,886.34,13.78,102.61
110,57523973,677542,2025-04-19,3,637.83,54.62,65.36
111,91243571,990993,2025-10-09,2,527.4,30.81,80.37
112,23755474,561860,2025-07-25,4,3499.12,306.25,515.76
113,47618810,455755,2025-04-17,5,220.45,35.67,33.42
114,38048329,337168,2025-04-08,5,2727.45,452.43,184.15
115,60974181,890623,2025-08-12,1,354.52,14.24,67.99
116,16410708,154179,2025-06-04,1,582.87,74.55,54.05
117,42432226,537274,2025-09-23,4,2810.84,497.52,378.17
118,69415494,891833,2025-07-03,2,986.38,84.34,160.13
119,66140659,927651,2025-11-17,5,2133.6,403.4,326.21
120,72942753,455755,2025-12-29,1,44.09,4.74,4.32
121,5140660,376447,2025-12-17,2,1449.68,168.64,176.23
122,91408854,124290,2025-04-30,3,118.95,8.49,10.09
123,48167795,673058,2025-12-21,1,765.76,35.6,123.64
124,21784094,490939,2025-02-02,4,321.0,33.05,56.76
125,22112867,949818,2025-07-22,3,1449.15,156.24,168.94
126,34567918,337168,2025-04-06,2,1090.98,83.6,148.17
127,74231111,196719,2025-08-06,5,1087.5,76.95,195.69
128,53624677,555121,2025-12-15,3,1064.73,143.66,87.51
129,77397957,272170,2025-11-30,5,704.0,131.02,91.94
130,48481702,903336,2025-04-28,2,1103.76,131.11,164.3
131,75739462,679321,2025-12-03,2,1476.92,136.44,259.89
132,24357425,153019,2025-09-19,2,1895.9,67.69,353.6
133,94179692,537274,2025-08-15,2,1405.42,276.56,193.23
134,35349582,51036,2025-04-29,2,1863.22,278.19,229.07
135,93803038,532965,2025-10-29,1,307.23,10.69,53.94
136,89361574,704868,2025-05-31,4,773.84,98.8,118.03
137,40626729,723678,2025-01-12,4,2701.84,21.25,385.72
138,57537308,107548,2025-12-13,5,4458.0,809.77,369.98
139,25081012,51036,2025-09-13,1,931.61,15.79,154.55
140,75467328,154179,2025-05-06,2,1165.74,189.87,178.11
141,98896871,669378,2025-06-16,2,424.28,70.81,37.92
142,26278566,859361,2025-11-03,4,1729.56,13.62,174.31
143,63360864,942001,2025-07-10,3,2014.65,312.67,136.69
144,99707100,807452,2025-06-15,4,576.76,55.7,71.81
145,41811800,354409,2025-07-03,4,1300.32,33.34,175.59
146,83964902,687218,2025-03-12,4,1271.28,222.81,168.0
147,25595836,366066,2025-08-24,4,3674.32,499.49,339.28
148,14294171,623234,2025-07-25,4,1319.16,207.73,125.24
149,45586151,880510,2025-03-02,3,2854.29,308.0,272.95
150,16359370,901144,2025-12-15,2,680.72,125.32,104.71
151,21432404,525531,2025-04-02,5,4155.5,439.4,336.95
152,24845814,818990,2025-08-01,2,327.1,36.35,40.07
153,4789829,67197,2025-03-22,4,2208.8,49.02,319.57
154,47577193,741341,2025-03-22,2,1847.68,337.35,134.38
155,12867472,890232,2025-05-21,5,2160.0,344.73,284.23
156,66766629,513199,2025-01-28,3,1266.69,238.97,115.4
157,64403005,57405,2025-08-18,4,2430.68,172.82,335.26
158,3875480,561860,2025-05-06,5,4373.9,644.19,574.27
159,38694209,961614,2025-08-30,2,454.44,18.6,52.63
160,60698094,760828,2025-12-15,5,2817.25,138.14,314.65
161,12867472,820541,2025-05-12,1,576.22,25.2,54.27
162,20148223,300159,2025-09-03,1,44.35,6.73,3.37
163,19425804,537274,2025-10-26,2,1405.42,188.63,107.19
164,15417130,880510,2025-05-29,2,1902.86,369.15,130.22
165,62068277,658389,2025-02-14,5,762.75,72.62,124.88
166,7228206,298985,2025-07-04,2,367.52,63.49,38.05
167,88111697,883013,2025-07-15,5,4949.4,558.68,559.64
168,70363568,272170,2025-01-11,3,422.4,28.37,32.94
169,59207798,60619,2025-10-19,1,726.41,23.13,113.98
170,85072416,942001,2025-04-07,1,671.55,67.55,95.4
171,73363613,962054,2025-03-08,1,16.86,0.45,2.75
172,38244021,723678,2025-07-23,5,3377.3,60.09,383.88
173,89617089,848226,2025-03-17,2,419.18,22.65,68.8
174,26432512,557908,2025-08-31,2,1884.74,311.53,149.36
175,84257716,540618,2025-09-29,4,1268.2,243.81,131.32
176,13284996,77308,2025-01-16,5,1116.35,58.69,159.08
177,82900175,107548,2025-04-12,3,2674.8,519.71,325.31
178,56480776,741341,2025-03-01,5,4619.2,32.13,453.15
179,81046421,587645,2025-04-05,2,1603.62,309.59,134.09
180,72287157,969851,2025-03-10,1,340.66,2.59,36.76
181,91072336,324809,2025-09-04,5,3040.0,127.4,258.55
182,43295656,57405,2025-05-04,3,1823.01,306.61,284.96
183,77217240,734789,2025-10-12,4,1583.28,11.66,154.57
184,49795571,818522,2025-08-05,2,192.18,22.47,24.61
185,61020,194682,2025-05-19,3,2736.87,137.74,504.5
186,91768226,970529,2025-02-13,3,2482.32,151.8,264.69
187,80858127,913428,2025-07-12,5,1961.1,375.42,182.46
188,7591711,771228,2025-04-02,5,415.9,10.85,56.8
189,82708090,600767,2025-01-16,4,2889.68,160.01,509.8
190,96989204,306177,2025-07-08,1,769.24,88.31,67.98
191,2558646,131136,2025-07-12,4,151.2,23.12,18.63
192,80517784,306177,2025-06-05,5,3846.2,489.27,490.85
193,79773912,968887,2025-11-06,3,122.1,14.94,18.98
194,6853981,753354,2025-03-16,2,847.12,52.19,93.47
195,29265216,726958,2025-09-28,4,3549.92,39.64,399.66
196,1491857,615545,2025-06-07,5,2240.8,310.85,284.62
197,43431724,397973,2025-08-20,1,728.73,27.5,88.63
198,12769552,131136,2025-11-28,5,189.0,27.75,19.75
199,55060796,623234,2025-01-22,3,989.37,190.11,77.29
200,10608845,654623,2025-06-13,5,2110.7,393.72,269.34
201,97277696,256783,2025-11-14,3,2719.62,166.15,496.48
202,85233498,949818,2025-04-03,4,1932.2,117.28,324.81
203,56548063,473647,2025-11-30,2,86.1,3.39,8.06
204,27586115,490602,2025-08-11,3,1648.41,232.81,197.58
205,11540364,992178,2025-11-01,4,2529.72,43.71,302.28
206,48778633,589812,2025-01-08,4,652.12,81.39,71.54
207,92583164,319388,2025-10-01,5,3289.0,217.89,371.94
208,87251489,542300,2025-10-21,4,1021.4,189.02,93.32
209,28413467,659290,2025-05-06,3,958.02,89.14,117.07
210,39140039,291238,2025-06-22,4,2984.12,142.45,332.71
211,21779155,14145,2025-11-30,1,630.84,114.84,44.94
212,58893807,540618,2025-09-23,1,317.05,50.54,43.4
213,19425804,712307,2025-06-09,5,1324.45,101.31,213.74
214,16400639,317242,2025-10-06,2,396.3,10.89,60.25
215,32595806,473647,2025-05-27,2,86.1,14.61,7.66
216,4356173,89084,2025-05-25,1,598.83,51.96,88.75
217,22483684,70969,2025-06-16,3,1895.1,116.63,281.27
218,38613642,183929,2025-07-30,4,2954.96,160.7,531.93
219,4057678,298985,2025-08-21,5,918.8,142.95,112.63
220,19084027,659290,2025-05-23,3,958.02,25.43,140.44
221,84161531,112390,2025-09-04,5,4389.9,429.63,566.34
222,78748184,555121,2025-10-07,1,354.91,17.13,34.93
223,78614729,140489,2025-03-27,4,2600.8,195.88,214.83
224,21553672,240179,2025-08-04,4,362.24,68.46,27.21
225,33370343,89084,2025-05-26,1,598.83,20.74,51.25
226,51174875,4452,2025-09-26,5,849.4,128.1,99.67
227,71767248,654297,2025-06-04,4,53.0,7.65,6.68
228,24107959,799688,2025-08-09,1,309.62,26.45,41.98
229,52617081,376447,2025-09-20,5,3624.2,212.23,360.08
230,69339331,913428,2025-04-25,3,1176.66,100.33,122.84
231,50760752,954722,2025-01-17,2,1232.9,0.38,135.8
232,17929886,969851,2025-07-15,3,1021.98,59.04,78.48
233,74172010,883013,2025-12-30,2,1979.76,189.39,252.46
234,30535703,615545,2025-03-28,1,448.16,19.84,84.95
235,11705793,525531,2025-01-31,1,831.1,44.55,144.47
236,77903462,354409,2025-01-26,2,650.16,96.82,68.04
237,95558510,784827,2025-11-06,4,1097.0,184.19,93.12
238,33617546,41853,2025-02-14,3,2731.32,63.77,235.54
239,88046313,39154,2025-02-12,3,2840.58,277.64,306.49
240,57207678,136533,2025-07-15,4,3304.84,273.26,555.7
241,12305040,140489,2025-04-17,5,3251.0,356.98,379.27
242,49617531,63769,2025-10-26,1,878.07,70.43,86.45
243,60967677,256783,2025-01-22,4,3626.16,455.49,463.36
244,8513589,687218,2025-03-03,4,1271.28,95.41,195.61
245,71767248,171602,2025-10-04,2,1766.88,56.33,194.39
246,90299101,298985,2025-04-16,5,918.8,94.68,154.68
247,39042103,123983,2025-02-07,3,2357.01,89.29,428.15
248,31981068,51036,2025-12-01,4,3726.44,725.8,559.73
249,53025962,669378,2025-02-01,1,212.14,38.54,32.41
250,94179692,677169,2025-08-12,2,522.06,39.76,45.36
251,93507573,305754,2025-02-22,4,3919.96,366.88,668.21
252,73933840,853932,2025-07-17,4,3764.76,362.96,441.57
253,24821281,256051,2025-02-23,2,801.84,62.63,126.76
254,37633848,677169,2025-12-22,1,261.03,10.11,21.28
255,38613642,444361,2025-05-10,4,3290.52,269.74,428.81
256,65782437,256783,2025-05-18,4,3626.16,266.1,545.02
257,47577193,478531,2025-11-11,2,1650.92,29.63,231.31
258,49050014,799952,2025-02-10,4,3690.56,23.54,504.57
259,76020843,500633,2025-07-13,1,154.5,6.95,13.33
260,58214883,747801,2025-10-19,1,277.76,37.34,44.88
261,13164195,848226,2025-05-27,3,628.77,73.06,103.37
262,14079305,490939,2025-09-30,3,240.75,35.38,25.31
263,98444183,67197,2025-12-12,3,1656.6,59.96,140.94
264,25706121,89084,2025-10-02,1,598.83,91.4,87.79
265,14272050,587420,2025-12-15,5,1787.1,181.57,227.65
266,94179692,349294,2025-06-20,4,3739.0,150.84,592.99
267,57537308,669378,2025-05-16,5,1060.7,90.19,85.54
268,39876773,4452,2025-02-22,1,169.88,23.43,26.67
269,97484394,564692,2025-08-21,1,215.65,27.26,27.64
270,1491857,473647,2025-09-03,1,43.05,3.88,4.22
271,64562786,652118,2025-04-01,1,22.04,3.21,2.2
272,52337289,767398,2025-02-20,5,110.7,14.56,15.25
273,83034412,613942,2025-04-09,3,1635.0,4.13,312.17
274,11493380,313754,2025-05-13,5,683.0,110.94,101.58
275,47206881,962054,2025-07-06,2,33.72,1.67,5.62
276,27038630,563740,2025-10-11,2,192.66,27.19,17.05
277,32868927,194682,2025-01-01,2,1824.58,107.07,229.18
278,53538932,39154,2025-01-16,4,3787.44,333.68,305.78
279,5001749,306177,2025-01-30,2,1538.48,204.59,151.16
280,30643619,552883,2025-04-01,2,1776.32,84.35,182.87
281,75828735,398340,2025-06-08,4,2607.72,33.73,455.67
282,3483295,764014,2025-02-09,5,3060.2,80.41,298.68
283,12090436,70969,2025-05-20,1,631.7,96.69,78.03
284,55094848,621677,2025-02-23,5,1589.0,281.59,143.12
285,77921718,500739,2025-05-05,4,1439.92,217.57,165.4
286,33394166,186168,2025-08-28,3,2636.4,171.8,306.95
287,15808945,684939,2025-08-16,1,727.95,60.33,64.84
288,81584486,425341,2025-04-05,5,2431.4,329.93,415.27
289,40192266,305754,2025-10-30,4,3919.96,284.94,454.22
290,32656885,937542,2025-06-03,4,388.16,13.75,60.7
291,61226563,903336,2025-02-17,4,2207.52,382.43,320.0
292,44410149,146840,2025-10-08,4,3147.4,400.88,296.99
293,52085702,807452,2025-05-27,4,576.76,60.12,45.14
294,13424885,677169,2025-04-03,4,1044.12,201.62,77.55
295,46025543,704868,2025-02-24,2,386.92,10.71,71.47
296,32929817,692985,2025-12-15,4,789.56,113.48,122.13
297,25770577,440875,2025-10-24,2,550.06,64.54,57.31
298,88684966,118820,2025-02-03,5,61.6,9.69,5.0
299,23098216,82484,2025-01-31,3,2744.64,453.3,237.14
300,20209237,219598,2025-09-16,1,367.08,44.5,56.19
301,89995124,652118,2025-09-06,3,66.12,0.74,11.24
302,83701325,587645,2025-06-20,1,801.81,40.73,112.55
303,8733344,667163,2025-07-15,3,1323.6,144.83,106.24
304,65782437,760828,2025-05-20,2,1126.9,64.79,153.31
305,14275043,970529,2025-05-16,5,4137.2,476.72,396.67
306,58873572,473647,2025-11-02,5,215.25,5.97,41.45
307,20956158,658389,2025-03-16,2,305.1,0.25,52.25
308,85518832,107548,2025-09-23,2,1783.2,139.57,248.5
309,2365348,298985,2025-10-18,3,551.28,83.22,59.33
310,13651980,606256,2025-11-02,4,1477.12,278.46,237.53
311,21461764,306177,2025-11-25,2,1538.48,181.1,192.27
312,47590944,336847,2025-06-06,4,3747.92,217.19,677.13
313,89472859,557908,2025-09-01,1,942.37,50.55,106.28
314,26250082,120532,2025-02-16,2,1395.06,79.65,130.88
315,33829924,473647,2025-09-19,4,172.2,5.25,19.03
316,55936462,366066,2025-03-01,3,2755.74,8.04,255.21
317,23996221,927651,2025-10-16,5,2133.6,245.82,308.7
318,3096845,659290,2025-10-26,2,638.68,92.09,69.12
319,25981385,448752,2025-12-22,2,320.14,4.4,53.32
320,10706516,455755,2025-02-05,5,220.45,15.25,23.51
321,60591625,34200,2025-11-25,4,1279.2,157.17,179.73
322,83701325,451933,2025-05-24,3,1706.82,199.47,189.43
323,93937586,741341,2025-01-03,5,4619.2,411.79,797.31
324,85016568,578097,2025-06-21,4,1070.44,105.55,187.7
325,15631726,91670,2025-11-10,5,2196.2,150.65,292.59
326,18954314,317242,2025-05-10,4,792.6,93.6,126.29
327,48228547,604184,2025-12-27,3,1192.65,184.21,123.86
328,49457685,602241,2025-06-30,2,1953.1,216.0,330.35
329,21786873,876139,2025-02-26,4,1663.0,331.64,203.42
330,83701325,741341,2025-05-25,3,2771.52,492.67,406.14
331,53624677,709916,2025-12-24,2,67.52,8.86,5.74
332,43860025,587645,2025-11-07,4,3207.24,559.06,460.09
333,91312072,349294,2025-09-03,5,4673.75,75.67,625.79
334,70965437,373536,2025-03-21,4,1976.68,302.39,265.94
335,68419593,455755,2025-12-28,3,132.27,14.21,19.03
336,29038113,329351,2025-10-24,5,1554.35,133.2,209.43
337,91789216,764014,2025-02-16,4,2448.16,35.8,443.42
338,62679120,114414,2025-06-01,1,832.06,71.17,116.63
339,95873651,120385,2025-01-25,1,597.91,5.39,59.89
340,4594944,890623,2025-03-14,1,354.52,55.64,28.26
341,23996221,642612,2025-07-07,4,2068.12,324.43,274.9
342,31324823,552496,2025-04-28,2,1016.0,78.16,166.66
343,67896836,799952,2025-11-30,1,922.64,70.98,101.66
344,6637282,839170,2025-06-27,1,481.63,17.58,62.15
345,40015980,444361,2025-09-11,5,4113.15,652.46,318.89
346,1719710,240179,2025-06-03,4,362.24,22.58,34.71
347,9347990,679321,2025-06-29,1,738.46,36.15,120.82
348,46025543,914071,2025-06-26,2,593.88,80.77,99.21
349,2903620,513199,2025-01-02,4,1688.92,208.46,121.61
350,5039883,153019,2025-05-15,4,3791.8,410.5,676.0
351,57217288,820541,2025-03-11,3,1728.66,201.72,221.44
352,61851054,602241,2025-11-24,4,3906.2,110.83,610.05
353,10541231,287070,2025-09-11,4,1772.68,39.6,218.28
354,84257716,444361,2025-04-02,4,3290.52,309.5,249.89
355,15043066,563740,2025-05-24,5,481.65,36.22,76.65
356,35455991,525531,2025-10-29,2,1662.2,165.48,265.92
357,58152923,444361,2025-04-08,4,3290.52,398.82,432.02
358,59190584,847349,2025-11-05,4,3124.32,246.27,307.77
359,19067680,131937,2025-02-19,3,863.43,48.31,90.1
360,17749347,146840,2025-12-10,3,2360.55,72.02,299.96
361,61851054,366066,2025-04-18,2,1837.16,212.92,202.86
362,74833221,378287,2025-06-25,2,665.68,9.43,87.76
363,43599910,658389,2025-11-26,5,762.75,59.64,91.06
364,19400174,615545,2025-09-29,4,1792.64,111.1,150.03
365,81932548,606256,2025-01-28,1,369.28,39.05,52.91
366,21409946,965755,2025-12-25,1,532.57,78.07,73.37
367,15661901,767398,2025-04-09,3,66.42,0.37,7.58
368,24633671,26060,2025-06-11,3,1028.82,26.72,142.14
369,12769552,60619,2025-12-14,3,2179.23,23.39,187.35
370,1060685,440875,2025-10-14,1,275.03,24.61,38.94
371,22822088,107548,2025-05-21,5,4458.0,260.28,635.11
372,22822088,513199,2025-05-10,3,1266.69,231.15,158.61
373,20163931,537274,2025-02-15,3,2108.13,366.3,156.04
374,14272050,883013,2025-02-18,3,2969.64,512.17,353.74
375,37288781,256051,2025-12-01,2,801.84,122.63,127.41
376,55733729,767398,2025-03-09,2,44.28,1.78,8.3
377,1719710,726958,2025-09-12,3,2662.44,312.27,444.11
378,55425478,615545,2025-08-23,5,2240.8,321.18,345.17
379,61121421,760684,2025-09-17,2,143.2,12.76,22.61
380,4438410,760828,2025-09-29,4,2253.8,395.0,263.92
381,47043878,240179,2025-08-10,2,181.12,13.98,27.11
382,58415368,490602,2025-01-22,1,549.47,6.76,104.2
383,60835946,578097,2025-05-31,1,267.61,23.71,28.32
384,99301505,647462,2025-01-08,2,652.84,23.0,59.35
385,23755474,300159,2025-05-28,4,177.4,16.28,23.11
386,50650215,57405,2025-12-09,1,607.67,44.61,95.71
387,33651554,949818,2025-07-25,5,2415.25,72.15,224.75
388,22210238,927651,2025-05-15,5,2133.6,4.82,425.51
389,45659330,194682,2025-01-04,5,4561.45,436.54,578.66
390,45481936,888807,2025-09-13,4,922.32,124.7,74.75
391,94486311,945635,2025-04-14,1,778.9,45.78,112.55
392,63238941,962054,2025-07-03,4,67.44,2.96,10.07
393,63624332,552496,2025-05-07,3,1524.0,266.79,125.16
394,28111842,153019,2025-03-05,2,1895.9,317.06,168.57
395,93730857,461804,2025-03-22,4,1242.76,66.24,215.07
396,68939350,9436,2025-06-11,3,265.29,15.22,41.35
397,894128,771228,2025-10-21,3,249.54,43.09,23.61
398,23081177,863930,2025-06-18,5,1212.85,69.6,150.56
399,29584848,925482,2025-01-28,5,2375.2,198.83,273.25
400,49147776,516376,2025-04-09,3,2632.29,362.43,255.32
401,6184558,697683,2025-03-03,3,371.22,37.72,65.67
402,72917958,39154,2025-11-28,1,946.86,106.77,124.97
403,64932019,888807,2025-09-12,3,691.74,22.8,109.8
404,66359719,613942,2025-07-04,4,2180.0,63.81,198.87
405,59240916,600767,2025-01-05,5,3612.1,301.4,418.38
406,59345983,552496,2025-05-20,5,2540.0,388.91,388.92
407,20689141,726958,2025-12-08,4,3549.92,301.11,456.33
408,35133191,945635,2025-12-25,2,1557.8,240.36,257.16
409,51503088,592784,2025-07-29,1,280.35,4.83,27.58
410,76377003,36412,2025-06-20,4,1590.72,116.34,268.43
411,64497538,587645,2025-05-10,2,1603.62,166.59,241.69
412,29431960,470449,2025-01-26,3,2483.31,476.54,335.85
413,57081917,871592,2025-07-12,3,2610.87,485.55,399.45
414,28350645,760684,2025-04-27,2,143.2,4.62,26.01
415,81091233,183929,2025-05-24,3,2216.22,1.57,378.6
416,52337289,324809,2025-03-03,2,1216.0,104.35,191.86
417,1603358,478531,2025-11-29,3,2476.38,292.31,187.97
418,77869660,712307,2025-12-21,4,1059.56,179.06,105.65
419,99424244,144124,2025-03-06,4,650.68,46.24,101.28
420,66827191,15314,2025-12-24,4,2315.4,251.29,330.75
421,5763963,767398,2025-09-06,5,110.7,4.26,10.41
422,90150193,194682,2025-10-20,2,1824.58,64.31,338.93
423,22112867,555121,2025-06-20,3,1064.73,2.09,148.18
424,23676689,63769,2025-09-20,3,2634.21,227.12,316.83
425,9551011,462526,2025-01-21,4,1799.88,268.56,200.82
426,81757554,837480,2025-01-28,5,1087.0,49.16,141.34
427,73933840,171602,2025-08-29,4,3533.76,93.06,620.37
428,13604883,89084,2025-01-16,5,2994.15,39.39,359.92
429,91566278,647462,2025-11-01,2,652.84,49.91,109.93
430,88520326,77308,2025-11-01,3,669.81,31.05,127.62
431,25795941,679865,2025-07-02,3,1043.73,39.81,96.1
432,80862136,14145,2025-08-16,1,630.84,117.53,93.93
433,6247821,587420,2025-12-30,4,1429.68,36.07,257.3
434,67960179,490602,2025-11-16,5,2747.35,420.84,287.66
435,62807542,726958,2025-07-18,3,2662.44,30.52,382.67
436,49617531,927651,2025-09-06,1,426.72,26.85,44.25
437,56480776,194682,2025-11-09,1,912.29,13.32,142.85
438,64106072,820541,2025-04-01,5,2881.1,9.75,314.06
439,38808614,53833,2025-07-28,5,673.45,69.87,76.09
440,22974816,818522,2025-10-15,3,288.27,29.71,24.16
441,75752515,70969,2025-10-25,5,3158.5,606.21,263.37
442,50392139,658389,2025-06-10,3,457.65,21.99,74.82
443,22800586,818990,2025-02-13,3,490.65,60.99,55.04
444,37947202,901144,2025-11-21,1,340.36,24.51,37.41
445,13465850,63769,2025-01-04,1,878.07,142.79,119.49
446,75474920,883013,2025-06-29,2,1979.76,112.05,262.86
447,63802820,385113,2025-06-23,2,1632.76,269.08,147.2
448,63060947,26060,2025-03-16,4,1371.76,228.26,109.47
449,23098216,642612,2025-08-25,2,1034.06,9.13,149.67
450,35358395,15314,2025-11-20,3,1736.55,330.09,227.6
451,76604145,927651,2025-05-24,4,1706.88,151.21,141.25
452,17390673,91670,2025-02-26,2,878.48,57.37,119.94
453,23098216,6405,2025-08-28,2,473.02,33.02,49.5
454,16424635,516376,2025-03-21,1,877.43,132.72,68.62
455,9105829,741341,2025-04-14,3,2771.52,140.08,251.49
456,81533356,721521,2025-05-06,3,1252.17,114.04,142.18
457,49617892,587420,2025-02-17,4,1429.68,3.49,178.81
458,36737539,799688,2025-10-08,4,1238.48,22.06,109.5
459,52048413,734789,2025-04-25,2,791.64,120.57,131.35
460,10541231,131937,2025-01-21,3,863.43,122.32,96.31
461,66135710,903336,2025-02-07,5,2759.4,407.11,202.66
462,1200365,33797,2025-04-09,3,2664.36,275.26,270.21
463,8395610,196719,2025-09-15,4,870.0,44.92,68.98
464,57102800,56589,2025-02-02,3,1553.31,249.2,125.5
465,6959437,837480,2025-01-07,3,652.2,61.04,76.7
466,80286283,953175,2025-01-22,1,225.21,42.43,15.92
467,4543215,513199,2025-09-18,3,1266.69,209.19,111.79
468,59930550,552883,2025-08-24,4,3552.64,217.52,334.5
469,46146390,378230,2025-12-18,4,665.68,55.24,64.17
470,40277444,432617,2025-09-23,4,3452.72,519.32,533.24
471,79630614,991434,2025-05-16,4,950.48,179.84,108.93
472,35402531,578097,2025-08-27,1,267.61,11.21,30.67
473,78394303,256783,2025-05-20,4,3626.16,628.5,488.49
474,1816969,397973,2025-06-20,4,2914.92,52.39,477.81
475,58929595,500633,2025-12-07,4,618.0,34.24,81.6
476,69749541,373536,2025-12-13,2,988.34,137.04,107.7
477,72889295,669378,2025-09-24,3,636.42,115.5,70.02
478,9097480,107548,2025-03-16,5,4458.0,256.24,398.52
479,19375332,667163,2025-07-29,4,1764.8,105.98,309.13
480,93924203,880510,2025-02-02,3,2854.29,561.79,399.03
481,76327561,171602,2025-09-28,4,3533.76,457.78,393.18
482,6390687,897083,2025-02-01,3,2918.07,65.59,408.52
483,38613642,990993,2025-05-12,3,791.1,97.93,94.74
484,3002538,487931,2025-11-03,3,2127.24,417.18,169.13
485,3483295,555121,2025-05-15,3,1064.73,0.48,152.64
486,37227953,11422,2025-09-09,3,381.48,14.88,67.68
487,48268435,194682,2025-08-05,5,4561.45,699.56,594.08
488,39957741,136533,2025-05-20,5,4131.05,767.33,405.7
489,22800586,196719,2025-03-27,1,217.5,33.74,34.13
490,12769552,820973,2025-01-29,3,343.56,7.72,29.58
491,42723554,692985,2025-05-24,2,394.78,44.9,64.57
492,40192266,183929,2025-11-29,4,2954.96,54.3,506.29
493,74195536,444361,2025-12-15,5,4113.15,581.46,327.76
494,59909004,871592,2025-06-12,1,870.29,12.76,78.0
495,31371112,56589,2025-12-06,3,1553.31,114.67,261.38
496,31026200,131136,2025-09-01,1,37.8,5.94,4.79
497,88520326,771228,2025-08-25,4,332.72,52.43,46.49
498,60835946,771228,2025-03-05,4,332.72,61.43,42.4
499,58873572,799952,2025-01-04,2,1845.28,243.59,197.49
500,52048413,378230,2025-08-20,5,832.1,110.99,89.43
501,31569754,154179,2025-01-28,3,1748.61,62.92,208.19
502,46025543,818990,2025-06-06,2,327.1,37.95,54.73
503,41146001,222892,2025-03-31,1,869.22,61.81,83.0
504,69242672,883013,2025-07-31,5,4949.4,230.79,859.15
505,188838,767398,2025-07-20,5,110.7,1.39,13.99
506,11143197,440875,2025-07-20,4,1100.12,159.64,95.44
507,47275378,274207,2025-03-20,1,328.51,63.64,27.07
508,13441874,324809,2025-09-22,5,3040.0,265.59,285.51
509,39042103,951463,2025-11-06,2,1574.8,219.74,256.01
510,41647393,798639,2025-07-16,4,845.0,46.56,138.47
511,13197985,298985,2025-05-11,3,551.28,23.54,99.6
512,15631726,317242,2025-03-02,1,198.15,9.32,19.71
513,75467328,455755,2025-08-31,5,220.45,41.66,32.52
514,78412820,734789,2025-08-15,3,1187.46,120.93,145.2
515,7076456,461804,2025-03-28,5,1553.45,32.37,221.41
516,18889370,449106,2025-12-11,1,48.55,1.77,3.99
517,1719710,851978,2025-11-21,4,2862.88,418.06,387.13
518,57474553,124290,2025-01-18,4,158.6,12.53,27.92
519,91448742,9436,2025-12-08,1,88.43,14.22,13.12
520,91408854,542300,2025-05-09,3,766.05,118.98,84.25
521,31981068,455755,2025-03-03,5,220.45,29.01,36.68
522,96149069,659290,2025-06-08,5,1596.7,18.8,128.89
523,41439103,659290,2025-11-16,3,958.02,44.23,165.04
524,61020,760684,2025-10-09,2,143.2,12.49,15.49
525,20517871,272170,2025-07-26,1,140.8,10.43,17.56
526,7687234,969851,2025-04-29,5,1703.3,298.78,245.64
527,89051578,721521,2025-10-21,5,2086.95,185.46,355.1
528,86479284,487065,2025-05-19,3,1124.04,19.4,204.84
529,12574626,537274,2025-11-05,3,2108.13,313.05,208.67
530,67383024,222892,2025-12-01,3,2607.66,73.04,202.84
531,82804543,930284,2025-11-09,4,757.88,19.11,70.74
532,1491857,107548,2025-10-22,1,891.6,150.33,121.24
533,19400174,945635,2025-09-18,4,3115.6,18.13,382.6
534,3399251,542300,2025-12-14,2,510.7,28.07,88.49
535,54139038,256051,2025-06-12,2,801.84,140.97,108.51
536,39876773,585299,2025-02-10,1,799.46,155.78,94.99
537,90753712,478531,2025-04-21,5,4127.3,206.68,570.3
538,48158494,337168,2025-07-15,1,545.49,38.17,87.07
539,48150243,961614,2025-12-26,2,454.44,22.92,54.42
540,92306841,492958,2025-11-24,2,168.4,23.1,18.99
541,14944819,6405,2025-04-01,1,236.51,21.04,30.66
542,12397668,721521,2025-11-24,4,1669.56,221.6,126.62
543,81174361,183929,2025-03-09,4,2954.96,309.11,447.63
544,71688530,487931,2025-01-06,4,2836.32,148.04,364.27
545,62828341,112390,2025-07-24,4,3511.92,698.29,422.13
546,21697638,661577,2025-04-01,4,2883.8,35.54,530.53
547,79960955,949818,2025-12-16,1,483.05,77.28,37.48
548,29562072,398340,2025-04-16,3,1955.79,220.14,268.27
549,28394354,952124,2025-07-26,2,254.16,49.35,17.05
550,61851054,880510,2025-09-01,2,1902.86,1.87,167.92
551,52678787,397973,2025-11-11,5,3643.65,178.73,380.43
552,17749347,706112,2025-03-29,3,1436.37,193.48,187.82
553,62194279,298985,2025-05-26,3,551.28,69.62,84.51
554,23348269,760684,2025-05-30,4,286.4,6.96,38.1
555,26303194,365132,2025-07-18,3,688.14,120.2,106.99
556,87450286,481843,2025-08-10,2,595.36,97.48,85.25
557,53640286,329351,2025-08-02,3,932.61,169.02,127.75
558,48228547,194682,2025-01-07,2,1824.58,243.6,217.74
559,67340606,328457,2025-09-13,4,3434.28,474.8,257.65
560,18940384,863930,2025-11-05,2,485.14,34.27,50.15
561,98246574,123983,2025-12-18,2,1571.34,262.02,123.02
562,88532418,883013,2025-10-02,3,2969.64,206.59,391.81
563,86294036,183929,2025-03-16,2,1477.48,48.66,268.7
564,72366758,897083,2025-12-08,5,4863.45,254.63,671.79
565,12338529,324809,2025-08-31,4,2432.0,360.57,332.96
566,3875480,587645,2025-11-12,5,4009.05,383.56,291.65
567,52032226,760684,2025-04-06,1,71.6,2.59,12.32
568,25706121,606256,2025-10-10,1,369.28,22.43,36.15
569,27746432,837480,2025-05-24,1,217.4,39.43,32.96
570,57896058,473929,2025-05-10,4,1760.76,58.7,293.3
571,29653387,604184,2025-11-03,1,397.55,4.42,49.52
572,98225598,124290,2025-06-30,5,198.25,29.69,16.46
573,93699264,760684,2025-08-05,4,286.4,43.47,30.37
574,34580200,679321,2025-03-11,2,1476.92,20.79,160.82
575,54680459,927651,2025-11-12,3,1280.16,165.3,173.12
576,98896871,890232,2025-12-25,5,2160.0,14.74,234.72
577,27604184,500633,2025-09-20,2,309.0,61.67,32.49
578,17106161,329351,2025-01-09,5,1554.35,110.64,279.44
579,91312072,470449,2025-04-10,1,827.77,47.34,134.15
580,30823988,606256,2025-07-14,2,738.56,86.05,107.85
581,18791381,891833,2025-07-08,3,1479.57,106.84,214.62
582,59909004,492958,2025-02-11,4,336.8,27.86,40.59
583,77086074,317242,2025-10-05,4,792.6,145.18,55.01
584,54057428,385113,2025-10-22,1,816.38,149.96,62.74
585,24153726,883013,2025-11-15,3,2969.64,368.91,351.95
586,95858939,306177,2025-11-28,3,2307.72,17.67,350.04
587,25977417,131136,2025-05-22,5,189.0,0.59,29.85
588,33280073,942001,2025-01-03,1,671.55,104.04,45.72
589,10663246,131748,2025-11-04,3,244.05,14.9,20.57
590,38244021,131937,2025-08-03,2,575.62,13.27,56.82
591,85340038,673058,2025-08-08,3,2297.28,389.92,299.72
592,56352626,455083,2025-10-21,4,3836.04,397.69,505.55
593,8881320,658389,2025-03-02,2,305.1,48.77,48.17
594,79478655,382511,2025-05-30,1,702.54,7.82,118.88
595,9981089,784827,2025-12-01,5,1371.25,263.95,158.34
596,63624332,525531,2025-10-29,2,1662.2,25.5,249.5
597,75137446,516376,2025-04-10,1,877.43,44.44,110.98
598,38613642,219598,2025-12-27,1,367.08,72.49,31.17
599,41181125,385113,2025-06-06,5,4081.9,457.92,663.9
600,64940409,196719,2025-07-04,4,870.0,45.43,88.19
601,38615653,764014,2025-08-23,3,1836.12,33.79,285.82
602,13415362,39154,2025-12-10,4,3787.44,254.68,542.07
603,20625627,672059,2025-11-24,5,3363.65,39.04,580.44
604,46629917,373536,2025-09-26,1,494.17,79.2,43.13
605,60371334,487931,2025-05-10,2,1418.16,165.19,217.21
606,30065862,257719,2025-09-02,4,1126.92,174.93,177.76
607,63292875,112390,2025-10-02,3,2633.94,330.86,423.56
608,20469626,697683,2025-03-30,3,371.22,11.05,50.55
609,56457995,712003,2025-09-26,4,2686.72,231.9,477.99
610,22931642,14145,2025-03-19,1,630.84,126.07,63.04
611,23081177,154179,2025-04-11,3,1748.61,176.26,271.46
612,88553721,144124,2025-12-25,3,488.01,61.18,67.97
613,31978160,112390,2025-01-08,2,1755.96,168.98,154.24
614,55552600,144124,2025-04-30,2,325.34,53.65,51.85
615,61516967,951463,2025-04-19,3,2362.2,416.19,388.99
616,84377964,317242,2025-04-27,2,396.3,37.53,40.55
617,6959437,305754,2025-02-25,2,1959.98,2.35,356.72
618,25977417,897083,2025-04-07,5,4863.45,378.02,830.7
619,38875754,349294,2025-10-03,4,3739.0,301.27,461.33
620,28428852,196719,2025-12-12,4,870.0,47.0,140.08
621,8967266,256051,2025-06-14,2,801.84,149.92,120.38
622,76212152,704868,2025-03-18,5,967.3,76.76,139.6
623,99424244,644847,2025-10-22,1,622.81,39.66,108.44
624,86487478,647462,2025-10-17,1,326.42,28.23,35.12
625,98211325,621677,2025-10-18,3,953.4,91.58,142.48
626,40643232,542300,2025-06-01,4,1021.4,143.01,161.71
627,35554129,300159,2025-03-14,2,88.7,5.98,10.64
628,69761993,566052,2025-06-02,2,174.6,31.72,22.29
629,79257353,890623,2025-05-07,2,709.04,37.27,100.98
630,48002829,378676,2025-09-13,1,881.42,32.63,79.05
631,69339331,993331,2025-06-22,5,512.2,34.49,48.69
632,73392739,903336,2025-12-08,5,2759.4,237.85,205.61
633,59890331,228286,2025-06-05,5,895.4,51.32,80.54
634,8205155,890232,2025-03-01,4,1728.0,135.56,134.77
635,81541985,613942,2025-06-16,3,1635.0,272.18,172.74
636,24000329,274207,2025-02-27,5,1642.55,45.67,217.52
637,97144544,891833,2025-12-31,5,2465.95,94.41,199.51
638,12769552,833557,2025-08-08,1,422.87,54.45,41.22
639,26912171,256051,2025-09-25,2,801.84,0.71,128.55
640,84986716,516376,2025-09-17,1,877.43,61.71,138.88
641,16436359,721521,2025-09-11,3,1252.17,143.46,129.0
642,47926198,700048,2025-05-22,2,282.56,19.15,45.62
643,97507853,600767,2025-06-28,1,722.42,140.69,81.06
644,14272050,903336,2025-01-11,4,2207.52,223.8,326.49
645,16780752,891833,2025-10-02,5,2465.95,6.86,254.34
646,40323385,961614,2025-05-12,4,908.88,10.24,162.91
647,81088747,382511,2025-04-21,4,2810.16,208.37,333.82
648,87889031,890232,2025-02-10,1,432.0,17.35,50.89
649,9048817,615545,2025-10-18,3,1344.48,170.59,172.22
650,40015980,661577,2025-10-29,2,1441.9,83.58,161.34
651,56195475,712307,2025-04-22,3,794.67,50.53,96.92
652,13939675,481843,2025-09-16,3,893.04,36.63,92.06
653,87444738,707935,2025-04-16,1,820.9,26.58,133.01
654,1624115,256051,2025-07-11,3,1202.76,210.1,123.15
655,6186471,863930,2025-10-11,1,242.57,42.18,40.06
656,53636086,337168,2025-11-04,4,2181.96,278.27,159.83
657,52409516,690565,2025-03-19,3,2853.81,330.86,433.3
658,83298567,799952,2025-09-15,2,1845.28,347.12,263.29
659,81102955,500633,2025-10-14,4,618.0,17.09,88.57
660,16617201,891833,2025-07-24,2,986.38,87.14,153.96
661,84986716,63769,2025-03-05,4,3512.28,434.73,284.71
662,23434261,256051,2025-12-02,4,1603.68,23.48,221.18
663,90856813,901144,2025-08-29,1,340.36,22.5,57.68
664,56572297,91670,2025-10-16,2,878.48,74.26,129.01
665,60591625,876139,2025-04-28,5,2078.75,176.15,182.86
666,13130974,94225,2025-10-04,4,308.44,12.33,37.48
667,84850688,385113,2025-08-08,4,3265.52,585.36,317.94
668,15484407,890232,2025-01-03,4,1728.0,181.44,125.0
669,81382213,354409,2025-07-17,5,1625.4,9.29,311.31
670,93563435,684939,2025-03-06,1,727.95,34.25,80.18
671,81337068,336847,2025-03-05,4,3747.92,532.06,342.0
672,55472026,883013,2025-12-30,1,989.88,31.97,112.85
673,72366758,739534,2025-01-26,1,994.56,58.19,137.63
674,80315623,925482,2025-01-07,5,2375.2,406.85,343.08
675,95971469,284460,2025-09-14,4,2023.8,355.29,227.91
676,4869199,712003,2025-11-20,2,1343.36,247.47,186.03
677,54799731,871592,2025-07-27,3,2610.87,26.26,270.52
678,83023956,679321,2025-01-04,4,2953.84,352.13,357.87
679,3872421,300159,2025-10-02,5,221.75,2.56,43.26
680,45729563,131937,2025-10-29,2,575.62,4.64,108.64
681,24821281,709916,2025-10-24,1,33.76,3.35,4.38
682,77921718,120532,2025-03-22,4,2790.12,62.33,400.03
683,53974737,951463,2025-12-22,4,3149.6,369.33,464.56
684,19091057,284460,2025-06-11,5,2529.75,270.06,217.38
685,79169760,697683,2025-06-21,2,247.48,37.59,35.69
686,90621147,853932,2025-11-19,1,941.19,61.65,119.35
687,50650215,365133,2025-05-04,5,4577.25,24.08,752.6
688,18954314,144124,2025-09-26,2,325.34,39.69,44.0
689,52393801,491314,2025-09-27,5,4867.2,440.47,525.68
690,10706516,942001,2025-04-13,4,2686.2,251.65,199.47
691,1589656,990993,2025-04-03,2,527.4,89.82,58.83
692,89886179,196719,2025-01-05,2,435.0,13.74,40.18
693,85340038,818522,2025-01-03,1,96.09,14.26,14.24
694,8395343,500633,2025-07-23,5,772.5,25.83,109.26
695,69276352,306177,2025-08-14,3,2307.72,404.04,198.06
696,22851478,807452,2025-02-17,5,720.95,107.48,109.89
697,88223261,397973,2025-12-15,3,2186.19,360.61,362.99
698,64940409,753354,2025-05-27,5,2117.8,89.51,164.44
699,64940409,183929,2025-08-05,2,1477.48,25.47,248.0
700,25795941,243235,2025-01-14,4,436.12,13.29,80.33
701,52913011,897083,2025-06-22,3,2918.07,248.56,285.56
702,15661674,378230,2025-12-14,4,665.68,105.3,99.5
703,41146001,540618,2025-05-10,3,951.15,170.91,63.27
704,14940427,848226,2025-09-17,5,1047.95,130.06,83.07
705,4378755,799952,2025-09-12,5,4613.2,552.89,748.69
706,32006907,196719,2025-08-21,3,652.5,88.65,63.37
707,23434261,747801,2025-09-01,4,1111.04,68.7,113.31
708,66308810,365132,2025-09-02,4,917.52,4.9,137.95
709,52409516,784827,2025-11-23,5,1371.25,96.78,142.53
710,63661771,287070,2025-04-29,3,1329.51,62.18,194.68
711,15043066,525531,2025-01-30,1,831.1,56.89,113.15
712,9246851,952168,2025-03-29,3,710.85,9.7,103.99
713,9551011,681063,2025-02-11,1,321.28,23.33,44.67
714,21779155,990993,2025-12-10,4,1054.8,50.54,96.42
715,71902700,120532,2025-08-15,2,1395.06,94.7,182.93
716,72942753,561860,2025-01-16,5,4373.9,7.17,378.43
717,1108176,60619,2025-05-26,1,726.41,144.09,116.04
718,68692574,274207,2025-09-28,3,985.53,170.38,68.12
719,54730270,137909,2025-09-12,4,3457.2,490.84,382.36
720,88045094,82484,2025-12-03,1,914.88,63.15,103.42
721,70363568,398340,2025-09-11,1,651.93,93.08,92.56
722,50554007,455755,2025-08-23,3,132.27,2.01,21.35
723,29324437,587420,2025-08-28,4,1429.68,194.56,220.62
724,6617417,611575,2025-06-10,5,2410.3,453.96,347.52
725,20625627,644847,2025-03-16,5,3114.05,58.6,498.08
726,42989999,378287,2025-05-20,3,998.52,170.36,121.94
727,90621147,561860,2025-06-15,5,4373.9,233.1,352.07
728,1152215,942001,2025-04-15,1,671.55,26.83,96.82
729,17521263,891833,2025-11-23,1,493.19,60.94,39.58
730,90666073,949818,2025-11-01,3,1449.15,0.89,126.3
731,86487478,473929,2025-06-03,2,880.38,42.61,85.52
732,50484778,154179,2025-08-26,2,1165.74,209.75,83.77
733,34713143,33955,2025-09-23,1,186.08,32.19,13.8
734,894128,124290,2025-03-03,1,39.65,5.02,3.9
735,15417130,890232,2025-02-27,3,1296.0,258.08,138.22
736,820740,888807,2025-01-05,3,691.74,124.86,63.11
737,41073776,890232,2025-05-28,4,1728.0,235.71,214.96
738,41640262,51036,2025-01-14,1,931.61,126.36,93.9
739,30900441,171602,2025-02-16,4,3533.76,511.37,470.24
740,89874335,592784,2025-10-02,4,1121.4,94.2,90.07
741,5751638,611575,2025-02-06,1,482.06,70.34,56.12
742,16780752,41853,2025-04-02,3,2731.32,321.55,476.69
743,16379942,880510,2025-09-18,4,3805.72,97.39,518.64
744,31537100,133542,2025-09-12,4,273.96,40.48,31.46
745,69863493,187399,2025-07-31,1,53.49,1.96,4.28
746,84641682,961614,2025-01-30,4,908.88,73.99,108.05
747,77086539,684939,2025-05-12,2,1455.9,210.79,206.17
748,18394558,897083,2025-06-15,3,2918.07,100.42,532.16
749,90919603,33955,2025-05-16,5,930.4,180.78,103.07
750,88517890,298985,2025-05-23,1,183.76,11.16,30.1
751,88520326,962054,2025-01-03,4,67.44,2.94,6.68
752,20209237,137909,2025-09-20,1,864.3,21.73,89.36
753,8881320,154179,2025-07-02,1,582.87,102.84,51.09
754,88434834,798639,2025-04-22,2,422.5,15.4,50.55
755,95856869,432617,2025-07-30,1,863.18,12.26,168.34
756,98540377,67197,2025-09-03,1,552.2,9.74,66.68
757,8361353,894539,2025-07-24,1,445.48,16.99,72.34
758,30468930,762527,2025-05-24,3,2070.24,207.76,280.78
759,84119685,952168,2025-09-16,3,710.85,11.09,110.67
760,40800762,654623,2025-03-06,5,2110.7,379.11,295.71
761,91024604,585299,2025-01-17,2,1598.92,71.4,275.31
762,5901440,623234,2025-11-29,3,989.37,192.56,116.15
763,40419593,925482,2025-03-11,2,950.08,4.87,187.56
764,34156884,757274,2025-11-11,1,98.32,12.86,7.82
765,88866835,136533,2025-11-11,4,3304.84,27.74,563.59
766,58513300,228286,2025-10-10,2,358.16,19.58,65.69
767,26752630,432617,2025-05-17,1,863.18,151.26,100.56
768,91614690,433521,2025-11-11,1,321.33,21.16,30.14
769,97419742,385113,2025-11-23,4,3265.52,370.98,353.98
770,82025691,739534,2025-11-15,1,994.56,40.27,168.89
771,23126356,305754,2025-04-16,1,979.99,41.43,157.63
772,58644651,14145,2025-07-07,5,3154.2,535.45,332.56
773,68857118,880510,2025-07-19,3,2854.29,328.68,495.99
774,5386246,425341,2025-06-24,5,2431.4,422.4,358.99
775,6291143,124290,2025-06-26,2,79.3,7.9,6.06
776,80286283,361361,2025-10-23,4,3304.84,509.67,226.7
777,48647253,818522,2025-12-09,5,480.45,36.74,71.83
778,95595403,621677,2025-02-08,5,1589.0,128.92,236.38
779,84257716,112390,2025-11-11,2,1755.96,283.58,162.42
780,12402437,592784,2025-12-17,2,560.7,14.9,64.71
781,26432512,41853,2025-07-19,5,4552.2,269.32,669.37
782,1589656,91670,2025-10-01,2,878.48,79.39,83.07
783,53605257,600767,2025-10-08,1,722.42,64.64,83.66
784,33472376,473929,2025-07-14,2,880.38,71.95,67.22
785,10418604,871592,2025-03-07,4,3481.16,128.64,351.82
786,79960955,6405,2025-07-06,1,236.51,42.22,38.72
787,80499378,592784,2025-06-07,5,1401.75,167.05,142.41
788,68164013,692985,2025-01-09,2,394.78,42.66,46.96
789,25430839,647462,2025-06-20,4,1305.68,10.08,133.55
790,79944855,398340,2025-10-16,2,1303.86,194.96,164.89
791,13189939,256783,2025-04-22,1,906.54,58.02,76.84
792,1342184,833557,2025-05-04,1,422.87,7.07,51.96
793,50899600,888807,2025-10-23,2,461.16,11.16,83.91
794,6856445,378287,2025-02-20,2,665.68,116.64,62.39
795,93938425,654297,2025-09-15,2,26.5,3.29,3.34
796,19080489,555121,2025-02-20,5,1774.55,95.12,238.0
797,69219122,621677,2025-08-01,3,953.4,94.81,92.96
798,30900441,449106,2025-08-21,4,194.2,11.83,15.92
799,44174426,990993,2025-03-30,2,527.4,102.15,51.26
800,66932104,587645,2025-06-20,2,1603.62,147.26,221.47
801,44426129,820541,2025-12-26,4,2304.88,17.85,347.82
802,68985290,123983,2025-11-11,2,1571.34,120.18,125.84
803,54797119,913428,2025-09-29,3,1176.66,172.43,103.18
804,1855421,327290,2025-01-19,4,3449.12,57.67,634.04
805,36142455,490939,2025-02-07,2,160.5,19.33,18.69
806,25915909,14145,2025-07-17,4,2523.36,2.34,213.46
807,12778027,171602,2025-07-07,2,1766.88,257.54,232.52
808,88684966,444361,2025-04-18,4,3290.52,68.44,507.38
809,83267752,557908,2025-12-26,4,3769.48,290.76,408.46
810,99729547,327290,2025-08-18,5,4311.4,752.1,356.52
811,65895091,136533,2025-03-10,1,826.21,142.77,112.62
812,76987910,679865,2025-09-28,5,1739.55,15.37,188.44
813,33671354,871592,2025-09-22,4,3481.16,643.54,510.47
814,26592009,992178,2025-07-26,5,3162.15,8.82,486.31
815,58893807,721521,2025-05-01,1,417.39,67.19,47.63
816,83262890,490939,2025-12-07,3,240.75,8.16,30.51
817,52337289,945635,2025-08-31,3,2336.7,195.51,393.74
818,61568565,133542,2025-05-10,4,273.96,20.25,39.9
819,9650263,194682,2025-06-17,5,4561.45,145.97,612.19
820,94453274,455083,2025-07-11,1,959.01,102.33,147.42
821,38420886,930284,2025-01-20,2,378.94,40.44,27.09
822,34073080,461804,2025-01-19,4,1242.76,105.03,159.53
823,71276926,256051,2025-06-11,4,1603.68,204.59,276.24
824,63184222,114414,2025-01-21,1,832.06,6.58,158.7
825,47926198,462526,2025-08-01,1,449.97,7.06,87.64
826,56480776,952124,2025-05-22,1,127.08,21.79,16.83
827,15484407,897083,2025-03-23,3,2918.07,200.02,335.49
828,49117070,444361,2025-02-17,5,4113.15,291.03,537.93
829,65134271,812607,2025-01-22,2,833.3,122.08,75.05
830,73098723,871592,2025-03-30,3,2610.87,47.93,289.6
831,18259715,993331,2025-04-13,4,409.76,7.36,32.46
832,67729191,883013,2025-04-20,5,4949.4,278.22,828.1
833,28289030,89084,2025-12-02,5,2994.15,348.99,332.25
834,3483295,33797,2025-07-19,1,888.12,70.13,127.65
835,4789829,67197,2025-05-06,1,552.2,33.92,72.43
836,64197854,298985,2025-04-18,4,735.04,58.23,65.6
837,94078407,36412,2025-10-18,5,1988.4,294.66,320.84
838,31622158,33797,2025-07-12,1,888.12,139.46,135.76
839,99406165,440875,2025-05-06,4,1100.12,68.29,140.81
840,13441874,880510,2025-12-16,5,4757.15,504.96,509.16
841,10830043,970529,2025-07-14,2,1654.88,225.87,232.67
842,29584848,726958,2025-09-19,2,1774.96,286.4,196.72
843,5386246,9436,2025-10-20,5,442.15,1.63,41.99
844,69416782,131937,2025-07-20,4,1151.24,201.27,189.02
845,49617892,41853,2025-03-17,4,3641.76,501.16,592.69
846,17287733,137909,2025-10-18,4,3457.2,379.56,551.56
847,75913572,690565,2025-10-07,1,951.27,29.9,162.5
848,4458329,876139,2025-09-30,2,831.5,83.61,105.53
849,12507907,839170,2025-12-09,5,2408.15,212.11,177.54
850,71755645,798639,2025-06-12,4,845.0,88.58,100.07
851,18465047,799688,2025-06-16,5,1548.1,59.76,136.0
852,83660688,455755,2025-12-07,1,44.09,0.84,7.84
853,77903462,56589,2025-04-04,4,2071.08,40.66,311.84
854,5369136,760828,2025-05-16,4,2253.8,145.6,238.78
855,65963876,820973,2025-04-06,4,458.08,42.97,40.53
856,37095171,712003,2025-11-20,2,1343.36,173.8,132.81
857,60210778,217710,2025-05-27,2,117.18,22.37,16.68
858,98444183,57405,2025-08-29,2,1215.34,35.8,227.37
859,91614690,487931,2025-07-17,3,2127.24,79.65,381.83
860,77214094,894539,2025-01-14,3,1336.44,148.45,236.64
861,68341636,953175,2025-09-11,4,900.84,0.9,73.55
862,46023497,4452,2025-05-14,4,679.52,78.42,87.99
863,15391556,373536,2025-07-29,3,1482.51,5.53,184.26
864,69240186,256051,2025-01-27,3,1202.76,27.35,170.41
865,46146390,33797,2025-06-23,1,888.12,7.2,108.77
866,88252625,970529,2025-11-04,1,827.44,72.46,123.2
867,49260858,131748,2025-01-19,3,244.05,9.12,39.53
868,14974554,367391,2025-11-16,2,1879.1,101.24,190.22
869,87450286,264803,2025-01-21,5,4979.9,155.78,396.08
870,89686431,317242,2025-01-06,1,198.15,9.12,27.74
871,59890331,490939,2025-02-04,2,160.5,29.57,12.87
872,30468930,681063,2025-10-21,2,642.56,92.32,71.19
873,18229949,376447,2025-07-28,1,724.84,109.4,78.39
874,11562458,237083,2025-02-23,5,2885.65,501.45,302.95
875,12507907,14145,2025-09-02,4,2523.36,458.09,375.46
876,80499378,136533,2025-08-13,2,1652.42,275.08,149.8
877,23676689,120532,2025-02-10,5,3487.65,620.91,562.95
878,97928781,669378,2025-01-22,3,636.42,77.84,80.17
879,51544662,365132,2025-06-07,2,458.76,35.73,39.23
880,50781611,67197,2025-11-02,5,2761.0,449.69,186.78
881,33481252,298985,2025-07-31,4,735.04,31.84,113.49
882,63060947,240179,2025-11-19,5,452.8,51.71,35.7
883,87718744,672059,2025-07-02,3,2018.19,288.61,312.69
884,58415368,194682,2025-06-10,5,4561.45,289.13,852.03
885,65396354,137909,2025-12-25,3,2592.9,186.91,324.1
886,13415362,306177,2025-04-05,2,1538.48,244.78,174.11
887,57642258,661577,2025-01-13,2,1441.9,111.01,140.93
888,11493380,435929,2025-03-25,4,3427.56,202.03,311.68
889,10745302,913428,2025-06-25,1,392.22,69.06,38.3
890,31826,890623,2025-12-14,5,1772.6,240.64,134.84
891,19966989,376447,2025-03-24,3,2174.52,295.85,272.47
892,9097480,799688,2025-03-13,1,309.62,32.41,54.54
893,32540616,217710,2025-02-12,3,175.77,10.97,18.85
894,95858939,329351,2025-05-01,2,621.74,73.07,102.87
895,59824662,714999,2025-10-11,2,1765.02,320.2,234.1
896,59436131,187399,2025-11-22,4,213.96,16.88,39.1
897,1855421,435929,2025-03-31,1,856.89,8.75,86.24
898,99412119,798639,2025-02-16,2,422.5,41.75,53.06
899,61851054,4452,2025-10-04,3,509.64,40.74,48.37
900,17390673,329351,2025-11-19,1,310.87,48.39,29.26
901,83039559,11422,2025-12-24,4,508.64,28.96,51.21
902,2517955,839170,2025-06-13,3,1444.89,275.36,161.73
903,67918495,734789,2025-06-15,2,791.64,140.05,122.72
904,39093069,82484,2025-08-20,5,4574.4,866.41,624.52
905,31582950,969851,2025-11-16,4,1362.64,207.34,97.28
906,1719710,120532,2025-08-02,2,1395.06,169.65,149.74
907,19393135,901144,2025-03-05,1,340.36,56.9,49.55
908,91347159,723678,2025-09-17,2,1350.92,7.23,246.87
909,19080489,196719,2025-09-11,1,217.5,33.15,22.95
910,13455530,704868,2025-08-11,4,773.84,89.25,98.19
911,30042971,33955,2025-01-05,2,372.16,7.98,46.68
912,59677346,131937,2025-11-05,2,575.62,111.88,89.37
913,39968800,644847,2025-02-15,4,2491.24,131.32,414.93
914,1989720,697683,2025-12-08,3,371.22,18.43,53.5
915,89886179,52729,2025-03-25,1,316.02,5.46,55.04
916,59222551,337168,2025-11-17,5,2727.45,243.18,256.77
917,97419742,114414,2025-07-13,4,3328.24,417.89,320.4
918,78158536,432617,2025-05-20,2,1726.36,176.45,260.52
919,65903057,11422,2025-09-04,3,381.48,67.0,37.05
920,61182897,615545,2025-05-23,5,2240.8,420.82,247.95
921,96989204,611575,2025-11-26,4,1928.24,374.14,170.47
922,8395343,131748,2025-04-20,3,244.05,20.68,37.96
923,97286925,965755,2025-03-16,4,2130.28,41.26,198.64
924,15661674,532965,2025-03-30,4,1228.92,102.35,174.68
925,34768050,228286,2025-10-19,1,179.08,34.13,24.08
926,408590,217710,2025-04-12,3,175.77,15.46,16.21
927,93563435,659290,2025-03-05,3,958.02,128.77,94.36
928,72393904,473929,2025-05-20,1,440.19,7.63,79.17
929,67918495,673058,2025-03-08,5,3828.8,288.69,431.75
930,87107263,876139,2025-07-12,3,1247.25,91.2,196.0
931,15487049,336847,2025-05-20,1,936.98,62.45,138.16
932,35434373,455083,2025-12-01,4,3836.04,571.48,411.89
933,32019725,118820,2025-05-22,4,49.28,0.78,4.22
934,38327793,567671,2025-12-07,5,2092.4,314.88,147.64
935,33675108,154179,2025-10-19,1,582.87,103.29,45.23
936,92306841,991434,2025-08-30,3,712.86,9.78,81.22
937,3100301,726958,2025-12-07,1,887.48,70.48,128.5
938,65221572,120385,2025-08-15,5,2989.55,346.03,525.4
939,43860025,324809,2025-09-06,4,2432.0,378.35,305.26
940,63238941,734789,2025-09-28,2,791.64,132.51,78.88
941,46684081,349294,2025-02-19,1,934.75,166.75,113.1
942,86897973,613942,2025-05-28,2,1090.0,133.62,186.74
943,38244021,222892,2025-02-02,4,3476.88,103.35,280.05
944,30042971,871592,2025-09-30,3,2610.87,421.18,403.64
945,79960955,851978,2025-02-17,3,2147.16,284.35,154.82
946,47711422,552883,2025-03-23,1,888.16,87.24,106.42
947,54057428,968887,2025-03-11,2,81.4,13.08,8.51
948,41647393,114414,2025-11-28,1,832.06,99.15,138.22
949,83236183,187399,2025-08-05,5,267.45,53.37,21.02
950,11503405,739448,2025-12-30,4,3022.64,127.74,301.03
951,82898985,532965,2025-12-03,3,921.69,116.89,74.97
952,46615831,739448,2025-01-17,3,2266.98,192.28,391.93
953,17861428,647462,2025-02-13,2,652.84,31.83,97.0
954,47295676,123983,2025-12-19,2,1571.34,222.3,146.61
955,99695529,82484,2025-08-09,2,1829.76,189.93,248.7
956,62828341,567671,2025-10-07,1,418.48,29.67,69.73
957,13284996,94225,2025-12-09,2,154.22,14.64,13.72
958,3660263,365133,2025-03-16,3,2746.35,418.26,417.68
959,79695653,552496,2025-04-25,2,1016.0,4.54,82.22
960,11493300,490939,2025-11-14,5,401.25,72.68,37.74
961,1313292,552496,2025-02-25,4,2032.0,42.6,228.21
962,22358567,243235,2025-07-30,2,218.06,23.7,15.88
963,65559853,256051,2025-04-22,2,801.84,64.63,75.44
964,5716817,228286,2025-08-16,3,537.24,59.6,61.6
965,48284116,89084,2025-10-28,2,1197.66,1.45,122.94
966,54099929,449106,2025-10-15,3,145.65,17.57,15.84
967,63802820,709916,2025-12-18,3,101.28,3.03,17.4
968,68661619,237083,2025-05-10,5,2885.65,52.08,337.2
969,26245432,365133,2025-11-24,2,1830.9,14.47,313.78
970,34697768,378287,2025-10-09,4,1331.36,88.43,239.57
971,5043760,704868,2025-07-28,3,580.38,96.69,76.18
972,69632084,120532,2025-05-31,1,697.53,5.35,119.87
973,72263318,726958,2025-05-20,4,3549.92,662.01,262.41
974,37691544,692985,2025-01-17,3,592.17,28.62,107.44
975,65134271,398340,2025-03-29,4,2607.72,162.74,275.03
976,48000260,833557,2025-11-18,2,845.74,47.86,108.57
977,87943214,378676,2025-08-28,1,881.42,133.29,83.71
978,61226563,4452,2025-10-30,1,169.88,18.9,27.92
979,44426129,839170,2025-07-02,5,2408.15,449.15,245.96
980,23996221,365133,2025-10-15,1,915.45,68.19,109.03
981,32293017,741341,2025-02-24,5,4619.2,38.89,809.24
982,89886179,33955,2025-01-27,5,930.4,54.3,83.28
983,6150721,287070,2025-04-23,2,886.34,114.56,122.11
984,69276352,378287,2025-12-27,1,332.84,16.02,48.63
985,63661771,589812,2025-11-19,1,163.03,1.07,14.46
986,16448993,537274,2025-03-16,1,702.71,93.67,50.82
987,4200802,133542,2025-08-29,2,136.98,4.5,13.32
988,62526567,15314,2025-10-11,2,1157.7,106.5,93.55
989,30285217,11422,2025-07-17,5,635.8,28.34,108.4
990,1449273,818990,2025-07-24,2,327.1,13.21,50.44
991,27620326,373536,2025-04-23,5,2470.85,19.65,251.67
992,14323169,721521,2025-12-10,2,834.78,6.91,86.49
993,83348353,914071,2025-03-09,4,1187.76,6.65,221.35
994,98016334,652118,2025-09-04,3,66.12,6.77,6.79
995,14207332,449106,2025-07-30,1,48.55,5.56,3.72
996,73727901,969851,2025-12-11,2,681.32,2.79,121.42
997,27727819,324809,2025-12-08,2,1216.0,238.66,158.7
998,33394166,734789,2025-10-14,5,1979.1,246.13,302.23
999,93937586,871592,2025-10-18,5,4351.45,10.82,589.8
1000,13441874,52729,2025-08-12,1,316.02,45.38,49.81
1001,45383958,397973,2025-03-17,3,2186.19,78.88,360.11
1002,38902193,324809,2025-02-02,4,2432.0,479.67,227.88
1003,48778633,367391,2025-07-22,3,2818.65,310.88,471.4
1004,81462774,6405,2025-04-30,3,709.53,33.66,69.07
1005,33608451,587645,2025-01-29,1,801.81,46.39,65.78
1006,97739583,962054,2025-07-21,1,16.86,2.56,1.82
1007,84937877,644847,2025-04-20,4,2491.24,487.75,192.75
1008,77397957,953175,2025-07-24,1,225.21,31.09,19.1
1009,15631726,187399,2025-08-26,3,160.47,6.86,27.33
1010,50650215,690565,2025-04-23,5,4756.35,48.48,802.44
1011,89523804,818522,2025-07-06,4,384.36,59.87,57.9
1012,44139071,287070,2025-03-07,2,886.34,169.23,68.85
1013,94179692,753354,2025-08-31,4,1694.24,49.57,147.4
1014,65543312,914071,2025-12-01,5,1484.7,244.6,169.59
1015,91550885,706112,2025-10-06,1,478.79,67.65,36.44
1016,98225598,714999,2025-10-10,5,4412.55,509.12,602.78
1017,26935187,684939,2025-01-10,2,1455.9,62.7,278.44
1018,59436131,67197,2025-01-15,1,552.2,9.91,98.81
1019,60275891,378676,2025-06-11,4,3525.68,127.04,568.55
1020,78732957,131937,2025-05-08,1,287.81,20.11,34.95
1021,52613657,328457,2025-09-17,3,2575.71,332.62,438.82
1022,56548063,451933,2025-10-24,4,2275.76,59.23,292.71
1023,21282544,112390,2025-05-09,3,2633.94,294.59,461.87
1024,46989310,891833,2025-04-24,5,2465.95,236.84,180.49
1025,53100521,739448,2025-02-03,3,2266.98,410.51,268.47
1026,57765367,91670,2025-06-15,5,2196.2,120.62,230.01
1027,48418662,767398,2025-08-18,5,110.7,10.32,14.99
1028,19400174,478531,2025-08-25,3,2476.38,357.73,238.07
1029,50286371,894539,2025-07-03,2,890.96,14.93,74.55
1030,45700739,492958,2025-12-29,5,421.0,22.2,63.48
1031,34697768,4452,2025-09-12,2,339.76,2.58,52.19
1032,22800586,327290,2025-05-08,2,1724.56,78.9,250.48
1033,75073623,451812,2025-10-02,2,1061.7,39.61,132.94
1034,98687927,784673,2025-04-17,5,2456.95,426.37,262.21
1035,25595836,284460,2025-07-13,2,1011.9,201.85,65.54
1036,5043760,491314,2025-08-21,1,973.44,137.23,166.05
1037,93318833,336847,2025-06-21,1,936.98,29.16,166.94
1038,41494517,222892,2025-04-10,5,4346.1,815.36,660.62
1039,34853377,435929,2025-04-14,3,2570.67,294.57,346.03
1040,87450286,114414,2025-04-19,4,3328.24,228.32,306.41
1041,72079189,137909,2025-02-09,2,1728.6,93.2,213.53
1042,97388817,397973,2025-04-03,4,2914.92,69.51,369.49
1043,89704218,818522,2025-10-15,2,192.18,26.13,26.12
1044,29902416,11422,2025-05-28,5,635.8,33.29,74.41
1045,66943324,365133,2025-05-03,3,2746.35,199.34,279.64
1046,26303194,51036,2025-02-09,4,3726.44,479.61,332.05
1047,98667584,131748,2025-12-26,4,325.4,62.73,26.41
1048,23126356,490939,2025-09-21,5,401.25,24.5,34.78
1049,61522288,131748,2025-07-28,3,244.05,33.02,32.49
1050,25526479,606256,2025-01-05,2,738.56,84.95,118.94
1051,81994445,952168,2025-09-09,3,710.85,66.14,79.17
1052,15897933,57405,2025-11-09,4,2430.68,22.54,246.47
1053,90586443,365133,2025-08-23,1,915.45,73.09,154.25
1054,51994597,942001,2025-12-19,2,1343.1,8.95,117.7
1055,13164195,901144,2025-06-17,3,1021.08,127.29,108.56
1056,79866758,714999,2025-05-05,2,1765.02,147.24,277.79
1057,65368179,140154,2025-08-06,4,684.8,17.46,64.9
1058,98691989,767398,2025-09-03,3,66.42,12.36,6.23
1059,41168392,118820,2025-02-17,2,24.64,4.09,2.0
1060,44477365,537274,2025-05-20,5,3513.55,154.54,553.59
1061,72263318,435929,2025-02-06,3,2570.67,300.95,220.01
1062,52393801,256051,2025-02-27,2,801.84,6.6,147.77
1063,44562310,991434,2025-01-21,3,712.86,129.4,56.73
1064,37691544,114414,2025-01-08,3,2496.18,327.27,176.47
1065,14472401,891833,2025-03-19,3,1479.57,32.52,143.36
1066,94713625,760828,2025-09-29,5,2817.25,296.81,250.14
1067,63571453,171602,2025-12-31,5,4417.2,215.52,359.54
1068,51119088,63769,2025-05-26,2,1756.14,131.69,154.65
1069,26278566,222892,2025-03-25,2,1738.44,126.53,145.53
1070,61461253,949818,2025-12-07,3,1449.15,113.24,180.22
1071,16640907,863930,2025-05-05,5,1212.85,22.94,228.82
1072,9641623,757274,2025-11-18,3,294.96,20.1,37.56
1073,52409516,382511,2025-04-01,2,1405.08,100.21,117.44
1074,50088518,56589,2025-01-20,5,2588.85,294.09,218.24
1075,15830066,513199,2025-11-04,5,2111.15,4.31,273.41
1076,10225164,623234,2025-01-06,2,659.58,57.54,62.19
1077,83577942,366066,2025-05-06,4,3674.32,546.89,490.26
1078,31978160,118820,2025-09-08,4,49.28,3.08,4.35
1079,7728406,473929,2025-11-10,3,1320.57,53.24,168.61
1080,85340038,525531,2025-09-10,4,3324.4,311.66,503.06
1081,85658166,552496,2025-05-04,2,1016.0,153.86,115.92
1082,53605257,552883,2025-06-01,5,4440.8,769.13,585.3
1083,74548003,970529,2025-04-27,4,3309.76,280.55,243.73
1084,55472026,435929,2025-10-01,4,3427.56,604.37,518.05
1085,68475914,951463,2025-05-10,4,3149.6,550.66,342.79
1086,85476508,968887,2025-07-14,5,203.5,7.47,19.15
1087,79478655,444361,2025-01-05,5,4113.15,218.96,524.08
1088,32564478,913428,2025-04-10,2,784.44,20.78,67.54
1089,469006,747801,2025-04-25,4,1111.04,158.26,105.56
1090,69925688,89084,2025-09-21,5,2994.15,103.08,576.4
1091,87220860,552883,2025-12-31,2,1776.32,51.78,266.2
1092,10608845,298985,2025-11-22,5,918.8,52.78,110.53
1093,42589311,753354,2025-06-24,2,847.12,160.57,109.12
1094,52613657,451933,2025-05-15,1,568.94,58.97,84.98
1095,74762653,481843,2025-12-15,3,893.04,23.65,118.61
1096,10706516,709916,2025-09-29,3,101.28,1.8,9.2
1097,55971849,34186,2025-08-22,4,3702.6,597.92,401.63
1098,57809174,15314,2025-08-30,4,2315.4,39.79,345.93
1099,65221572,659290,2025-08-31,5,1596.7,180.06,279.03
1100,3872421,767398,2025-10-02,2,44.28,7.74,4.32
1101,2164524,6405,2025-08-03,4,946.04,183.02,152.02
1102,38496400,516376,2025-11-19,3,2632.29,49.41,435.11
1103,62243869,903336,2025-11-12,3,1655.64,50.5,234.44
1104,70168151,337168,2025-12-16,2,1090.98,75.23,86.98
1105,1479065,136533,2025-09-02,2,1652.42,75.78,313.02
1106,68475914,365133,2025-03-17,1,915.45,117.6,121.49
1107,89874335,914071,2025-12-12,5,1484.7,32.93,152.62
1108,22076522,124290,2025-09-06,2,79.3,8.41,12.58
1109,88164280,962054,2025-11-21,1,16.86,2.13,1.32
1110,4055790,219598,2025-05-18,2,734.16,96.82,84.11
1111,62600289,818522,2025-06-06,2,192.18,21.99,24.51
1112,14323169,82484,2025-12-11,4,3659.52,396.13,640.83
1113,8734819,136533,2025-09-23,1,826.21,52.21,119.53
1114,19080489,621677,2025-02-19,5,1589.0,97.06,197.8
1115,62971413,425341,2025-02-16,4,1945.12,11.49,252.01
1116,91408854,970529,2025-12-31,1,827.44,159.1,102.2
1117,9335625,6405,2025-10-05,2,473.02,71.3,59.49
1118,91768226,760828,2025-05-22,1,563.45,86.95,39.42
1119,9107360,91670,2025-11-07,1,439.24,46.45,60.43
1120,39876773,587645,2025-04-09,1,801.81,36.1,104.67
1121,90144978,15314,2025-03-04,4,2315.4,253.78,218.69
1122,35402531,455755,2025-08-26,5,220.45,18.53,37.04
1123,83039559,228286,2025-07-15,2,358.16,44.0,28.12
1124,24153726,354409,2025-02-08,5,1625.4,74.38,250.46
1125,73377004,888807,2025-01-24,4,922.32,5.24,113.9
1126,73735548,723678,2025-10-29,2,1350.92,10.94,253.73
1127,22227829,820541,2025-03-19,1,576.22,29.35,108.23
1128,8886587,60619,2025-11-10,4,2905.64,375.57,385.32
1129,63793401,491521,2025-02-17,1,556.35,66.4,92.15
1130,65426878,757274,2025-01-30,1,98.32,14.37,16.1
1131,40277444,243235,2025-12-10,2,218.06,16.88,21.45
1132,59815512,257719,2025-05-23,2,563.46,13.13,70.33
1133,20834589,945635,2025-12-02,4,3115.6,66.65,258.35
1134,38671747,659290,2025-04-28,1,319.34,57.84,39.94
1135,28603182,767398,2025-11-09,3,66.42,5.06,10.85
1136,99490786,222892,2025-03-20,1,869.22,48.33,83.22
1137,70965437,487065,2025-10-19,1,374.68,65.32,32.38
1138,3468355,187399,2025-04-14,4,213.96,33.1,28.97
1139,33617546,171602,2025-06-11,3,2650.32,174.01,490.28
1140,13455530,564692,2025-05-14,5,1078.25,57.03,96.9
1141,94730288,970529,2025-06-19,5,4137.2,683.25,645.6
1142,25503067,481843,2025-11-18,5,1488.4,132.17,201.88
1143,61226563,513199,2025-10-03,5,2111.15,41.34,189.93
1144,27694927,33797,2025-10-26,1,888.12,112.12,92.83
1145,43519553,264803,2025-11-09,2,1991.96,77.73,319.64
1146,42723554,602241,2025-07-08,3,2929.65,185.14,304.41
1147,4386273,137909,2025-08-31,5,4321.5,844.42,687.52
1148,66766629,927651,2025-04-26,1,426.72,18.37,73.72
1149,58170168,329351,2025-12-24,4,1243.48,64.6,133.54
1150,41261495,435929,2025-12-25,2,1713.78,213.52,210.01
1151,49795571,760684,2025-08-20,5,358.0,50.54,34.26
1152,88739922,461804,2025-11-15,4,1242.76,173.91,105.6
1153,60561655,123983,2025-07-15,1,785.67,119.4,68.05
1154,71615827,18035,2025-05-25,5,4844.7,197.71,890.99
1155,3421258,319388,2025-07-17,3,1973.4,282.38,291.58
1156,30317733,903336,2025-03-18,4,2207.52,256.8,265.9
1157,54923640,962054,2025-06-14,1,16.86,2.64,1.32
1158,19067680,433521,2025-01-25,2,642.66,11.98,114.58
1159,42989999,853932,2025-02-02,3,2823.57,184.93,318.28
1160,90299101,397973,2025-08-31,3,2186.19,202.98,168.55
1161,3872421,949818,2025-03-13,1,483.05,81.18,59.44
1162,36142455,67197,2025-06-10,4,2208.8,0.84,177.03
1163,52815265,771228,2025-09-02,5,415.9,67.49,57.05
1164,92583164,18035,2025-02-02,4,3875.76,350.97,353.06
1165,79206969,799459,2025-04-23,4,3408.08,480.42,567.39
1166,3408982,767398,2025-10-21,2,44.28,5.92,5.31
1167,85088479,799952,2025-10-10,2,1845.28,109.62,208.18
1168,49915498,951463,2025-07-26,4,3149.6,295.02,269.87
1169,61024977,679284,2025-07-14,5,4389.45,75.07,370.13
1170,75082508,107548,2025-01-19,1,891.6,16.93,174.31
1171,67215939,833557,2025-04-05,1,422.87,32.97,44.55
1172,74833221,448752,2025-09-19,4,640.28,14.72,61.66
1173,14272050,52729,2025-05-03,3,948.06,27.91,109.51
1174,52393801,240179,2025-01-04,1,90.56,8.01,9.1
1175,5607734,712003,2025-12-30,3,2015.04,270.89,195.26
1176,9097480,942001,2025-02-25,4,2686.2,507.2,271.4
1177,63451391,444361,2025-01-29,2,1645.26,289.57,247.21
1178,44828791,300159,2025-04-16,5,221.75,16.24,40.84
1179,88532418,604184,2025-03-14,2,795.1,28.47,119.92
1180,95768401,952124,2025-12-06,3,381.24,47.1,31.77
1181,25447967,951463,2025-11-03,4,3149.6,242.84,551.26
1182,29097987,542300,2025-08-28,4,1021.4,36.08,193.21
1183,37759707,146840,2025-05-24,2,1573.7,194.41,181.06
1184,56480776,365132,2025-08-12,2,458.76,3.52,72.36
1185,16547602,120385,2025-12-08,3,1793.73,320.83,261.4
1186,81994445,647462,2025-12-07,4,1305.68,19.75,130.61
1187,50680889,962591,2025-09-12,2,260.02,33.53,26.0
1188,61461253,937542,2025-06-02,4,388.16,28.53,66.77
1189,81136091,328457,2025-08-09,3,2575.71,266.19,251.07
1190,97770901,376447,2025-10-19,2,1449.68,198.82,144.7
1191,69415494,832348,2025-11-10,1,831.43,87.62,94.56
1192,59252433,154179,2025-07-25,5,2914.35,179.57,257.19
1193,81541985,847349,2025-08-21,2,1562.16,260.3,161.18
1194,29600229,222892,2025-01-17,2,1738.44,148.07,314.19
1195,72164737,398340,2025-12-23,1,651.93,84.22,85.23
1196,13462905,516376,2025-02-06,2,1754.86,294.67,188.09
1197,94430842,587645,2025-07-16,3,2405.43,17.38,192.57
1198,18935489,140489,2025-04-01,2,1300.4,47.26,108.44
1199,39301587,516376,2025-04-06,3,2632.29,102.74,372.19
1200,46594066,848226,2025-09-27,5,1047.95,42.61,164.93
1201,93458307,667163,2025-05-08,2,882.4,175.71,80.94
1202,79591237,120385,2025-11-03,5,2989.55,198.61,427.73
1203,68164013,15314,2025-07-31,3,1736.55,106.67,205.22
1204,3491230,589812,2025-08-23,4,652.12,117.41,92.77
1205,14632090,154179,2025-02-18,4,2331.48,51.86,431.55
1206,33741801,700048,2025-06-10,4,565.12,110.22,81.39
1207,76441843,366066,2025-11-06,4,3674.32,435.89,454.68
1208,90753712,644847,2025-07-02,4,2491.24,128.75,443.27
1209,80696046,784827,2025-01-24,4,1097.0,163.18,149.89
1210,13284996,914071,2025-05-10,5,1484.7,179.27,193.15
1211,98687927,677169,2025-02-05,4,1044.12,31.68,155.82
1212,57340963,91670,2025-11-21,5,2196.2,294.6,244.12
1213,9551011,328457,2025-04-24,3,2575.71,457.56,294.26
1214,30042971,894539,2025-02-05,4,1781.92,109.87,197.91
1215,38728779,578097,2025-09-01,5,1338.05,13.0,236.15
1216,11202130,327290,2025-07-12,5,4311.4,519.42,635.91
1217,48910430,451933,2025-07-23,3,1706.82,323.19,232.56
1218,9195970,552883,2025-02-11,3,2664.48,365.67,378.97
1219,18954314,433521,2025-03-27,1,321.33,15.79,53.73
1220,39153585,183929,2025-05-07,1,738.74,41.3,131.9
1221,40419593,799459,2025-09-17,3,2556.06,82.81,356.77
1222,47955004,760828,2025-02-01,4,2253.8,247.46,222.74
1223,76602787,563740,2025-12-01,4,385.32,4.76,52.73
1224,86499778,837480,2025-03-09,1,217.4,34.05,23.73
1225,31923338,440875,2025-05-07,5,1375.15,268.77,111.18
1226,85354059,317242,2025-07-12,5,990.75,91.22,96.56
1227,18935489,36412,2025-06-19,1,397.68,31.54,36.49
1228,10796846,832348,2025-06-28,2,1662.86,36.01,232.23
1229,1491857,784673,2025-03-06,3,1474.17,177.63,119.46
1230,16230299,187399,2025-11-14,4,213.96,17.85,31.34
1231,38808614,925482,2025-10-20,3,1425.12,253.97,192.01
1232,8351747,14145,2025-08-31,5,3154.2,256.84,428.14
1233,59345983,611575,2025-05-26,1,482.06,64.83,70.7
1234,43256928,679321,2025-11-13,5,3692.3,114.53,567.71
1235,61982521,667163,2025-05-19,2,882.4,24.82,109.18
1236,11446157,14145,2025-10-28,5,3154.2,398.73,305.01
1237,55049973,240179,2025-10-16,3,271.68,51.53,39.0
1238,59890331,272170,2025-11-25,3,422.4,75.52,36.36
1239,83597876,567671,2025-08-03,5,2092.4,24.61,410.68
1240,97825663,487931,2025-03-31,1,709.08,8.42,108.2
1241,35988028,123983,2025-10-01,1,785.67,30.3,125.17
1242,72089140,681063,2025-09-21,5,1606.4,202.82,267.29
1243,73869823,137909,2025-06-11,1,864.3,106.22,74.63
1244,2114782,217710,2025-10-16,2,117.18,21.24,15.67
1245,28205701,890232,2025-01-15,2,864.0,30.74,148.27
1246,13581527,891833,2025-08-03,1,493.19,50.11,80.66
1247,60620291,709916,2025-08-05,4,135.04,25.4,8.83
1248,16256136,219598,2025-10-13,2,734.16,105.65,112.54
1249,75928073,721521,2025-07-13,2,834.78,4.59,155.63
1250,73586244,542300,2025-06-26,4,1021.4,22.19,186.62
1251,16484167,91670,2025-01-14,1,439.24,58.5,38.84
1252,81906973,839170,2025-02-16,4,1926.52,71.56,193.82
1253,34768050,585299,2025-10-10,1,799.46,1.47,150.38
1254,96373206,847349,2025-04-21,3,2343.24,72.51,402.94
1255,89531595,53833,2025-03-10,3,404.07,21.23,63.1
1256,88223261,487065,2025-06-04,2,749.36,24.1,63.05
1257,80315623,133542,2025-03-24,1,68.49,9.85,5.92
1258,93675757,706112,2025-07-30,4,1915.16,178.8,326.78
1259,73393269,723678,2025-06-12,1,675.46,92.03,66.65
1260,59095971,91670,2025-08-06,4,1756.96,81.08,163.03
1261,84257716,337168,2025-04-19,3,1636.47,62.68,215.06
1262,52085702,859361,2025-04-22,4,1729.56,163.14,206.6
1263,79135318,41853,2025-03-17,1,910.44,13.51,134.71
1264,82770142,762527,2025-05-05,2,1380.16,115.31,183.95
1265,93284515,937542,2025-08-09,1,97.04,4.51,11.25
1266,67749649,712003,2025-03-23,5,3358.4,62.65,569.02
1267,87220860,137909,2025-09-09,2,1728.6,330.7,149.2
1268,767523,57405,2025-09-02,3,1823.01,160.52,274.58
1269,29431960,587645,2025-03-05,3,2405.43,312.16,174.5
1270,77673290,927651,2025-09-05,3,1280.16,68.79,150.73
1271,86067293,462526,2025-10-13,4,1799.88,49.6,282.24
1272,43367112,131937,2025-08-02,4,1151.24,155.13,115.81
1273,63971358,820541,2025-03-10,2,1152.44,145.05,153.32
1274,42272393,256051,2025-12-13,5,2004.6,156.51,173.91
1275,93318833,222892,2025-10-02,5,4346.1,551.27,391.44
1276,90919603,382511,2025-05-19,5,3512.7,197.43,440.18
1277,69340015,739534,2025-12-10,5,4972.8,90.07,423.84
1278,52757321,361361,2025-09-11,3,2478.63,144.24,453.84
1279,25081012,462526,2025-07-27,4,1799.88,83.81,259.35
1280,14705462,697683,2025-10-20,3,371.22,31.55,65.18
1281,12507907,462526,2025-04-02,2,899.94,46.7,77.97
1282,34381941,131136,2025-03-03,3,113.4,16.08,19.08
1283,85658166,33955,2025-09-07,5,930.4,116.28,119.02
1284,46885873,131937,2025-10-08,3,863.43,37.49,108.91
1285,95382317,123983,2025-10-12,4,3142.68,340.67,475.75
1286,71694275,784673,2025-08-15,2,982.78,113.62,116.58
1287,9097480,385113,2025-02-05,3,2449.14,13.44,420.19
1288,93924203,491314,2025-06-02,4,3893.76,233.21,531.74
1289,97185284,367391,2025-03-05,2,1879.1,194.84,217.12
1290,3483295,228286,2025-08-02,2,358.16,34.12,34.52
1291,1655637,305754,2025-06-05,5,4899.95,627.96,486.07
1292,83597876,15314,2025-03-17,2,1157.7,118.03,130.55
1293,43243913,589812,2025-01-03,1,163.03,2.77,20.21
1294,12141418,890623,2025-11-14,3,1063.56,22.96,114.21
1295,17861428,461804,2025-02-09,2,621.38,81.38,44.56
1296,49833888,18035,2025-01-15,2,1937.88,220.26,310.51
1297,28663279,542300,2025-01-27,4,1021.4,11.52,142.74
1298,2164524,704868,2025-05-09,3,580.38,105.3,64.62
1299,85435560,385113,2025-03-17,1,816.38,32.7,81.98
1300,63292875,34186,2025-07-05,1,925.65,23.6,143.6
1301,47274329,272170,2025-01-19,2,281.6,35.58,39.24
1302,46717997,77308,2025-10-08,4,893.08,5.3,106.37
1303,88553721,953175,2025-09-19,2,450.42,57.97,32.47
1304,58415368,707935,2025-08-31,1,820.9,62.47,102.97
1305,37288781,94225,2025-04-08,2,154.22,15.78,23.68
1306,86636273,673058,2025-07-10,3,2297.28,349.2,373.27
1307,92038780,968887,2025-02-19,1,40.7,0.38,5.25
1308,15796277,799688,2025-01-14,2,619.24,21.53,92.66
1309,48730063,961614,2025-09-22,5,1136.1,130.67,129.88
1310,19966989,567671,2025-04-12,5,2092.4,116.24,350.31
1311,52215833,131136,2025-12-09,4,151.2,4.19,27.49
1312,18935489,237083,2025-03-18,1,577.13,89.8,81.8
1313,50652909,949818,2025-03-20,5,2415.25,331.1,340.53
1314,45166203,398340,2025-07-25,2,1303.86,165.93,217.11
1315,75984768,433521,2025-12-28,2,642.66,41.68,83.68
1316,41811800,41853,2025-10-30,5,4552.2,425.35,503.94
1317,53886685,707935,2025-06-11,2,1641.8,305.5,233.09
1318,6398761,991434,2025-08-12,5,1188.1,106.76,157.15
1319,98218863,516376,2025-07-08,5,4387.15,39.57,859.22
1320,84382654,945635,2025-01-18,1,778.9,17.44,111.98
1321,67402645,812607,2025-09-23,3,1249.95,113.13,116.71
1322,52915166,832348,2025-04-09,3,2494.29,278.63,304.91
1323,17861428,455083,2025-12-21,4,3836.04,511.72,310.08
1324,18394558,487065,2025-07-12,2,749.36,77.57,126.73
1325,93122847,679321,2025-04-02,4,2953.84,279.16,274.14
1326,31328762,140489,2025-06-14,2,1300.4,230.43,189.04
1327,55038040,378676,2025-12-19,2,1762.84,334.19,226.38
1328,67386193,913428,2025-10-31,1,392.22,64.27,37.02
1329,23434261,39154,2025-02-06,1,946.86,107.01,164.44
1330,81462774,500633,2025-06-05,1,154.5,0.89,14.01
1331,11071601,753354,2025-07-26,1,423.56,78.52,37.23
1332,83236183,124290,2025-04-28,2,79.3,10.35,9.09
1333,74313592,171602,2025-11-13,2,1766.88,235.0,185.52
1334,45650429,965755,2025-06-16,4,2130.28,364.95,231.84
1335,59207798,839170,2025-08-22,1,481.63,90.67,72.35
1336,88843865,478531,2025-12-03,4,3301.84,198.15,527.7
1337,69353754,154179,2025-09-14,1,582.87,68.33,68.6
1338,5238055,378230,2025-02-17,3,499.26,10.45,71.19
1339,95558510,555121,2025-09-05,1,354.91,61.65,26.99
1340,25526479,490602,2025-04-12,4,2197.88,418.98,296.62
1341,2400009,36412,2025-02-12,1,397.68,24.4,42.12
1342,28173165,883013,2025-03-18,2,1979.76,388.48,232.62
1343,40877127,444361,2025-03-21,3,2467.89,350.68,365.97
1344,53886685,604184,2025-09-15,3,1192.65,49.73,163.21
1345,14207332,317242,2025-01-08,2,396.3,10.79,43.73
1346,30733165,961614,2025-08-31,1,227.22,21.18,37.26
1347,70420271,329351,2025-12-09,3,932.61,158.31,118.42
1348,99424244,812607,2025-03-21,4,1666.6,55.42,164.48
1349,43377076,455755,2025-07-10,3,132.27,4.55,23.92
1350,53354003,606256,2025-01-13,1,369.28,31.63,31.17
1351,19080489,256051,2025-09-07,4,1603.68,70.29,284.61
1352,43377076,540618,2025-01-25,5,1585.25,174.23,224.68
1353,53605257,965755,2025-09-04,4,2130.28,245.29,284.35
1354,89669139,747801,2025-12-16,2,555.52,34.63,47.54
1355,75674671,378230,2025-07-08,4,665.68,99.22,100.62
1356,89361574,993331,2025-11-19,2,204.88,34.45,20.14
1357,25915909,490602,2025-05-31,4,2197.88,214.56,377.88
1358,10418604,992178,2025-08-19,2,1264.86,224.52,107.22
1359,90621147,687218,2025-06-03,4,1271.28,168.57,160.02
1360,62868582,327290,2025-05-15,5,4311.4,206.18,517.93
1361,60385293,587420,2025-07-05,2,714.84,93.06,92.89
1362,95018817,739534,2025-09-29,5,4972.8,491.21,651.24
1363,91590001,890232,2025-02-27,3,1296.0,91.98,214.0
1364,24644542,327290,2025-01-19,2,1724.56,71.67,206.78
1365,91602727,992178,2025-03-10,4,2529.72,451.65,173.94
1366,67696145,991434,2025-08-08,1,237.62,19.72,27.56
1367,31813,863930,2025-05-16,4,970.28,169.35,102.97
1368,58974323,961614,2025-10-31,2,454.44,41.23,71.54
1369,5540556,513199,2025-10-15,4,1688.92,61.62,157.36
1370,77673290,726958,2025-12-13,5,4437.4,496.58,539.03
1371,70543108,561860,2025-09-13,1,874.78,1.13,82.85
1372,24581427,532965,2025-07-18,5,1536.15,65.56,206.1
1373,27038630,552883,2025-03-22,2,1776.32,117.96,196.14
1374,18954314,697683,2025-02-19,4,494.96,12.0,44.78
1375,97315135,652118,2025-11-09,3,66.12,9.55,5.9
1376,58631874,901144,2025-03-04,1,340.36,61.64,28.34
1377,8205155,328457,2025-04-02,4,3434.28,643.52,553.63
1378,42102289,219598,2025-01-05,3,1101.24,151.27,140.66
1379,69415494,131748,2025-08-21,2,162.7,14.34,16.24
1380,15417130,243235,2025-05-02,2,218.06,8.19,34.17
1381,67729191,18035,2025-04-06,3,2906.82,566.29,348.87
1382,2219590,563740,2025-11-22,5,481.65,76.23,50.67
1383,47618810,771228,2025-09-17,4,332.72,20.17,34.53
1384,95873651,721521,2025-04-05,2,834.78,42.21,92.1
1385,87213891,644847,2025-10-19,4,2491.24,406.4,412.3
1386,44409533,672059,2025-04-06,2,1345.46,44.2,154.14
1387,30535703,798639,2025-11-12,5,1056.25,52.26,116.49
1388,66310963,798639,2025-03-25,4,845.0,113.54,105.72
1389,46313756,890623,2025-12-12,5,1772.6,17.98,206.47
1390,14479168,667163,2025-02-03,3,1323.6,133.82,205.97
1391,24308515,837480,2025-05-09,3,652.2,46.01,104.19
1392,44198187,328457,2025-06-02,4,3434.28,520.46,327.07
1393,2058037,992178,2025-05-20,5,3162.15,403.63,322.7
1394,63624332,337168,2025-04-14,5,2727.45,49.0,279.41
1395,5039883,993331,2025-06-04,4,409.76,66.52,44.01
1396,51174875,120385,2025-08-19,2,1195.82,64.62,211.56
1397,91566278,196719,2025-09-21,4,870.0,74.84,94.13
1398,33472376,888807,2025-07-29,4,922.32,105.12,127.62
1399,12507907,863930,2025-04-15,4,970.28,104.25,144.18
1400,48268435,937542,2025-02-17,2,194.08,7.67,17.3
1401,52215833,913428,2025-04-14,5,1961.1,277.63,188.21
1402,1624115,799688,2025-03-18,1,309.62,2.32,40.69
1403,30367559,945635,2025-08-26,5,3894.5,619.31,653.83
1404,48167795,39154,2025-08-31,2,1893.72,267.56,306.47
1405,72079189,709916,2025-12-02,3,101.28,7.39,12.99
1406,44198187,832348,2025-03-29,2,1662.86,97.35,221.06
1407,91566278,118820,2025-07-25,3,36.96,4.15,4.46
1408,36587003,739448,2025-06-15,2,1511.32,140.26,212.88
1409,98241853,712003,2025-05-22,5,3358.4,531.98,441.26
1410,39042103,901144,2025-12-02,5,1701.8,276.87,215.16
1411,80850753,621677,2025-10-21,1,317.8,53.43,22.38
1412,80517784,378287,2025-09-08,4,1331.36,1.11,184.62
1413,24308515,397973,2025-06-16,4,2914.92,102.11,505.29
1414,73933840,714999,2025-09-14,2,1765.02,132.06,196.22
1415,70459847,965755,2025-05-29,5,2662.85,213.98,337.25
1416,37362180,490939,2025-04-23,4,321.0,43.76,41.77
1417,17929886,704868,2025-03-07,5,967.3,82.56,166.75
1418,31846190,853932,2025-08-31,4,3764.76,193.6,643.23
1419,1719710,684939,2025-09-11,3,2183.85,288.61,294.49
1420,14428954,298985,2025-07-21,3,551.28,44.08,92.99
1421,32527479,112390,2025-08-04,1,877.98,62.47,110.76
1422,1705969,256783,2025-08-17,5,4532.7,248.64,728.8
1423,85626346,186168,2025-04-02,3,2636.4,492.19,228.29
1424,79076101,592784,2025-09-24,4,1121.4,92.7,146.84
1425,90649019,993331,2025-04-10,5,512.2,50.11,57.16
1426,62807542,820973,2025-09-05,1,114.52,12.43,10.52
1427,89523804,256783,2025-06-08,5,4532.7,14.8,604.51
1428,16547602,611575,2025-09-18,5,2410.3,294.14,247.55
1429,43784632,237083,2025-03-03,1,577.13,29.16,64.79
1430,41181125,328457,2025-12-17,2,1717.14,190.8,291.58
1431,60049160,470449,2025-08-27,5,4138.85,342.69,631.61
1432,46828932,52729,2025-05-14,5,1580.1,287.2,132.19
1433,16785724,33797,2025-08-19,4,3552.48,479.43,323.17
1434,17929886,673058,2025-02-27,4,3063.04,197.66,421.94
1435,40703374,449106,2025-02-01,4,194.2,2.08,22.99
1436,19259955,513199,2025-09-11,2,844.46,88.37,65.86
1437,88923048,798639,2025-06-11,2,422.5,39.27,66.25
1438,78412820,532965,2025-08-22,3,921.69,74.87,160.36
1439,10048910,487931,2025-05-09,1,709.08,57.94,59.82
1440,31026200,287070,2025-01-13,1,443.17,45.13,59.03
1441,4378755,272170,2025-09-18,5,704.0,130.27,52.26
1442,57340963,300159,2025-07-31,4,177.4,12.14,24.46
1443,41494867,661577,2025-11-20,4,2883.8,238.13,502.59
1444,59619739,500633,2025-03-20,3,463.5,18.74,44.33
1445,19182548,114414,2025-04-05,1,832.06,28.15,86.49
1446,23126356,690565,2025-04-11,1,951.27,2.76,180.88
1447,89784343,883013,2025-09-06,3,2969.64,471.24,382.5
1448,46885873,187399,2025-04-26,4,213.96,18.41,39.07
1449,69632084,481843,2025-10-22,3,893.04,114.4,93.23
1450,83304462,851978,2025-01-09,5,3578.6,279.99,521.37
1451,7728356,739534,2025-10-11,2,1989.12,166.47,242.51
1452,32809328,448752,2025-11-23,5,800.35,88.44,70.32
1453,79672044,880510,2025-10-07,5,4757.15,378.98,869.24
1454,59216664,954722,2025-06-30,2,1232.9,211.08,174.01
1455,59222551,153019,2025-12-23,4,3791.8,419.6,657.75
1456,57392064,56589,2025-10-30,3,1553.31,39.57,297.16
1457,9278983,124290,2025-10-01,2,79.3,2.1,7.95
1458,75632045,243235,2025-10-23,1,109.03,21.22,14.33
1459,65570302,672059,2025-09-13,4,2690.92,459.4,212.12
1460,42366724,18035,2025-07-10,2,1937.88,216.16,257.88
1461,93730857,33955,2025-12-25,2,372.16,70.92,24.49
1462,63793401,196719,2025-11-12,1,217.5,19.91,15.97
1463,58513300,990993,2025-02-17,5,1318.5,254.0,180.42
1464,63661771,901144,2025-06-10,4,1361.44,1.07,210.53
1465,89619421,287070,2025-11-27,5,2215.85,240.4,294.41
1466,82948843,642612,2025-11-26,2,1034.06,35.84,122.51
1467,94529626,679865,2025-04-07,2,695.82,40.59,116.57
1468,63870636,930284,2025-12-01,3,568.41,41.01,64.21
1469,625395,70969,2025-06-14,2,1263.4,190.05,186.59
1470,89704218,726958,2025-07-01,1,887.48,68.85,123.15
1471,55028958,228286,2025-06-19,5,895.4,141.99,115.85
1472,48358028,563740,2025-03-02,5,481.65,70.6,44.59
1473,98307019,385113,2025-06-13,3,2449.14,116.63,216.81
1474,64141971,739448,2025-06-29,1,755.66,54.13,58.67
1475,82585664,317242,2025-04-05,2,396.3,63.22,61.22
1476,93699264,853932,2025-11-25,5,4705.95,737.62,407.36
1477,71176678,4452,2025-06-13,4,679.52,105.48,83.74
1478,1719710,851978,2025-01-06,5,3578.6,286.02,310.39
1479,85869195,462526,2025-11-14,1,449.97,1.87,66.87
1480,83058329,462526,2025-12-10,1,449.97,88.23,60.66
1481,81763298,592784,2025-02-11,4,1121.4,178.73,88.0
1482,26592009,970529,2025-07-06,5,4137.2,59.79,488.17
1483,35812567,561860,2025-04-26,3,2624.34,124.95,270.34
1484,35912599,397973,2025-07-26,4,2914.92,59.12,435.33
1485,899941,760684,2025-10-02,1,71.6,13.19,9.27
1486,97141762,712003,2025-09-04,3,2015.04,378.93,211.42
1487,93699264,131136,2025-02-01,1,37.8,1.55,3.48
1488,35812567,140154,2025-08-14,4,684.8,136.62,50.38
1489,75752515,378230,2025-03-11,3,499.26,64.46,42.57
1490,80571942,120385,2025-04-30,5,2989.55,321.54,404.17
1491,6081270,684939,2025-08-02,4,2911.8,66.11,294.44
1492,55472026,287070,2025-12-30,4,1772.68,274.92,291.99
1493,93563435,913428,2025-01-31,5,1961.1,140.07,354.21
1494,86226771,709916,2025-09-23,2,67.52,0.43,7.54
1495,59197894,847349,2025-03-29,5,3905.4,478.79,493.83
1496,30373140,567671,2025-09-06,4,1673.92,203.75,138.41
1497,82322028,77308,2025-03-13,2,446.54,2.23,38.58
1498,42797397,52729,2025-06-10,4,1264.08,88.8,163.21
1499,1705969,133542,2025-11-12,3,205.47,6.19,21.86
1500,55693909,863930,2025-12-23,1,242.57,48.51,28.81
1501,56248757,687218,2025-09-02,1,317.82,50.38,33.26
1502,42514124,154179,2025-07-26,1,582.87,33.47,96.88
1503,22800586,812607,2025-06-24,2,833.3,150.63,86.85
1504,78868716,219598,2025-07-30,4,1468.32,60.89,167.39
1505,35690581,851978,2025-09-17,3,2147.16,341.57,329.69
1506,58085779,18035,2025-03-09,4,3875.76,342.02,618.89
1507,97185284,587645,2025-06-28,5,4009.05,737.01,531.81
1508,65488134,968887,2025-08-29,3,122.1,16.22,16.67
1509,72576730,491314,2025-06-09,5,4867.2,572.86,377.49
1510,70966268,760828,2025-06-25,3,1690.35,126.34,143.4
1511,26592009,557908,2025-02-17,5,4711.85,788.94,625.43
1512,78961097,807452,2025-01-16,1,144.19,28.27,22.17
1513,30535703,41853,2025-07-08,5,4552.2,317.24,490.54
1514,64932019,689769,2025-12-21,5,233.1,16.96,37.75
1515,58979427,726958,2025-12-12,4,3549.92,532.41,276.45
1516,20310720,154179,2025-03-19,4,2331.48,258.63,176.53
1517,35459748,513199,2025-05-05,2,844.46,120.31,80.24
1518,43799224,927651,2025-10-10,1,426.72,85.26,27.77
1519,71688530,34186,2025-12-03,4,3702.6,276.51,404.46
1520,86839058,847349,2025-01-26,4,3124.32,527.0,363.47
1521,62742797,89084,2025-11-25,2,1197.66,155.69,165.44
1522,5135207,432617,2025-03-31,4,3452.72,267.32,351.09
1523,14367270,378287,2025-08-31,1,332.84,30.67,43.26
1524,76925460,39154,2025-05-23,1,946.86,75.99,169.01
1525,57291761,962591,2025-10-08,1,130.01,10.45,9.62
1526,25595836,891833,2025-04-12,3,1479.57,209.77,138.96
1527,52862822,585299,2025-03-22,4,3197.84,559.75,427.5
1528,45868300,540618,2025-01-20,1,317.05,19.19,47.88
1529,3875480,91670,2025-07-18,4,1756.96,184.56,178.56
1530,12655794,112390,2025-10-07,2,1755.96,159.46,147.72
1531,27955158,762527,2025-08-27,1,690.08,24.55,111.1
1532,34526570,991434,2025-09-01,1,237.62,26.93,30.71
1533,87457446,600767,2025-06-23,1,722.42,26.09,125.48
1534,9573071,56589,2025-01-25,1,517.77,36.37,68.2
1535,60904312,679284,2025-11-12,5,4389.45,666.54,612.24
1536,35690581,679321,2025-04-27,1,738.46,137.63,87.11
1537,24144240,760828,2025-12-03,5,2817.25,257.65,306.56
1538,58152923,532965,2025-11-22,5,1536.15,13.41,288.11
1539,8734819,658389,2025-12-02,1,152.55,21.26,18.65
1540,41612464,704868,2025-11-14,1,193.46,18.99,16.42
1541,95371787,837480,2025-06-29,1,217.4,9.95,22.88
1542,88045094,487931,2025-01-24,5,3545.4,387.45,529.9
1543,51119088,863930,2025-02-19,2,485.14,43.92,69.48
1544,35885052,784673,2025-06-02,1,491.39,59.36,52.27
1545,44888581,36412,2025-07-24,3,1193.04,19.89,107.23
1546,92642745,432617,2025-12-12,5,4315.9,831.22,632.89
1547,31324823,131937,2025-04-02,3,863.43,135.48,110.53
1548,60049160,613942,2025-12-22,4,2180.0,64.34,246.96
1549,75739462,760684,2025-04-23,3,214.8,8.44,36.28
1550,27381533,397973,2025-10-28,4,2914.92,428.64,421.34
1551,4597433,329351,2025-12-09,4,1243.48,113.76,117.75
1552,82169898,313754,2025-12-23,3,409.8,75.91,59.26
1553,16547602,880510,2025-05-18,3,2854.29,236.45,456.64
1554,68159723,448752,2025-12-01,4,640.28,53.79,109.47
1555,91778474,585299,2025-10-19,1,799.46,53.17,101.22
1556,35435896,373536,2025-09-09,5,2470.85,120.1,311.58
1557,73807097,237083,2025-03-19,4,2308.52,241.18,326.41
1558,42589311,36412,2025-10-06,3,1193.04,75.74,140.93
1559,92604392,661577,2025-10-29,3,2162.85,82.91,319.11
1560,38957713,739534,2025-02-27,2,1989.12,171.97,263.44
1561,71276926,739534,2025-05-27,1,994.56,155.96,86.6
1562,70420271,63769,2025-06-21,1,878.07,25.04,162.09
1563,1479065,272170,2025-08-31,2,281.6,28.77,32.77
1564,31569754,890232,2025-03-13,5,2160.0,205.51,286.08
1565,69240186,382511,2025-06-28,1,702.54,35.63,99.39
1566,87444738,26060,2025-03-25,1,342.94,28.01,52.76
1567,84456355,440875,2025-12-07,2,550.06,82.98,50.21
1568,7228206,799688,2025-09-24,1,309.62,9.93,24.47
1569,43980719,324809,2025-12-06,4,2432.0,389.65,206.07
1570,94552818,687218,2025-03-06,1,317.82,5.13,41.93
1571,79206969,669378,2025-11-16,1,212.14,31.6,18.24
1572,52428250,876139,2025-08-25,2,831.5,141.6,93.41
1573,29689766,461804,2025-02-26,5,1553.45,93.69,258.7
1574,12455156,378287,2025-01-17,4,1331.36,93.85,151.62
1575,42209203,652118,2025-05-18,1,22.04,4.11,2.77
1576,91347159,131748,2025-02-27,4,325.4,60.35,32.73
1577,21597477,654623,2025-08-16,1,422.14,24.43,58.71
1578,59297955,274207,2025-01-16,2,657.02,129.58,94.87
1579,54799731,228286,2025-01-26,1,179.08,28.47,25.4
1580,43295656,425341,2025-05-03,1,486.28,72.02,65.73
1581,1301661,34186,2025-09-29,5,4628.25,577.48,581.0
1582,46146390,461804,2025-03-10,1,310.69,11.31,30.02
1583,39153585,376447,2025-05-12,2,1449.68,36.07,213.55
1584,14207332,120385,2025-12-08,4,2391.64,392.84,188.27
1585,81528623,652118,2025-01-30,1,22.04,3.23,1.6
1586,2667357,803607,2025-02-15,1,949.73,31.05,81.66
1587,11705793,461804,2025-04-10,4,1242.76,159.17,138.49
1588,21701991,451933,2025-04-07,3,1706.82,125.6,212.15
1589,26303194,949818,2025-12-25,3,1449.15,89.33,251.01
1590,54893418,487931,2025-08-07,5,3545.4,186.82,627.92
1591,97678578,927651,2025-02-13,3,1280.16,12.99,235.85
1592,89223620,684939,2025-04-23,2,1455.9,118.52,219.69
1593,52678787,644847,2025-06-25,3,1868.43,303.79,175.37
1594,38671747,89084,2025-08-15,1,598.83,87.94,93.08
1595,76309170,712003,2025-10-29,1,671.68,120.8,46.23
1596,894128,714999,2025-09-11,1,882.51,101.23,148.03
1597,50484778,272170,2025-04-13,4,563.2,41.12,94.77
1598,59353207,739534,2025-04-12,3,2983.68,300.58,370.67
1599,91550885,876139,2025-05-01,2,831.5,62.88,122.14
1600,12531927,962591,2025-04-02,5,650.05,77.92,77.25
1601,36517334,851978,2025-01-25,1,715.72,79.3,91.97
1602,6724509,33797,2025-03-28,2,1776.24,148.66,151.78
1603,98691989,490939,2025-11-22,4,321.0,31.24,40.95
1604,82594354,500739,2025-12-08,2,719.96,12.12,64.99
1605,15391556,613942,2025-06-07,2,1090.0,122.56,158.07
1606,10769994,669378,2025-11-15,5,1060.7,194.41,99.64
1607,63368244,707935,2025-10-20,3,2462.7,175.33,374.77
1608,13424885,264803,2025-04-19,3,2987.94,362.43,523.05
1609,79866758,799459,2025-08-10,3,2556.06,100.19,449.31
1610,90586443,425341,2025-02-02,4,1945.12,119.89,176.06
1611,93018527,687218,2025-08-24,3,953.46,91.28,157.88
1612,58238092,240179,2025-08-28,4,362.24,50.12,31.14
1613,73869823,490602,2025-03-10,5,2747.35,13.05,393.37
1614,33394166,706112,2025-12-09,2,957.58,180.25,65.42
1615,12077371,240179,2025-04-11,1,90.56,0.25,16.5
1616,36833857,462526,2025-11-29,5,2249.85,141.06,320.74
1617,31569754,478531,2025-07-26,3,2476.38,321.55,204.91
1618,27336589,194682,2025-07-08,1,912.29,7.46,160.21
1619,79630614,566052,2025-10-04,4,349.2,45.85,52.29
1620,9335625,449106,2025-07-28,4,194.2,34.68,31.81
1621,50680889,704868,2025-01-13,2,386.92,66.94,41.69
1622,36998375,611575,2025-05-13,4,1928.24,77.66,209.74
1623,21658322,623234,2025-10-15,2,659.58,26.13,68.44
1624,49756591,120385,2025-01-29,1,597.91,7.78,66.21
1625,78209683,532965,2025-10-23,5,1536.15,173.44,194.33
1626,10088428,217710,2025-08-07,5,292.95,45.18,26.51
1627,97507853,767398,2025-08-23,1,22.14,2.83,2.09
1628,85626346,144124,2025-11-15,4,650.68,98.85,80.82
1629,48000260,673058,2025-12-26,2,1531.52,228.32,212.65
1630,99627097,853932,2025-12-01,4,3764.76,592.89,577.62
1631,83236183,644847,2025-06-21,2,1245.62,109.21,143.84
1632,83404008,818990,2025-09-22,5,817.75,104.67,72.4
1633,34768050,89084,2025-12-18,5,2994.15,201.53,530.66
1634,49756591,642612,2025-08-15,4,2068.12,411.68,308.08
1635,13978108,962591,2025-04-20,5,650.05,11.74,82.16
1636,75467328,847349,2025-06-21,5,3905.4,320.7,669.71
1637,52913011,540618,2025-02-27,1,317.05,60.08,44.71
1638,59009727,144124,2025-12-06,5,813.35,123.66,104.73
1639,10700664,767398,2025-12-31,1,22.14,0.02,3.39
1640,99824171,951463,2025-03-17,4,3149.6,383.34,253.42
1641,14367270,532965,2025-03-19,5,1536.15,102.5,196.63
1642,19425804,587420,2025-07-26,4,1429.68,221.79,186.05
1643,8241122,140154,2025-05-17,1,171.2,13.6,30.57
1644,3893903,706112,2025-10-10,1,478.79,72.76,59.67
1645,76850859,373536,2025-09-18,5,2470.85,461.2,171.65
1646,64748953,397973,2025-06-17,2,1457.46,181.26,251.82
1647,3893903,760828,2025-02-27,3,1690.35,6.64,314.69
1648,35278126,859361,2025-06-22,5,2161.95,361.98,215.77
1649,16485871,492958,2025-06-04,5,421.0,55.58,48.1
1650,63802820,552883,2025-08-11,4,3552.64,549.48,491.88
1651,73586244,992178,2025-09-24,4,2529.72,466.76,170.37
1652,35912599,891833,2025-01-06,2,986.38,18.22,96.62
1653,38496400,684939,2025-03-12,4,2911.8,479.31,321.33
1654,54375571,451933,2025-10-30,3,1706.82,318.21,215.42
1655,73727901,89084,2025-09-19,4,2395.32,197.38,375.3
1656,47822591,642612,2025-06-23,1,517.03,81.78,46.61
1657,59815512,954722,2025-01-10,5,3082.25,579.39,450.09
1658,89142848,107548,2025-07-22,2,1783.2,190.44,151.89
1659,24357425,901144,2025-11-28,2,680.72,48.6,104.22
1660,1562083,945635,2025-03-24,2,1557.8,119.99,124.46
1661,89669139,623234,2025-02-22,2,659.58,123.95,52.68
1662,42465414,951463,2025-07-02,5,3937.0,559.73,270.32
1663,66252737,847349,2025-05-30,1,781.08,106.27,63.24
1664,99729547,799688,2025-02-11,5,1548.1,121.82,149.87
1665,38565569,171602,2025-05-30,5,4417.2,318.9,658.34
1666,19084027,564692,2025-10-16,1,215.65,12.28,22.59
1667,98012339,378676,2025-01-19,2,1762.84,97.64,187.06
1668,58111297,798639,2025-05-10,3,633.75,109.01,51.84
1669,91144803,264803,2025-07-31,1,995.98,166.87,90.02
1670,81046421,367391,2025-08-08,2,1879.1,353.48,295.98
1671,2234490,77308,2025-03-18,1,223.27,36.14,36.45
1672,59890331,183929,2025-08-25,4,2954.96,352.63,438.03
1673,86050297,930284,2025-02-13,3,568.41,80.77,52.76
1674,89811984,592784,2025-09-23,2,560.7,67.72,82.12
1675,34588087,300159,2025-06-27,2,88.7,2.95,10.6
1676,5226128,784827,2025-09-19,1,274.25,51.75,43.62
1677,86487478,566052,2025-11-05,2,174.6,13.47,23.37
1678,63360864,723678,2025-10-27,3,2026.38,73.91,189.85
1679,37054866,871592,2025-01-08,5,4351.45,549.27,311.55
1680,21524495,890623,2025-03-20,5,1772.6,288.96,138.31
1681,89986926,26060,2025-10-20,4,1371.76,27.09,245.09
1682,37379797,36412,2025-12-24,4,1590.72,161.31,226.59
1683,83304571,397973,2025-07-29,5,3643.65,574.24,394.42
1684,49241309,354409,2025-05-28,4,1300.32,180.24,171.5
1685,51544662,552883,2025-10-12,5,4440.8,294.58,385.56
1686,60319216,491521,2025-03-07,4,2225.4,127.3,407.49
1687,11775073,153019,2025-06-11,1,947.95,163.44,92.99
1688,41640262,306177,2025-07-20,2,1538.48,56.57,220.45
1689,55693909,803607,2025-01-01,4,3798.92,173.03,587.73
1690,67538982,107548,2025-05-01,2,1783.2,23.42,143.74
1691,57063557,124290,2025-12-02,2,79.3,8.61,5.98
1692,83034412,77308,2025-08-29,3,669.81,7.06,59.72
1693,76441843,890232,2025-02-17,3,1296.0,167.06,172.82
1694,8228843,753354,2025-10-11,4,1694.24,108.33,214.6
1695,93723634,123983,2025-08-16,5,3928.35,409.33,464.99
1696,42102289,444361,2025-12-21,5,4113.15,467.71,593.18
1697,59643062,820973,2025-08-15,4,458.08,16.0,76.59
1698,67046342,237083,2025-08-15,1,577.13,90.49,87.63
1699,51547198,681063,2025-08-22,1,321.28,22.9,27.43
1700,38244021,328457,2025-06-09,5,4292.85,663.07,637.34
1701,51034600,901144,2025-02-03,1,340.36,35.2,53.32
1702,60371334,324809,2025-12-20,4,2432.0,373.37,197.94
1703,84572019,669378,2025-05-31,2,424.28,82.33,57.65
1704,57213543,500633,2025-09-21,1,154.5,21.56,19.9
1705,38114014,336847,2025-10-29,3,2810.94,498.23,245.45
1706,89472859,760828,2025-10-17,1,563.45,52.47,74.51
1707,69632084,764014,2025-01-12,4,2448.16,59.78,387.09
1708,96461062,859361,2025-06-02,2,864.78,97.43,150.85
1709,75732571,34186,2025-10-01,4,3702.6,501.13,511.28
1710,88739922,767398,2025-07-16,5,110.7,4.44,12.17
1711,9419030,704868,2025-08-12,3,580.38,47.17,72.73
1712,36428139,954722,2025-03-04,2,1232.9,184.77,124.61
1713,48228547,306177,2025-05-01,4,3076.96,71.44,466.56
1714,79942821,14145,2025-09-04,4,2523.36,159.15,213.67
1715,2684440,131937,2025-03-08,2,575.62,15.73,57.69
1716,88532418,707935,2025-08-30,2,1641.8,5.24,157.31
1717,26844216,839170,2025-05-07,5,2408.15,234.72,243.06
1718,22483684,876139,2025-12-06,2,831.5,26.2,155.06
1719,7288562,658389,2025-09-06,3,457.65,4.87,83.62
1720,43034188,14145,2025-07-21,4,2523.36,239.35,400.96
1721,67701771,659290,2025-09-30,2,638.68,67.0,55.95
1722,77862447,171602,2025-02-28,2,1766.88,58.5,335.23
1723,70420271,516376,2025-03-02,5,4387.15,312.57,492.08
1724,57662767,60619,2025-12-22,4,2905.64,209.23,282.44
1725,99160348,679865,2025-06-15,2,695.82,94.77,92.75
1726,33608451,470449,2025-01-01,1,827.77,35.42,148.84
1727,56248757,34200,2025-08-21,1,319.8,15.69,28.97
1728,17939362,183929,2025-05-30,5,3693.7,163.94,702.57
1729,33544355,114414,2025-12-19,5,4160.3,16.83,391.55
1730,96009692,613942,2025-04-07,5,2725.0,327.67,220.14
1731,2584499,451933,2025-03-17,4,2275.76,231.66,222.11
1732,72489544,937542,2025-02-15,3,291.12,17.92,22.14
1733,80875034,602241,2025-01-14,3,2929.65,507.21,263.28
1734,15391556,6405,2025-02-15,5,1182.55,29.65,147.03
1735,61024977,833557,2025-01-22,5,2114.35,149.38,280.59
1736,1588560,954722,2025-09-13,3,1849.35,256.87,152.17
1737,99734256,760684,2025-06-09,1,71.6,7.81,8.95
1738,19741509,500739,2025-01-24,3,1079.94,13.05,150.28
1739,75640174,853932,2025-08-03,1,941.19,165.78,101.65
1740,13251137,57405,2025-10-22,1,607.67,37.67,57.0
1741,88130777,762527,2025-10-15,2,1380.16,105.3,174.19
1742,1624115,949818,2025-11-20,2,966.1,177.7,123.1
1743,77015367,578097,2025-10-21,2,535.22,40.09,72.47
1744,5140660,51036,2025-10-11,1,931.61,45.67,104.39
1745,76512976,876139,2025-07-14,4,1663.0,99.7,129.26
1746,67708491,962054,2025-06-21,5,84.3,1.62,8.91
1747,30979436,26060,2025-07-19,2,685.88,33.12,119.57
1748,55038040,274207,2025-02-03,2,657.02,77.15,114.28
1749,98858383,953175,2025-05-09,2,450.42,38.52,47.79
1750,23961725,329351,2025-09-30,4,1243.48,163.66,201.15
1751,43574734,807452,2025-04-21,5,720.95,75.48,88.1
1752,27513158,455755,2025-10-31,1,44.09,0.88,5.6
1753,15661901,709916,2025-03-08,1,33.76,5.8,3.61
1754,90586029,968887,2025-05-08,3,122.1,12.77,12.26
1755,55170753,784827,2025-06-05,4,1097.0,129.06,134.79
1756,78806824,681063,2025-03-05,1,321.28,6.86,57.57
1757,5961261,684939,2025-12-02,3,2183.85,209.14,357.08
1758,92404798,36412,2025-08-04,3,1193.04,86.03,171.4
1759,79960955,120385,2025-06-01,3,1793.73,129.88,279.59
1760,17861428,677542,2025-02-01,4,850.44,70.97,82.18
1761,86167288,589812,2025-11-14,4,652.12,13.57,107.6
1762,86704661,228286,2025-11-11,2,358.16,69.51,53.25
1763,72702075,851978,2025-11-27,3,2147.16,265.62,319.22
1764,77497950,992178,2025-04-16,1,632.43,74.78,59.52
1765,16400639,284460,2025-11-29,2,1011.9,6.6,178.15
1766,73061709,784827,2025-11-04,4,1097.0,4.4,169.63
1767,15599514,183929,2025-09-12,3,2216.22,228.34,190.13
1768,30455484,712307,2025-05-26,5,1324.45,0.9,182.32
1769,58942207,385113,2025-08-05,5,4081.9,786.08,570.98
1770,81940369,89084,2025-06-27,5,2994.15,541.35,296.99
1771,50899600,516376,2025-12-24,5,4387.15,790.39,585.76
1772,50518311,264803,2025-06-27,3,2987.94,196.71,267.23
1773,74572121,51036,2025-03-10,5,4658.05,437.43,669.9
1774,48647253,592784,2025-08-15,2,560.7,71.67,86.55
1775,87200291,435929,2025-06-03,4,3427.56,260.54,343.59
1776,68016312,291238,2025-10-06,1,746.03,138.4,95.33
1777,12814732,753354,2025-06-11,5,2117.8,72.23,308.31
1778,49617531,70969,2025-02-01,3,1895.1,93.51,354.15
1779,73735548,449106,2025-07-25,1,48.55,9.7,5.05
1780,53332493,820541,2025-08-17,2,1152.44,201.13,133.16
1781,2558646,679284,2025-12-23,1,877.89,99.64,134.58
1782,39674723,57405,2025-09-14,1,607.67,54.83,71.06
1783,21626705,487931,2025-02-14,2,1418.16,104.78,245.01
1784,54222320,847349,2025-12-06,3,2343.24,317.45,375.28
1785,79369660,114414,2025-03-01,3,2496.18,487.06,286.73
1786,1449273,952124,2025-11-15,3,381.24,32.92,48.58
1787,70867736,70969,2025-10-11,3,1895.1,51.56,295.5
1788,50518311,4452,2025-05-28,3,509.64,22.85,40.08
1789,29324437,839170,2025-10-12,4,1926.52,64.8,158.19
1790,49574186,77308,2025-07-25,1,223.27,9.53,21.77
1791,75474920,39154,2025-04-03,1,946.86,14.58,76.56
1792,88346104,604184,2025-06-15,4,1590.2,85.83,267.97
1793,82900175,365132,2025-07-20,3,688.14,99.53,81.2
1794,50760752,382511,2025-01-30,2,1405.08,95.0,221.93
1795,98667584,240179,2025-03-31,4,362.24,25.58,32.82
1796,96629034,890232,2025-05-08,4,1728.0,233.3,297.38
1797,81102955,284460,2025-10-07,1,505.95,4.52,57.69
1798,80858127,354409,2025-10-26,1,325.08,49.49,34.65
1799,52215833,34200,2025-10-25,3,959.4,77.82,167.07
1800,70965437,961614,2025-04-28,3,681.66,20.46,111.82
1801,22846435,654297,2025-03-02,1,13.25,2.21,1.66
1802,33685414,378230,2025-05-19,2,332.84,18.1,45.21
1803,61182897,124290,2025-05-03,1,39.65,6.0,6.4
1804,24644542,264803,2025-09-30,5,4979.9,891.51,666.13
1805,20254516,63769,2025-01-23,1,878.07,121.49,144.36
1806,44828791,644847,2025-10-19,4,2491.24,452.05,179.96
1807,76925460,721521,2025-04-02,2,834.78,72.32,95.5
1808,24896263,914071,2025-05-01,2,593.88,25.56,94.87
1809,13978108,961614,2025-06-01,4,908.88,157.02,120.42
1810,3638834,937542,2025-06-23,5,485.2,14.02,51.57
1811,27971619,118820,2025-03-20,3,36.96,0.56,4.66
1812,46802633,354409,2025-11-13,3,975.24,44.59,166.78
1813,64535602,18035,2025-11-01,5,4844.7,386.46,811.28
1814,59353207,77308,2025-08-13,2,446.54,42.87,37.06
1815,84275450,532965,2025-10-09,2,614.46,41.72,57.1
1816,99156138,324809,2025-01-09,5,3040.0,557.47,380.52
1817,54580166,455083,2025-04-16,5,4795.05,170.04,491.16
1818,59240916,41853,2025-03-10,1,910.44,101.09,110.69
1819,32797235,897083,2025-07-09,4,3890.76,591.42,391.3
1820,49915498,692985,2025-07-23,2,394.78,19.15,36.43
1821,68714053,114414,2025-04-20,3,2496.18,298.58,281.66
1822,95309983,491314,2025-07-18,3,2920.32,126.6,384.54
1823,16617201,962054,2025-08-06,3,50.58,3.93,5.69
1824,1479065,679284,2025-07-25,1,877.89,144.51,127.05
1825,46208150,287070,2025-04-13,1,443.17,73.89,68.27
1826,33034249,863930,2025-07-22,5,1212.85,11.43,100.65
1827,4869199,690565,2025-05-03,1,951.27,41.82,164.81
1828,86294036,753354,2025-06-04,5,2117.8,267.63,258.38
1829,59323931,661577,2025-01-08,1,720.95,136.23,111.84
1830,54797119,120532,2025-03-28,2,1395.06,84.3,177.1
1831,18940384,194682,2025-09-12,2,1824.58,92.77,304.2
1832,33617546,555121,2025-08-14,5,1774.55,116.06,169.75
1833,51503088,890623,2025-03-12,5,1772.6,326.16,271.38
1834,10706516,677169,2025-07-23,3,783.09,78.56,101.36
1835,75984768,136533,2025-05-01,4,3304.84,349.79,289.93
1836,60728956,378287,2025-10-16,2,665.68,27.15,109.24
1837,71252391,228286,2025-02-05,3,537.24,82.7,80.7
1838,87450286,449106,2025-11-25,3,145.65,1.46,27.27
1839,23434261,690565,2025-08-14,2,1902.54,13.55,158.67
1840,53332493,222892,2025-09-04,3,2607.66,516.24,387.94
1841,72797139,771228,2025-04-26,4,332.72,35.55,24.76
1842,52770036,555121,2025-11-18,1,354.91,19.0,35.8
1843,31826,243235,2025-05-21,1,109.03,15.81,10.78
1844,74762653,305754,2025-10-16,2,1959.98,169.5,145.32
1845,82286908,60619,2025-05-15,4,2905.64,155.53,400.27
1846,35826539,567671,2025-02-23,3,1255.44,37.24,196.32
1847,57833505,942001,2025-05-21,5,3357.75,76.67,274.74
1848,94850985,382511,2025-03-04,3,2107.62,272.7,317.91
1849,76917159,741341,2025-03-11,1,923.84,84.3,115.47
1850,67215939,820541,2025-01-20,3,1728.66,222.77,231.4
1851,95595403,888807,2025-09-27,4,922.32,155.94,79.71
1852,69126963,537274,2025-09-28,1,702.71,120.71,97.98
1853,34713143,425341,2025-05-24,4,1945.12,381.09,142.17
1854,57392064,927651,2025-05-04,5,2133.6,277.78,272.03
1855,98667584,848226,2025-07-11,4,838.36,74.8,119.86
1856,94730288,91670,2025-07-08,1,439.24,50.57,32.94
1857,5607734,613942,2025-10-11,4,2180.0,428.3,185.45
1858,37309023,77308,2025-09-27,5,1116.35,110.54,141.62
1859,77625089,56589,2025-01-08,3,1553.31,186.49,246.13
1860,31456752,654623,2025-04-21,1,422.14,68.15,64.74
1861,52337289,444361,2025-07-05,5,4113.15,117.98,338.63
1862,39093069,291238,2025-12-20,2,1492.06,243.59,135.41
1863,11446157,592784,2025-10-26,1,280.35,51.31,23.34
1864,51387106,112390,2025-01-19,5,4389.9,534.38,467.29
1865,52417972,739448,2025-04-21,4,3022.64,505.14,463.62
1866,50045027,36412,2025-03-06,1,397.68,27.28,46.84
1867,23126657,803607,2025-01-31,5,4748.65,641.12,790.62
1868,98930670,444361,2025-07-11,3,2467.89,345.72,286.86
1869,69762479,470449,2025-01-18,2,1655.54,254.3,142.65
1870,66710182,679284,2025-01-27,2,1755.78,142.71,211.16
1871,73660582,654623,2025-06-07,5,2110.7,120.85,271.68
1872,78748184,925482,2025-02-12,4,1900.16,295.5,256.62
1873,89418072,4452,2025-02-26,2,339.76,61.16,42.94
1874,10729474,992178,2025-05-01,2,1264.86,134.74,164.7
1875,68475914,473929,2025-07-14,4,1760.76,167.29,271.51
1876,21456226,131937,2025-01-09,2,575.62,19.85,73.04
1877,91778474,851978,2025-11-15,3,2147.16,335.95,301.91
1878,17696094,306177,2025-12-06,3,2307.72,269.02,354.66
1879,81352781,52729,2025-02-02,4,1264.08,49.54,127.0
1880,72797139,257719,2025-08-13,1,281.73,12.57,47.95
1881,894128,487065,2025-02-25,5,1873.4,100.39,184.82
1882,42615134,487065,2025-02-27,3,1124.04,169.65,86.38
1883,72263318,799459,2025-01-29,3,2556.06,260.58,199.16
1884,49617892,240179,2025-07-31,4,362.24,31.28,58.83
1885,40055711,53833,2025-12-14,5,673.45,115.81,85.78
1886,92604392,107548,2025-08-05,4,3566.4,564.67,342.74
1887,16410708,56589,2025-08-22,5,2588.85,175.14,258.36
1888,63571453,859361,2025-04-17,5,2161.95,145.32,233.11
1889,52913011,952124,2025-02-25,2,254.16,7.3,25.09
1890,34297405,473929,2025-10-14,4,1760.76,41.46,174.68
1891,38018949,154179,2025-09-13,5,2914.35,258.74,391.2
1892,27381533,604184,2025-01-10,5,1987.75,156.23,229.6
1893,47215976,435929,2025-12-10,4,3427.56,343.53,323.84
1894,11143197,228286,2025-08-11,5,895.4,7.83,162.87
1895,11540364,697683,2025-06-14,1,123.74,6.84,9.99
1896,49617892,378230,2025-04-14,1,166.42,31.72,15.33
1897,59323931,847349,2025-01-08,5,3905.4,768.86,317.56
1898,97928541,354409,2025-06-28,3,975.24,104.79,166.08
1899,20163931,313754,2025-07-28,1,136.6,8.77,17.83
1900,90665975,70969,2025-06-07,3,1895.1,316.5,188.32
1901,97466783,757274,2025-03-14,1,98.32,3.95,16.74
1902,49795571,968887,2025-11-15,1,40.7,2.42,7.26
1903,4378755,709916,2025-10-30,3,101.28,1.28,18.54
1904,25829710,462526,2025-08-11,1,449.97,14.55,37.18
1905,66768157,961614,2025-06-19,3,681.66,54.84,90.22
1906,79076101,237083,2025-05-24,5,2885.65,496.23,432.16
1907,84275450,365132,2025-10-23,2,458.76,21.17,45.85
1908,35358395,760828,2025-06-17,4,2253.8,381.94,361.82
1909,41640262,6405,2025-12-14,2,473.02,90.49,68.84
1910,34156884,183929,2025-11-06,3,2216.22,67.39,336.5
1911,31813,131748,2025-06-06,5,406.75,41.7,63.22
1912,67696145,600767,2025-11-14,5,3612.1,545.43,314.61
1913,15599514,120385,2025-10-27,5,2989.55,336.73,246.18
1914,75908967,154179,2025-06-27,4,2331.48,358.96,349.59
1915,9195970,602241,2025-03-25,4,3906.2,499.54,316.13
1916,82160592,863930,2025-04-28,1,242.57,17.15,21.26
1917,57063557,784673,2025-02-19,5,2456.95,93.74,441.52
1918,21779155,171602,2025-06-11,2,1766.88,239.87,139.39
1919,3588443,563740,2025-12-29,5,481.65,54.91,77.49
1920,36774480,481843,2025-01-13,3,893.04,49.23,158.1
1921,34297405,851978,2025-09-19,1,715.72,85.88,76.49
1922,82032191,812607,2025-02-11,3,1249.95,186.69,146.0
1923,28221067,4452,2025-10-04,4,679.52,88.8,87.52
1924,3096845,681063,2025-10-23,5,1606.4,261.19,201.34
1925,7591711,771228,2025-11-17,5,415.9,3.66,51.24
1926,82372427,56589,2025-08-05,5,2588.85,191.79,350.66
1927,61226835,39154,2025-02-21,2,1893.72,169.59,259.95
1928,87669943,398340,2025-09-03,4,2607.72,151.94,334.28
1929,81500385,490602,2025-03-16,1,549.47,33.37,52.45
1930,13130974,365133,2025-07-05,3,2746.35,233.79,414.33
1931,81183415,171602,2025-02-07,2,1766.88,241.19,190.51
1932,7591711,600767,2025-11-28,5,3612.1,538.73,367.93
1933,18791381,52729,2025-12-31,1,316.02,38.57,46.19
1934,13465850,376447,2025-12-27,2,1449.68,154.93,173.99
1935,21524495,734789,2025-01-18,3,1187.46,156.52,166.68
1936,8155924,398340,2025-01-05,4,2607.72,184.58,460.97
1937,50848069,120385,2025-07-19,2,1195.82,95.03,172.19
1938,8955057,328457,2025-01-08,2,1717.14,84.53,207.4
1939,88779806,455083,2025-10-22,2,1918.02,337.04,299.64
1940,50652833,144124,2025-08-03,2,325.34,13.49,33.39
1941,70084516,600767,2025-08-20,5,3612.1,614.73,329.78
1942,44030130,237083,2025-12-09,4,2308.52,232.67,238.05
1943,1989720,385113,2025-06-10,3,2449.14,377.05,357.14
1944,55472026,136533,2025-06-05,2,1652.42,45.74,268.85
1945,88550139,566052,2025-01-29,3,261.9,25.81,24.77
1946,53886685,77308,2025-01-07,4,893.08,164.34,104.98
1947,26250082,256783,2025-06-04,5,4532.7,774.64,330.38
1948,50630016,839170,2025-06-07,4,1926.52,207.49,302.61
1949,82372427,684939,2025-05-17,5,3639.75,410.56,506.01
1950,29664214,839170,2025-11-11,1,481.63,17.57,83.19
1951,26936578,26060,2025-11-29,4,1371.76,175.48,133.45
1952,55404382,681063,2025-09-28,4,1285.12,184.73,201.1
1953,61763552,658389,2025-03-29,4,610.2,82.31,61.65
1954,71956734,690565,2025-10-27,2,1902.54,270.08,284.66
1955,38709137,961614,2025-07-13,2,454.44,82.62,46.18
1956,19741509,264803,2025-04-23,3,2987.94,494.39,253.56
1957,85519349,578097,2025-03-03,5,1338.05,42.65,107.75
1958,7076456,313754,2025-01-15,2,273.2,50.36,31.04
1959,3786105,6405,2025-08-29,1,236.51,16.88,41.13
1960,46541905,991434,2025-05-07,2,475.24,61.26,62.98
1961,36885115,991434,2025-07-09,2,475.24,63.3,74.5
1962,96806748,11422,2025-09-12,4,508.64,36.81,83.9
1963,77214094,186168,2025-12-15,1,878.8,22.21,123.89
1964,33481252,435929,2025-08-13,2,1713.78,134.38,235.92
1965,11493300,367391,2025-12-29,4,3758.2,509.97,541.37
1966,86715467,378676,2025-06-03,5,4407.1,160.94,411.84
1967,71688530,291238,2025-02-24,3,2238.09,235.95,234.95
1968,19556566,34186,2025-01-26,1,925.65,103.43,67.28
1969,27694927,435929,2025-05-04,4,3427.56,604.79,490.05
1970,6245778,552496,2025-07-27,4,2032.0,221.85,217.19
1971,27727819,613942,2025-05-23,5,2725.0,140.62,355.86
1972,41874489,478531,2025-06-04,1,825.46,110.95,107.27
1973,10706516,385113,2025-06-13,3,2449.14,481.46,333.86
1974,24107959,578097,2025-07-17,3,802.83,92.6,92.64
1975,58631874,880510,2025-06-03,3,2854.29,450.28,205.24
1976,4940671,385113,2025-05-22,3,2449.14,381.84,284.53
1977,88775948,890232,2025-01-15,2,864.0,161.38,57.72
1978,93924203,606256,2025-11-24,5,1846.4,14.26,292.73
1979,81500385,131136,2025-11-02,1,37.8,0.83,4.46
1980,72132838,120385,2025-11-03,1,597.91,107.62,67.05
1981,80419534,818522,2025-11-26,2,192.18,28.48,27.06
1982,2875442,871592,2025-11-01,2,1740.58,67.98,155.18
1983,79916464,112390,2025-10-12,2,1755.96,110.03,306.27
1984,72576730,677169,2025-03-30,2,522.06,21.52,78.66
1985,40323385,557908,2025-01-03,2,1884.74,119.01,237.02
1986,22613559,901144,2025-07-07,2,680.72,133.68,95.1
1987,77217240,564692,2025-09-02,5,1078.25,71.42,92.17
1988,90621147,473929,2025-07-18,4,1760.76,42.14,305.9
1989,86479284,818522,2025-04-13,3,288.27,52.55,44.73
1990,66761643,490939,2025-10-06,2,160.5,25.01,11.88
1991,19536688,329351,2025-03-05,3,932.61,154.16,102.59
1992,31233120,611575,2025-04-25,3,1446.18,9.44,172.1
1993,71890882,397973,2025-06-24,4,2914.92,449.92,303.56
1994,5140660,847349,2025-12-13,2,1562.16,246.8,238.56
1995,45033270,449106,2025-01-09,1,48.55,7.45,7.21
1996,68486301,853932,2025-11-04,3,2823.57,132.11,371.15
1997,1662375,240179,2025-01-15,2,181.12,13.04,14.08
1998,6291143,767398,2025-04-02,3,66.42,9.01,5.63
1999,59815512,833557,2025-01-13,1,422.87,46.6,49.82
2000,35133191,361361,2025-07-11,5,4131.05,640.65,314.45
2001,20310720,647462,2025-06-25,1,326.42,59.14,43.76
2002,80935110,937542,2025-04-25,2,194.08,4.66,21.88
2003,87450286,39154,2025-11-09,4,3787.44,310.21,579.9
2004,11493300,853932,2025-11-12,1,941.19,179.78,143.64
2005,75908967,697683,2025-10-27,1,123.74,7.33,19.37
2006,60271325,298985,2025-12-28,4,735.04,9.39,58.92
2007,45071436,697683,2025-07-04,1,123.74,13.76,16.1
2008,82134278,734789,2025-11-22,3,1187.46,111.13,212.39
2009,47990044,704868,2025-03-19,5,967.3,163.67,154.62
2010,9981089,487931,2025-09-11,2,1418.16,198.96,123.68
2011,34567918,53833,2025-01-19,5,673.45,28.81,66.85
2012,74179536,34200,2025-06-15,1,319.8,61.01,26.23
2013,40323385,818990,2025-01-16,4,654.2,51.57,65.67
2014,19275474,992178,2025-06-02,2,1264.86,89.52,213.23
2015,47515046,39154,2025-11-02,1,946.86,30.64,83.62
2016,64940409,376447,2025-08-29,2,1449.68,143.71,139.46
2017,91024604,832348,2025-08-14,1,831.43,30.04,132.35
2018,98930670,587420,2025-11-04,1,357.42,32.76,29.78
2019,90299101,4452,2025-12-28,4,679.52,5.37,120.39
2020,52678787,741341,2025-01-09,3,2771.52,206.36,328.13
2021,89968482,880510,2025-01-14,5,4757.15,757.27,466.7
2022,25713335,847349,2025-12-31,2,1562.16,5.38,261.84
2023,10605484,707935,2025-09-07,5,4104.5,506.33,359.78
2024,50229203,487065,2025-05-09,5,1873.4,242.2,205.7
2025,36833857,552883,2025-09-02,5,4440.8,599.27,516.29
2026,23448955,784827,2025-01-25,3,822.75,4.74,119.04
2027,57102800,606256,2025-07-12,4,1477.12,59.59,182.52
2028,97678578,969851,2025-06-22,5,1703.3,333.59,228.6
2029,18113428,448752,2025-12-07,4,640.28,68.03,64.34
2030,14519263,555121,2025-07-09,2,709.82,130.35,100.43
2031,52613657,859361,2025-02-27,1,432.39,67.85,37.24
2032,43066953,659290,2025-05-18,4,1277.36,67.6,99.18
2033,6245778,6405,2025-03-04,3,709.53,24.76,133.78
2034,24478397,578097,2025-07-04,2,535.22,95.68,80.83
2035,6756256,33955,2025-11-19,1,186.08,18.12,22.97
2036,19259955,146840,2025-12-11,4,3147.4,382.51,368.58
2037,88745052,832348,2025-01-23,2,1662.86,263.37,129.16
2038,9702217,969851,2025-12-06,4,1362.64,70.64,133.81
2039,73098723,378287,2025-12-21,3,998.52,38.52,148.33
2040,87266831,425341,2025-02-07,4,1945.12,321.87,236.26
2041,4444673,760684,2025-11-23,1,71.6,6.51,7.43
2042,4988545,56589,2025-05-16,5,2588.85,397.91,219.22
2043,83262890,848226,2025-11-20,4,838.36,71.11,147.44
2044,98896871,764014,2025-10-13,4,2448.16,176.1,241.77
2045,31776996,324809,2025-11-28,2,1216.0,30.95,174.96
2046,48033969,623234,2025-03-18,5,1648.95,204.02,242.93
2047,16230299,542300,2025-11-09,3,766.05,10.82,94.14
2048,71252391,557908,2025-07-07,4,3769.48,50.2,514.25
2049,73363613,673058,2025-02-23,5,3828.8,417.41,506.52
2050,88779806,888807,2025-10-20,4,922.32,3.49,153.35
2051,75510747,18035,2025-05-30,3,2906.82,51.91,450.02
2052,45729563,927651,2025-07-11,3,1280.16,16.94,227.87
2053,25770577,112390,2025-11-18,5,4389.9,794.48,608.0
2054,6398761,448752,2025-08-20,5,800.35,156.7,71.48
2055,18326028,365132,2025-06-18,5,1146.9,14.65,208.28
2056,33671354,327290,2025-08-09,2,1724.56,58.32,238.18
2057,57674875,11422,2025-03-19,2,254.32,42.29,36.24
2058,11047835,487931,2025-01-04,4,2836.32,551.13,444.07
2059,48776805,153019,2025-05-09,1,947.95,30.4,177.19
2060,6617417,114414,2025-07-27,5,4160.3,19.05,552.78
2061,15417130,767398,2025-02-14,1,22.14,0.94,2.32
2062,73363613,435929,2025-05-25,2,1713.78,315.21,201.81
2063,44149982,798639,2025-02-17,4,845.0,6.5,155.92
2064,79789048,690565,2025-06-04,1,951.27,110.6,117.46
2065,43034188,481843,2025-03-19,3,893.04,5.04,161.44
2066,57566548,890623,2025-08-29,4,1418.08,197.12,190.31
2067,63217390,272170,2025-05-29,5,704.0,120.44,114.65
2068,40667183,473929,2025-10-21,2,880.38,148.44,115.01
2069,78732957,366066,2025-05-29,2,1837.16,307.99,270.82
2070,66269844,767398,2025-07-30,1,22.14,1.25,4.11
2071,46515922,669378,2025-04-07,2,424.28,44.47,74.85
2072,1816969,592784,2025-10-08,3,841.05,38.75,151.53
2073,78841932,470449,2025-06-21,2,1655.54,10.75,213.04
2074,12769552,219598,2025-02-18,3,1101.24,57.93,147.97
2075,12814732,848226,2025-10-19,1,209.59,27.66,31.84
2076,12088552,757274,2025-02-11,1,98.32,2.26,13.81
2077,84953008,851978,2025-06-17,3,2147.16,94.17,221.93
2078,27698051,818522,2025-06-29,3,288.27,47.19,33.35
2079,30455484,970529,2025-03-18,4,3309.76,612.42,222.9
2080,63624332,659290,2025-09-21,2,638.68,35.53,49.46
2081,85006599,578097,2025-08-13,1,267.61,48.54,30.3
2082,77921718,903336,2025-02-25,3,1655.64,67.44,224.36
2083,71771782,623234,2025-10-02,5,1648.95,42.71,169.44
2084,72359843,851978,2025-12-09,4,2862.88,552.99,357.6
2085,13939675,913428,2025-07-04,2,784.44,129.24,96.78
2086,61461253,112390,2025-09-02,4,3511.92,677.87,530.16
2087,32929817,243235,2025-07-14,3,327.09,50.49,37.44
2088,81352781,930284,2025-05-23,5,947.35,59.01,88.81
2089,35826539,378676,2025-05-30,2,1762.84,183.61,294.49
2090,40434527,196719,2025-06-07,1,217.5,40.69,15.54
2091,77085443,136533,2025-08-19,4,3304.84,474.8,386.57
2092,85626346,968887,2025-11-07,4,162.8,16.13,25.87
2093,40587811,679321,2025-02-08,4,2953.84,442.58,332.4
2094,78732957,133542,2025-04-30,3,205.47,2.38,17.48
2095,39976965,317242,2025-10-06,5,990.75,3.71,169.03
2096,31569754,723678,2025-07-11,1,675.46,106.39,64.27
2097,62828341,644847,2025-03-19,4,2491.24,441.04,372.35
2098,47206881,712307,2025-07-05,1,264.89,48.51,33.28
2099,68486301,15314,2025-04-18,2,1157.7,134.98,123.09
2100,38133873,962591,2025-04-17,3,390.03,64.66,57.27
2101,57102800,672059,2025-03-21,2,1345.46,51.69,208.47
2102,10796846,760684,2025-08-19,1,71.6,9.84,9.62
2103,93522848,954722,2025-02-14,4,2465.8,378.98,216.45
2104,50229203,378287,2025-05-29,5,1664.2,28.54,262.82
2105,40275138,863930,2025-05-16,3,727.71,50.25,107.48
2106,46146390,305754,2025-11-16,5,4899.95,953.5,350.77
2107,24323106,196719,2025-01-09,4,870.0,18.02,115.38
2108,93735495,51036,2025-04-25,3,2794.83,411.19,200.18
2109,12059049,644847,2025-10-31,5,3114.05,502.96,318.98
2110,59427862,500739,2025-09-12,1,359.98,10.83,45.8
2111,63060947,644847,2025-10-08,5,3114.05,534.43,219.51
2112,33658749,871592,2025-02-21,5,4351.45,502.08,735.85
2113,80419534,432617,2025-06-08,5,4315.9,766.14,286.99
2114,25659794,741341,2025-07-09,4,3695.36,560.7,304.14
2115,78412820,991434,2025-11-12,2,475.24,86.18,64.98
2116,14079305,578097,2025-07-05,5,1338.05,31.59,202.12
2117,93938425,473647,2025-10-30,5,215.25,27.2,24.59
2118,72917958,490939,2025-07-23,3,240.75,41.97,24.01
2119,2558646,833557,2025-01-27,2,845.74,6.56,114.05
2120,19523856,60619,2025-04-01,5,3632.05,194.68,620.1
2121,84824280,217710,2025-08-08,2,117.18,14.36,12.42
2122,81959925,376447,2025-10-17,4,2899.36,150.68,334.67
2123,47387512,951463,2025-05-13,3,2362.2,223.45,402.9
2124,67386193,136533,2025-08-17,5,4131.05,394.4,436.51
2125,25915909,851978,2025-07-20,4,2862.88,76.99,419.9
2126,54145987,589812,2025-06-20,1,163.03,5.36,24.31
2127,41155125,839170,2025-07-25,5,2408.15,302.62,315.71
2128,40986000,721521,2025-07-06,2,834.78,16.13,120.63
2129,6344345,94225,2025-07-15,2,154.22,13.15,14.46
2130,88223261,337168,2025-02-20,2,1090.98,197.9,120.63
2131,92203470,968887,2025-04-01,1,40.7,1.04,5.59
2132,94850985,726958,2025-06-21,5,4437.4,482.72,505.79
2133,34297405,876139,2025-02-25,5,2078.75,414.14,303.68
2134,38615653,274207,2025-09-21,1,328.51,2.53,42.8
2135,99772709,385113,2025-01-21,2,1632.76,196.12,116.09
2136,33544355,492958,2025-07-05,2,168.4,32.62,21.85
2137,78961097,444361,2025-03-05,5,4113.15,615.9,367.92
2138,25520143,39154,2025-07-30,3,2840.58,313.35,456.32
2139,72393904,397973,2025-03-25,2,1457.46,245.59,137.26
2140,56250563,771228,2025-11-21,1,83.18,5.96,8.47
2141,3588443,36412,2025-10-26,2,795.36,59.34,98.24
2142,32797235,880510,2025-02-12,3,2854.29,509.11,458.05
2143,89476734,552883,2025-10-21,3,2664.48,313.14,379.28
2144,20956158,677169,2025-06-07,3,783.09,53.33,89.91
2145,66629497,500739,2025-03-18,1,359.98,62.04,40.19
2146,10019218,284460,2025-01-23,3,1517.85,140.85,183.75
2147,57392064,537274,2025-12-15,3,2108.13,142.1,215.65
2148,5607734,136533,2025-10-01,2,1652.42,134.56,233.17
2149,62600289,120532,2025-01-18,4,2790.12,455.76,452.34
2150,70372270,490602,2025-04-09,4,2197.88,259.67,373.98
2151,6867315,859361,2025-12-25,4,1729.56,169.64,151.31
2152,88130777,33797,2025-10-20,4,3552.48,629.03,342.45
2153,78961097,818990,2025-08-16,2,327.1,44.99,44.76
2154,40800762,137909,2025-01-07,1,864.3,96.17,147.97
2155,49433260,33955,2025-01-11,3,558.24,109.67,49.4
2156,37362180,604184,2025-05-22,1,397.55,69.92,33.97
2157,88571088,652118,2025-09-06,2,44.08,1.23,6.2
2158,92209869,891833,2025-06-22,4,1972.76,247.56,155.44
2159,93458307,890232,2025-02-25,4,1728.0,210.18,201.53
2160,79866758,901144,2025-11-24,5,1701.8,124.15,155.1
2161,37702698,859361,2025-07-29,2,864.78,72.49,89.37
2162,85435560,487931,2025-03-04,3,2127.24,317.74,315.63
2163,5039883,41853,2025-03-08,4,3641.76,697.69,257.36
2164,27955158,481843,2025-04-18,2,595.36,74.98,64.76
2165,60300263,77308,2025-08-20,4,893.08,27.42,163.06
2166,40563029,726958,2025-11-14,4,3549.92,659.96,517.31
2167,40871915,853932,2025-05-25,5,4705.95,3.47,681.36
2168,98144693,487065,2025-03-21,2,749.36,69.54,89.54
2169,36885115,15314,2025-04-28,2,1157.7,225.41,103.33
2170,61182897,440875,2025-05-08,4,1100.12,76.85,131.61
2171,66310963,799688,2025-04-04,2,619.24,20.79,73.02
2172,85354059,851978,2025-08-03,3,2147.16,253.42,254.91
2173,10541231,94225,2025-01-02,5,385.55,0.57,73.06
2174,49574186,566052,2025-01-23,1,87.3,6.88,10.38
2175,49371494,684939,2025-01-11,4,2911.8,317.24,405.64
2176,75892474,376447,2025-10-16,1,724.84,60.24,112.96
2177,40192266,968887,2025-05-02,3,122.1,21.72,12.56
2178,76218218,890232,2025-01-04,1,432.0,51.23,37.31
2179,14330483,871592,2025-07-16,1,870.29,151.88,82.66
2180,80800079,890232,2025-04-19,4,1728.0,113.33,247.68
2181,13492411,196719,2025-08-10,5,1087.5,195.0,152.28
2182,81541985,690565,2025-07-20,5,4756.35,576.19,825.19
2183,34839913,328457,2025-03-05,1,858.57,107.65,86.2
2184,62742184,903336,2025-04-03,3,1655.64,87.7,287.52
2185,55007963,4452,2025-10-01,4,679.52,60.21,116.69
2186,42465414,871592,2025-12-06,4,3481.16,649.8,521.08
2187,95558510,871592,2025-05-08,4,3481.16,72.18,532.58
2188,5039883,305754,2025-09-14,3,2939.97,378.36,413.92
2189,10225164,491521,2025-11-27,2,1112.7,77.67,175.28
2190,69219122,26060,2025-04-12,4,1371.76,144.12,120.82
2191,41874489,53833,2025-09-03,4,538.76,68.28,62.74
2192,73735548,481843,2025-03-30,1,297.68,20.89,25.49
2193,79257353,578097,2025-11-30,4,1070.44,54.93,152.96
2194,43649266,107548,2025-04-13,1,891.6,6.7,114.67
2195,1989720,153019,2025-09-23,3,2843.85,202.72,378.01
2196,46876240,697683,2025-01-19,5,618.7,15.2,80.3
2197,24496983,114414,2025-01-27,4,3328.24,365.08,301.98
2198,20496835,136533,2025-12-31,1,826.21,59.25,135.02
2199,39042103,799952,2025-02-06,2,1845.28,53.95,345.61
2200,10706516,398340,2025-12-26,5,3259.65,548.74,232.18
2201,19393135,112390,2025-06-12,4,3511.92,514.4,468.58
2202,38957713,659290,2025-10-11,4,1277.36,109.06,124.37
2203,40085705,757274,2025-01-26,3,294.96,48.68,35.8
2204,78209683,891833,2025-04-16,5,2465.95,198.59,424.83
2205,20343501,890232,2025-05-25,1,432.0,49.41,73.08
2206,65382130,516376,2025-10-16,5,4387.15,806.94,611.13
2207,76359458,448752,2025-04-19,4,640.28,95.98,59.0
2208,20940403,487065,2025-04-04,4,1498.72,139.96,169.1
2209,54338574,953175,2025-10-08,2,450.42,52.34,75.74
2210,42272393,70969,2025-02-19,4,2526.8,65.56,485.31
2211,77559557,741341,2025-11-13,3,2771.52,345.79,462.72
2212,767523,36412,2025-10-14,2,795.36,115.56,135.64
2213,3002538,799688,2025-08-31,2,619.24,18.62,116.02
2214,20254516,820541,2025-04-05,4,2304.88,296.99,337.42
2215,71276926,687218,2025-07-17,5,1589.1,263.2,237.69
2216,72942753,692985,2025-08-12,3,592.17,22.75,46.78
2217,50392139,329351,2025-12-12,3,932.61,174.39,94.86
2218,76987910,667163,2025-01-28,4,1764.8,309.98,237.47
2219,88324928,274207,2025-11-13,5,1642.55,318.51,178.98
2220,39093069,962054,2025-09-13,3,50.58,9.66,4.93
2221,13963450,385113,2025-05-29,2,1632.76,305.12,142.69
2222,89784343,487065,2025-06-24,2,749.36,29.59,135.61
2223,28286754,513199,2025-07-29,3,1266.69,70.51,119.06
2224,40626729,679865,2025-01-12,2,695.82,38.22,52.67
2225,59909004,991434,2025-05-11,1,237.62,38.25,28.85
2226,69761993,298985,2025-09-30,2,367.52,45.55,26.0
2227,61982521,661577,2025-02-20,2,1441.9,71.83,245.49
2228,46023497,706112,2025-09-06,3,1436.37,221.07,225.23
2229,85340038,440875,2025-06-05,5,1375.15,237.37,147.54
2230,25128143,799688,2025-07-13,4,1238.48,230.82,194.73
2231,4439806,284460,2025-04-04,3,1517.85,115.6,195.07
2232,48511124,382511,2025-07-09,3,2107.62,40.55,411.76
2233,24144240,15314,2025-01-09,5,2894.25,556.62,413.97
2234,14519263,700048,2025-09-04,3,423.84,5.69,64.84
2235,84382654,767398,2025-09-27,1,22.14,3.83,2.71
2236,61516967,361361,2025-11-25,3,2478.63,3.64,402.93
2237,4200802,89084,2025-12-31,5,2994.15,64.98,546.08
2238,12277039,131136,2025-07-12,1,37.8,6.54,3.42
2239,27727819,807452,2025-09-01,2,288.38,37.41,29.65
2240,3638834,444361,2025-05-02,5,4113.15,50.48,427.43
2241,47335806,6405,2025-09-08,5,1182.55,130.71,88.36
2242,9314637,26060,2025-07-03,2,685.88,122.99,55.5
2243,44859592,757274,2025-01-15,3,294.96,19.83,39.79
2244,93924203,897083,2025-07-03,5,4863.45,781.65,391.12
2245,68939350,951463,2025-08-07,3,2362.2,106.68,296.65
2246,11478478,654297,2025-08-30,4,53.0,4.4,5.54
2247,87889031,153019,2025-09-20,4,3791.8,180.39,526.21
2248,13071673,784673,2025-12-04,3,1474.17,293.55,177.62
2249,75560116,470449,2025-08-16,3,2483.31,124.7,203.83
2250,6025470,604184,2025-07-02,3,1192.65,0.45,146.15
2251,43295656,257719,2025-05-07,5,1408.65,257.76,140.29
2252,48158494,272170,2025-02-02,3,422.4,3.26,70.18
2253,48358028,91670,2025-07-16,3,1317.72,138.66,119.4
2254,11493380,26060,2025-07-25,4,1371.76,269.69,215.14
2255,3096845,760684,2025-07-22,2,143.2,16.09,22.2
2256,15221182,257719,2025-03-16,4,1126.92,2.77,167.99
2257,25294147,435929,2025-04-30,1,856.89,13.41,155.46
2258,54338574,237083,2025-07-16,2,1154.26,216.89,146.82
2259,75732571,552496,2025-10-23,1,508.0,79.0,67.2
2260,19180962,891833,2025-11-04,5,2465.95,345.23,268.11
2261,35885052,566052,2025-02-08,5,436.5,29.05,40.98
2262,57102800,753354,2025-01-22,5,2117.8,324.34,206.64
2263,55733729,366066,2025-04-10,4,3674.32,163.28,454.39
2264,50652909,120385,2025-10-01,1,597.91,27.57,63.15
2265,54619715,952168,2025-10-02,1,236.95,45.16,21.36
2266,11446157,970529,2025-10-27,4,3309.76,254.71,456.63
2267,50527764,257719,2025-10-02,5,1408.65,100.19,259.1
2268,44410149,654623,2025-03-10,1,422.14,54.61,32.68
2269,67708491,564692,2025-07-08,1,215.65,13.0,27.13
2270,4439806,647462,2025-08-06,4,1305.68,141.73,133.82
2271,59094034,679321,2025-04-22,2,1476.92,183.05,125.27
2272,33671354,123983,2025-07-05,3,2357.01,465.24,185.39
2273,6344788,455083,2025-01-31,2,1918.02,149.99,310.47
2274,46682777,712003,2025-04-19,3,2015.04,316.39,178.84
2275,24896263,837480,2025-08-10,4,869.6,113.81,91.74
2276,80850753,848226,2025-12-16,3,628.77,30.8,86.75
2277,85490177,952124,2025-07-22,5,635.4,28.12,99.77
2278,91778474,336847,2025-03-15,1,936.98,48.81,176.32
2279,7591711,623234,2025-08-29,4,1319.16,95.74,237.69
2280,18465047,818990,2025-12-06,1,163.55,7.19,15.8
2281,8228843,114414,2025-09-12,5,4160.3,799.84,517.39
2282,90346920,706112,2025-08-15,3,1436.37,107.8,252.95
2283,83023956,739534,2025-02-08,1,994.56,64.61,168.52
2284,74352908,432617,2025-12-22,3,2589.54,360.33,323.86
2285,28995786,697683,2025-03-08,2,247.48,2.86,21.77
2286,59545278,962591,2025-01-20,5,650.05,67.01,103.48
2287,65368179,18035,2025-12-25,1,968.94,71.43,138.54
2288,31328762,604184,2025-12-03,5,1987.75,91.54,286.22
2289,57526322,820973,2025-12-18,3,343.56,3.4,29.15
2290,87641623,672059,2025-05-21,3,2018.19,192.55,211.47
2291,23081177,578097,2025-09-23,4,1070.44,213.57,100.64
2292,34768050,851978,2025-01-25,2,1431.44,111.64,117.66
2293,43980719,677542,2025-11-17,4,850.44,38.93,155.02
2294,13164195,257719,2025-04-21,1,281.73,44.12,46.15
2295,50518311,930284,2025-03-07,5,947.35,173.46,101.68
2296,26199489,654623,2025-07-12,5,2110.7,336.32,191.3
2297,6247821,291238,2025-10-07,4,2984.12,438.47,281.68
2298,31776996,337168,2025-04-25,3,1636.47,103.73,207.99
2299,15568831,992178,2025-04-17,3,1897.29,171.22,150.75
2300,46088132,257719,2025-01-23,3,845.19,45.27,77.39
2301,27878182,880510,2025-07-29,3,2854.29,199.81,253.63
2302,65895091,734789,2025-09-23,1,395.82,0.67,58.31
2303,31156674,300159,2025-10-30,5,221.75,36.39,30.51
2304,16410708,833557,2025-05-13,4,1691.48,47.41,163.78
2305,87654461,883013,2025-11-09,2,1979.76,272.73,249.33
2306,67829645,491521,2025-03-12,1,556.35,48.57,88.9
2307,57081965,63769,2025-01-04,5,4390.35,275.71,369.67
2308,64106072,578097,2025-05-07,2,535.22,79.18,54.28
2309,77306672,613942,2025-05-17,2,1090.0,58.98,84.02
2310,85907588,890623,2025-07-04,5,1772.6,170.04,193.89
2311,91614690,734789,2025-11-11,3,1187.46,96.99,148.89
2312,85198177,968887,2025-11-12,5,203.5,2.94,21.8
2313,60319216,217710,2025-09-16,4,234.36,22.31,37.89
2314,50899600,667163,2025-09-04,3,1323.6,71.18,142.94
2315,54893418,256783,2025-08-11,5,4532.7,134.42,846.85
2316,77345018,991434,2025-06-07,1,237.62,31.23,26.42
2317,54205055,563740,2025-03-25,1,96.33,13.56,10.82
2318,3399251,642612,2025-06-22,1,517.03,92.25,44.03
2319,30468930,217710,2025-04-19,2,117.18,8.52,19.24
2320,73933840,706112,2025-05-04,4,1915.16,274.15,283.21
2321,72889295,291238,2025-02-21,2,1492.06,223.76,179.05
2322,60834500,697683,2025-09-24,2,247.48,29.23,25.57
2323,32868927,747801,2025-08-30,2,555.52,66.6,96.21
2324,60656482,228286,2025-09-08,2,358.16,16.11,29.57
2325,73377004,891833,2025-05-20,5,2465.95,77.31,289.74
2326,56457995,256051,2025-03-21,2,801.84,69.16,83.17
2327,94179692,114414,2025-02-11,1,832.06,90.83,118.93
2328,74231111,378676,2025-03-20,3,2644.26,140.17,237.34
2329,70168151,913428,2025-11-12,5,1961.1,6.74,276.52
2330,91500615,990993,2025-10-26,2,527.4,18.26,68.25
2331,1529180,94225,2025-07-17,4,308.44,18.68,32.65
2332,41395224,883013,2025-06-17,5,4949.4,488.29,580.08
2333,77961205,606256,2025-01-14,2,738.56,100.62,81.8
2334,11153360,397973,2025-05-17,3,2186.19,202.91,272.22
2335,40692378,171602,2025-10-20,1,883.44,159.71,71.6
2336,16420489,451933,2025-09-09,3,1706.82,230.85,251.76
2337,67918495,94225,2025-10-12,2,154.22,1.02,26.01
2338,88324928,837480,2025-04-19,5,1087.0,182.21,95.91
2339,14079305,15314,2025-02-06,1,578.85,52.56,58.5
2340,70363568,566052,2025-05-18,2,174.6,33.4,13.88
2341,16400639,952168,2025-04-02,2,473.9,3.33,39.05
2342,96109948,313754,2025-07-13,4,546.4,92.45,52.01
2343,22253483,644847,2025-03-16,3,1868.43,277.94,316.35
2344,99361865,799688,2025-08-10,3,928.86,41.04,94.31
2345,31384626,217710,2025-06-21,2,117.18,14.2,17.56
2346,91072336,153019,2025-01-11,4,3791.8,53.23,605.7
2347,57102800,196719,2025-02-21,3,652.5,110.11,85.26
2348,78961097,962054,2025-12-22,2,33.72,1.62,2.72
2349,17159117,264803,2025-10-19,4,3983.92,300.5,516.77
2350,41494867,131937,2025-06-07,2,575.62,100.98,68.97
2351,37309023,107548,2025-06-13,3,2674.8,430.01,432.31
2352,3292927,120385,2025-04-01,3,1793.73,215.04,227.91
2353,57658033,378676,2025-10-04,1,881.42,132.94,122.54
2354,82286725,799952,2025-03-29,1,922.64,172.98,122.4
2355,10830043,114414,2025-01-15,5,4160.3,3.33,426.41
2356,11616535,644847,2025-03-23,5,3114.05,140.3,462.5
2357,89157395,455083,2025-04-07,2,1918.02,177.58,305.91
2358,91196901,313754,2025-02-28,1,136.6,6.24,18.5
2359,86483673,171602,2025-03-24,1,883.44,75.53,82.09
2360,7522036,707935,2025-05-28,2,1641.8,120.55,181.19
2361,1697604,707935,2025-04-27,2,1641.8,44.04,243.64
2362,34853377,133542,2025-05-12,3,205.47,26.3,22.97
2363,98930670,659290,2025-12-13,1,319.34,49.96,40.42
2364,79773912,136533,2025-04-10,3,2478.63,271.38,210.43
2365,19179897,799952,2025-07-25,2,1845.28,194.58,220.79
2366,61618079,747801,2025-05-09,3,833.28,132.55,96.51
2367,72393904,525531,2025-04-28,2,1662.2,1.34,175.4
2368,75073623,378230,2025-08-02,5,832.1,99.24,116.59
2369,99412119,432617,2025-01-12,4,3452.72,491.58,412.09
2370,21409946,243235,2025-09-26,3,327.09,45.84,51.44
2371,56195475,361361,2025-10-09,3,2478.63,353.49,364.35
2372,25287111,398340,2025-06-12,3,1955.79,262.45,242.02
2373,38808614,397973,2025-12-23,4,2914.92,225.51,384.96
2374,13071673,327290,2025-02-20,2,1724.56,212.15,295.88
2375,76218218,194682,2025-07-23,2,1824.58,153.23,177.12
2376,35420673,589812,2025-02-18,2,326.06,62.68,44.14
2377,30367559,376447,2025-02-09,2,1449.68,98.56,133.69
2378,50286371,124290,2025-05-12,4,158.6,9.49,22.54
2379,85831746,131136,2025-04-11,1,37.8,7.22,5.13
2380,243838,833557,2025-07-18,5,2114.35,353.53,163.93
2381,8205155,880510,2025-12-24,2,1902.86,316.08,152.63
2382,10524732,131748,2025-01-10,4,325.4,62.64,22.32
2383,97286925,888807,2025-05-30,2,461.16,46.24,79.34
2384,8881320,274207,2025-05-06,3,985.53,163.02,68.52
2385,38875754,432617,2025-09-19,4,3452.72,574.81,269.62
2386,79155946,667163,2025-07-06,5,2206.0,200.55,380.42
2387,7288562,77308,2025-02-24,5,1116.35,102.27,192.34
2388,73393269,291238,2025-02-12,5,3730.15,631.59,469.01
2389,60967677,677542,2025-05-20,4,850.44,164.34,89.67
2390,18199057,871592,2025-07-14,5,4351.45,196.78,811.89
2391,50518311,925482,2025-12-02,5,2375.2,374.87,177.22
2392,63292875,123983,2025-02-04,1,785.67,82.75,87.42
2393,53299455,91670,2025-09-29,3,1317.72,252.4,175.65
2394,61226563,992178,2025-02-03,1,632.43,84.51,45.99
2395,17521263,883013,2025-03-07,3,2969.64,202.73,552.14
2396,22227829,53833,2025-03-22,1,134.69,11.54,22.76
2397,46504355,6405,2025-11-11,1,236.51,20.44,31.25
2398,89028323,784673,2025-12-24,3,1474.17,269.65,179.24
2399,91602727,914071,2025-08-27,5,1484.7,1.59,228.79
2400,49617531,33955,2025-06-06,2,372.16,26.88,52.75
2401,39957741,552883,2025-06-10,4,3552.64,549.24,477.93
2402,5226128,298985,2025-11-10,5,918.8,153.13,62.38
2403,4862761,658389,2025-08-22,5,762.75,91.9,114.05
2404,37947202,131748,2025-09-28,4,325.4,46.74,33.31
2405,81584486,564692,2025-06-12,5,1078.25,63.24,153.25
2406,94281220,762527,2025-02-22,2,1380.16,49.07,122.71
2407,65903057,644847,2025-01-20,1,622.81,98.01,44.05
2408,773410,6405,2025-11-18,3,709.53,12.81,104.99
2409,10605484,945635,2025-03-28,3,2336.7,464.34,160.3
2410,81940825,937542,2025-09-18,4,388.16,76.67,49.68
2411,3638834,969851,2025-10-01,2,681.32,50.31,110.38
2412,52075070,567671,2025-03-21,4,1673.92,230.33,192.23
2413,89867195,365132,2025-04-17,3,688.14,15.37,87.36
2414,31527100,478531,2025-05-03,1,825.46,26.09,131.91
2415,1562083,18035,2025-07-05,2,1937.88,114.89,212.33
2416,4543215,897083,2025-02-26,2,1945.38,249.72,263.29
2417,12769552,114414,2025-03-20,3,2496.18,379.77,194.07
2418,98444183,621677,2025-07-06,5,1589.0,286.72,148.75
2419,12272282,449106,2025-06-09,4,194.2,17.93,31.24
2420,94713625,669378,2025-12-31,3,636.42,104.25,49.06
2421,87536050,91670,2025-03-04,4,1756.96,126.02,138.8
2422,2928026,70969,2025-07-01,5,3158.5,337.54,520.64
2423,24581427,513199,2025-01-13,1,422.23,67.98,53.86
2424,25595836,449106,2025-11-16,1,48.55,1.75,4.5
2425,9246851,240179,2025-07-04,3,271.68,47.47,39.95
2426,28205701,537274,2025-11-23,2,1405.42,246.24,208.75
2427,954629,990993,2025-08-14,4,1054.8,155.51,153.63
2428,26863280,89084,2025-02-13,2,1197.66,15.61,131.8
2429,65570302,604184,2025-06-29,5,1987.75,67.11,329.03
2430,64748953,647462,2025-08-27,3,979.26,2.07,178.57
2431,56248757,9436,2025-05-09,5,442.15,87.92,60.08
2432,62917794,240179,2025-02-06,5,452.8,71.85,65.09
2433,32564478,440875,2025-06-27,5,1375.15,36.32,219.66
2434,12698783,953175,2025-07-07,2,450.42,16.47,56.6
2435,96434674,513199,2025-03-10,5,2111.15,411.47,307.08
2436,84448310,760684,2025-01-17,4,286.4,29.89,46.28
2437,23976957,951463,2025-03-27,3,2362.2,229.85,368.33
2438,81160474,927651,2025-05-17,3,1280.16,193.11,171.37
2439,24032469,284460,2025-11-01,5,2529.75,494.79,367.1
2440,20835909,592784,2025-10-03,5,1401.75,237.37,185.84
2441,64722323,256051,2025-03-01,1,400.92,39.95,47.76
2442,41181125,15314,2025-07-06,4,2315.4,106.79,190.29
2443,52234494,36412,2025-11-07,4,1590.72,198.96,231.59
2444,1624115,970529,2025-08-26,2,1654.88,276.44,186.61
2445,96795047,455083,2025-09-17,5,4795.05,417.42,554.53
2446,58893807,684939,2025-04-30,2,1455.9,152.77,255.65
2447,7591711,739448,2025-02-16,1,755.66,103.15,122.65
2448,59840071,114414,2025-05-28,5,4160.3,453.95,306.41
2449,35782051,953175,2025-08-31,3,675.63,20.42,57.45
2450,89950235,462526,2025-02-22,2,899.94,116.38,126.49
2451,97150234,913428,2025-05-24,3,1176.66,80.42,134.29
2452,38565569,969851,2025-04-10,4,1362.64,89.58,121.7
2453,69516494,832348,2025-02-04,1,831.43,149.44,120.57
2454,89472859,433521,2025-07-12,2,642.66,122.99,81.47
2455,81808190,644847,2025-02-14,2,1245.62,68.4,99.42
2456,3660263,57405,2025-07-11,2,1215.34,122.42,90.0
2457,12814732,287070,2025-12-03,5,2215.85,393.15,237.25
2458,57537308,63769,2025-02-20,4,3512.28,385.13,402.1
2459,69034027,9436,2025-02-17,2,176.86,23.45,14.45
2460,83267752,449106,2025-01-05,1,48.55,4.34,6.79
2461,93122847,890623,2025-02-03,3,1063.56,87.3,78.1
2462,81377917,784827,2025-10-21,3,822.75,11.14,79.89
2463,84847500,120532,2025-05-14,5,3487.65,81.38,516.9
2464,67340606,82484,2025-09-03,5,4574.4,365.1,667.64
2465,31826,726958,2025-01-15,3,2662.44,213.29,267.65
2466,79630614,373536,2025-10-11,4,1976.68,287.24,211.44
2467,49795571,91670,2025-08-30,1,439.24,69.9,42.81
2468,36400756,689769,2025-09-21,5,233.1,36.54,16.66
2469,14167111,621677,2025-02-26,1,317.8,33.48,44.56
2470,90346920,487065,2025-02-22,2,749.36,116.69,82.89
2471,87457446,812607,2025-01-19,1,416.65,50.38,67.91
2472,67465084,313754,2025-03-23,3,409.8,63.91,58.95
2473,70820304,832348,2025-12-21,3,2494.29,315.46,353.31
2474,12277039,799459,2025-04-08,4,3408.08,481.78,400.97
2475,76359458,659290,2025-01-17,3,958.02,179.57,96.4
2476,59824662,196719,2025-05-13,1,217.5,42.89,30.25
2477,3410758,552496,2025-06-22,2,1016.0,111.63,169.83
2478,26040510,114414,2025-04-12,4,3328.24,185.28,283.76
2479,13424885,473647,2025-06-19,2,86.1,5.66,7.71
2480,11153360,894539,2025-08-06,2,890.96,169.57,99.56
2481,68159723,63769,2025-07-30,5,4390.35,164.48,833.33
2482,4789829,257719,2025-12-01,1,281.73,47.99,36.62
2483,90621147,382511,2025-07-31,4,2810.16,151.98,479.61
2484,65963876,118820,2025-10-24,2,24.64,4.47,1.91
2485,66827191,561860,2025-07-24,3,2624.34,446.35,388.93
2486,82854537,33955,2025-08-17,5,930.4,114.78,74.15
2487,88067569,991434,2025-03-29,4,950.48,51.23,96.73
2488,37633848,196719,2025-09-20,2,435.0,47.36,49.97
2489,11071601,712003,2025-05-01,4,2686.72,271.82,432.56
2490,80850753,313754,2025-11-19,3,409.8,69.43,32.27
2491,29272253,305754,2025-09-08,3,2939.97,441.19,385.9
2492,71607166,18035,2025-05-29,5,4844.7,815.96,466.13
2493,99594960,587420,2025-12-08,1,357.42,60.71,44.44
2494,12141418,500739,2025-11-13,3,1079.94,167.32,167.09
2495,50630016,491314,2025-05-17,5,4867.2,104.96,824.03
2496,78158536,925482,2025-09-22,3,1425.12,197.63,114.28
2497,91291123,112390,2025-09-02,1,877.98,92.41,136.88
2498,53100521,832348,2025-12-26,1,831.43,84.98,100.15
2499,81091233,154179,2025-11-02,5,2914.35,17.53,315.05
2500,44859592,491521,2025-04-03,1,556.35,49.81,58.91
2501,63802820,67197,2025-06-19,4,2208.8,203.09,334.25
2502,23567263,965755,2025-12-09,5,2662.85,96.35,225.02
2503,899941,53833,2025-07-16,3,404.07,33.21,56.79
2504,61516967,949818,2025-07-19,1,483.05,66.89,76.72
2505,4200802,747801,2025-08-14,3,833.28,2.82,156.58
2506,75828735,120532,2025-06-13,1,697.53,69.76,103.83
2507,78157360,837480,2025-12-27,5,1087.0,123.54,128.17
2508,23676689,516376,2025-04-05,5,4387.15,214.68,522.94
2509,76020843,914071,2025-07-02,1,296.94,17.26,43.41
2510,10706516,367391,2025-04-01,4,3758.2,120.52,598.05
2511,46313756,365132,2025-11-17,1,229.38,7.36,42.69
2512,9551011,15314,2025-07-05,4,2315.4,331.13,372.76
2513,91500615,440875,2025-06-30,1,275.03,52.84,18.45
2514,66827191,26060,2025-08-24,5,1714.7,312.26,269.6
2515,64197854,820541,2025-05-16,5,2881.1,251.75,283.17
2516,67215939,478531,2025-08-14,3,2476.38,99.21,359.23
2517,10038382,679865,2025-07-13,4,1391.64,272.98,150.17
2518,63368244,112390,2025-04-14,5,4389.9,659.49,479.96
2519,79764458,880510,2025-05-08,2,1902.86,231.13,202.2
2520,56250563,532965,2025-05-23,1,307.23,51.89,50.47
2521,69126963,687218,2025-06-07,1,317.82,48.28,50.6
2522,40626729,832348,2025-09-26,1,831.43,80.27,102.32
2523,8733344,679865,2025-02-22,4,1391.64,142.36,166.32
2524,17521263,39154,2025-04-18,5,4734.3,653.75,815.38
2525,85177880,317242,2025-02-01,5,990.75,57.5,127.11
2526,99729547,516376,2025-06-30,3,2632.29,283.27,318.13
2527,80404839,709916,2025-08-15,5,168.8,9.31,27.26
2528,69761993,839170,2025-11-02,2,963.26,115.9,107.99
2529,12698783,274207,2025-03-29,5,1642.55,62.5,171.04
2530,89910157,444361,2025-02-06,4,3290.52,37.4,522.93
2531,8122530,337168,2025-06-14,4,2181.96,221.93,254.17
2532,5607734,537274,2025-11-01,1,702.71,83.53,71.54
2533,14458150,945635,2025-07-20,2,1557.8,219.62,187.14
2534,77961205,451933,2025-06-28,2,1137.88,173.6,131.87
2535,63339001,739534,2025-07-04,3,2983.68,426.81,344.03
2536,72667140,264803,2025-07-25,4,3983.92,354.08,456.81
2537,13461704,692985,2025-08-13,4,789.56,65.52,122.56
2538,50652833,799459,2025-05-23,4,3408.08,105.33,366.75
2539,31569754,228286,2025-03-06,4,716.32,95.68,64.31
2540,34787383,219598,2025-11-22,1,367.08,19.13,66.06
2541,79895967,492958,2025-05-09,2,168.4,7.22,15.43
2542,14472401,481843,2025-01-15,4,1190.72,218.15,89.54
2543,48284116,952168,2025-01-26,3,710.85,30.19,72.72
2544,29902416,36412,2025-08-14,3,1193.04,162.01,153.52
2545,80850753,228286,2025-01-17,5,895.4,117.41,89.25
2546,54205055,833557,2025-10-31,5,2114.35,372.86,289.21
2547,64316806,490939,2025-08-23,2,160.5,5.9,13.01
2548,28458746,60619,2025-02-07,3,2179.23,71.19,218.41
2549,93730857,319388,2025-09-06,5,3289.0,438.88,372.37
2550,2517955,658389,2025-05-20,1,152.55,7.58,25.14
2551,79298972,542300,2025-04-14,4,1021.4,58.79,143.92
2552,72797139,863930,2025-12-01,1,242.57,26.97,27.05
2553,89699655,537274,2025-10-13,3,2108.13,404.35,222.76
2554,33871107,687218,2025-10-07,4,1271.28,9.21,235.18
2555,75028268,36412,2025-08-14,5,1988.4,113.56,204.51
2556,43574734,767398,2025-06-23,4,88.56,12.22,10.16
2557,60591625,256051,2025-04-03,3,1202.76,31.59,182.48
2558,10210309,654623,2025-10-24,5,2110.7,295.96,183.87
2559,31233120,171602,2025-12-04,3,2650.32,303.98,237.57
2560,90372221,557908,2025-08-12,4,3769.48,728.9,393.85
2561,85519349,378676,2025-04-26,1,881.42,160.53,91.96
2562,16376189,140154,2025-09-27,5,856.0,36.84,100.34
2563,85561151,689769,2025-03-07,5,233.1,42.7,16.65
2564,51048402,820541,2025-06-04,4,2304.88,103.21,200.25
2565,91768226,611575,2025-04-08,3,1446.18,244.95,198.71
2566,91408854,684939,2025-02-17,1,727.95,49.04,130.44
2567,46629917,848226,2025-02-07,4,838.36,28.62,106.03
2568,70976153,659290,2025-07-19,5,1596.7,264.08,142.56
2569,98225598,914071,2025-10-30,5,1484.7,123.43,134.14
2570,44050697,812607,2025-12-19,5,2083.25,51.64,332.6
2571,12272282,194682,2025-04-23,4,3649.16,343.02,632.28
2572,81337068,228286,2025-03-16,3,537.24,86.75,67.91
2573,70170606,723678,2025-06-21,4,2701.84,38.02,443.02
2574,14294171,196719,2025-08-01,2,435.0,24.6,34.82
2575,95590889,888807,2025-04-27,4,922.32,176.07,97.52
2576,61020,317242,2025-11-27,2,396.3,29.47,68.66
2577,82134278,687218,2025-07-20,4,1271.28,175.08,102.09
2578,8383197,373536,2025-10-05,4,1976.68,247.92,179.83
2579,9195970,644847,2025-12-30,3,1868.43,341.29,227.21
2580,76512976,679321,2025-07-18,3,2215.38,115.06,203.57
2581,37691544,60619,2025-06-06,1,726.41,140.98,74.95
2582,37926207,26060,2025-02-02,3,1028.82,148.08,88.15
2583,1507408,741341,2025-11-23,3,2771.52,444.0,289.55
2584,70363568,942001,2025-08-09,4,2686.2,443.9,278.44
2585,5712468,604184,2025-03-09,3,1192.65,134.89,92.81
2586,78572233,799952,2025-10-05,4,3690.56,174.45,371.74
2587,59619739,991434,2025-11-20,2,475.24,34.79,36.57
2588,1491857,721521,2025-12-05,5,2086.95,135.82,294.87
2589,25659794,219598,2025-11-08,4,1468.32,119.38,150.8
2590,10789681,762527,2025-07-27,1,690.08,66.86,68.86
2591,57526322,51036,2025-01-08,4,3726.44,9.55,339.61
2592,71615827,552496,2025-08-24,4,2032.0,238.3,266.71
2593,60062501,491521,2025-02-24,4,2225.4,319.08,267.39
2594,5140660,144124,2025-04-18,3,488.01,73.24,52.29
2595,36517334,18035,2025-04-20,5,4844.7,765.73,792.14
2596,59197894,930284,2025-07-10,3,568.41,3.48,109.46
2597,10285414,903336,2025-08-31,2,1103.76,54.23,128.95
2598,36428139,903336,2025-06-16,4,2207.52,227.32,237.39
2599,43799224,34186,2025-08-03,1,925.65,71.15,99.06
2600,42514124,18035,2025-10-09,3,2906.82,161.46,490.55
2601,22915611,818990,2025-03-13,4,654.2,64.69,115.11
2602,42227189,373536,2025-08-09,5,2470.85,261.55,195.12
2603,91566278,473929,2025-11-09,1,440.19,72.18,38.61
2604,55042740,707935,2025-01-05,5,4104.5,743.8,661.34
2605,46885873,542300,2025-12-04,5,1276.75,58.29,201.49
2606,72797139,15314,2025-09-01,1,578.85,70.37,99.98
2607,59824662,704868,2025-12-06,1,193.46,1.38,24.62
2608,72089140,324809,2025-10-31,4,2432.0,160.3,214.93
2609,34580200,672059,2025-07-25,5,3363.65,317.3,393.15
2610,81763298,681063,2025-01-17,4,1285.12,67.74,118.3
2611,25287111,951463,2025-05-06,2,1574.8,119.28,267.9
2612,57809174,513199,2025-09-09,3,1266.69,33.27,198.35
2613,90144978,272170,2025-04-11,3,422.4,1.47,58.59
2614,8025622,644847,2025-11-22,1,622.81,47.79,90.22
2615,74572121,621677,2025-08-22,4,1271.2,224.49,132.65
2616,75828735,140154,2025-04-02,5,856.0,73.13,126.29
2617,6150721,274207,2025-01-22,1,328.51,8.69,46.92
2618,71767248,6405,2025-08-25,2,473.02,81.89,55.29
2619,35420673,992178,2025-11-23,3,1897.29,198.79,228.25
2620,10210309,961614,2025-09-02,3,681.66,114.77,78.31
2621,64846124,613942,2025-04-21,3,1635.0,166.95,231.2
2622,8628482,891833,2025-01-14,4,1972.76,357.7,198.63
2623,60385293,274207,2025-06-03,2,657.02,120.48,70.7
2624,87059497,969851,2025-11-23,2,681.32,65.61,79.82
2625,93938425,839170,2025-05-03,3,1444.89,97.82,184.5
2626,91320466,871592,2025-05-19,4,3481.16,187.37,528.22
2627,87266831,451812,2025-08-10,4,2123.4,299.85,160.2
2628,15221182,540618,2025-01-07,4,1268.2,63.65,138.01
2629,82025691,589812,2025-11-17,3,489.09,69.64,42.28
2630,48188624,589812,2025-03-13,4,652.12,105.86,49.51
2631,83597876,9436,2025-07-15,2,176.86,5.39,22.73
2632,93826036,832348,2025-04-15,4,3325.72,78.53,499.69
2633,18140588,901144,2025-05-24,5,1701.8,206.1,171.82
2634,88550139,812607,2025-06-24,2,833.3,127.21,72.98
2635,10769994,833557,2025-12-04,5,2114.35,141.86,247.36
2636,26412689,228286,2025-01-07,4,716.32,29.86,74.55
2637,98152679,378230,2025-01-24,2,332.84,22.52,28.89
2638,6992801,927651,2025-05-12,4,1706.88,241.07,163.55
2639,92509376,82484,2025-12-17,3,2744.64,374.67,216.23
2640,94137242,723678,2025-05-03,5,3377.3,317.79,607.77
2641,63971358,555121,2025-10-03,3,1064.73,77.01,150.82
2642,6756256,373536,2025-10-07,2,988.34,9.19,88.76
2643,91024604,692985,2025-10-25,2,394.78,2.37,52.59
2644,3002538,367391,2025-07-30,4,3758.2,162.26,339.99
2645,96806748,760684,2025-05-29,5,358.0,33.2,33.73
2646,95382317,298985,2025-12-29,4,735.04,75.88,62.17
2647,5607734,762527,2025-09-08,3,2070.24,76.44,352.59
2648,4386273,36412,2025-12-20,4,1590.72,40.78,139.54
2649,30029998,953175,2025-01-25,1,225.21,1.03,27.02
2650,6367136,451812,2025-04-30,3,1592.55,74.06,160.41
2651,59345983,925482,2025-02-08,2,950.08,150.53,148.72
2652,74231111,552496,2025-08-03,1,508.0,27.08,60.64
2653,79866758,361361,2025-03-05,5,4131.05,667.34,540.19
2654,42432226,516376,2025-12-22,4,3509.72,645.82,357.08
2655,10605484,799952,2025-09-16,3,2767.92,390.16,353.7
2656,53886685,706112,2025-08-18,5,2393.95,129.96,220.61
2657,22210238,561860,2025-07-06,1,874.78,9.88,128.98
2658,11143197,500739,2025-05-05,1,359.98,32.81,57.98
2659,11228463,451812,2025-07-09,5,2654.25,274.37,352.73
2660,33472376,723678,2025-12-21,2,1350.92,160.42,190.32
2661,18256339,604184,2025-02-22,3,1192.65,193.18,90.3
2662,84862161,592784,2025-06-20,4,1121.4,212.77,142.7
2663,46717997,274207,2025-06-24,3,985.53,99.52,117.46
2664,36833857,492958,2025-06-16,1,84.2,7.43,14.32
2665,14161586,317242,2025-01-01,3,594.45,106.47,82.44
2666,97111119,137909,2025-12-19,1,864.3,21.86,123.51
2667,5418547,592784,2025-09-17,2,560.7,49.12,72.77
2668,93198324,82484,2025-12-20,3,2744.64,369.86,418.91
2669,26432512,587645,2025-06-09,3,2405.43,200.01,241.36
2670,20951294,968887,2025-06-19,5,203.5,21.2,26.08
2671,43034188,540618,2025-07-15,5,1585.25,41.41,277.16
2672,39968800,667163,2025-03-28,4,1764.8,318.42,255.08
2673,98211325,70969,2025-07-26,1,631.7,26.14,82.52
2674,98896871,82484,2025-04-06,3,2744.64,532.55,361.13
2675,12531927,679284,2025-09-12,3,2633.67,12.95,361.41
2676,84275450,228286,2025-08-15,3,537.24,37.69,80.6
2677,28499191,376447,2025-04-20,5,3624.2,607.59,469.21
2678,20238921,540618,2025-09-04,5,1585.25,263.14,136.67
2679,15391556,578097,2025-04-05,2,535.22,60.5,44.89
2680,97770901,600767,2025-10-19,1,722.42,7.89,136.28
2681,82032191,36412,2025-05-25,4,1590.72,127.23,175.81
2682,91291123,820973,2025-04-20,1,114.52,1.1,13.48
2683,22081691,661577,2025-09-02,2,1441.9,15.97,146.43
2684,71771782,473929,2025-01-12,3,1320.57,216.45,219.42
2685,75082508,365132,2025-05-01,2,458.76,18.21,85.21
2686,78157360,513199,2025-11-10,1,422.23,31.17,54.32
2687,95971469,14145,2025-04-26,1,630.84,91.68,54.16
2688,87059497,953175,2025-12-13,3,675.63,101.56,90.2
2689,81046421,6405,2025-09-19,2,473.02,2.88,66.07
2690,89361574,606256,2025-01-29,2,738.56,111.85,91.39
2691,81822494,837480,2025-09-30,5,1087.0,54.93,178.21
2692,27304827,992178,2025-12-17,4,2529.72,71.09,353.19
2693,37802267,654623,2025-10-12,1,422.14,0.21,59.95
2694,53332493,954722,2025-08-10,4,2465.8,187.15,428.19
2695,93924203,883013,2025-03-20,4,3959.52,36.11,643.0
2696,57896058,153019,2025-03-24,4,3791.8,543.8,472.07
2697,48000260,602241,2025-09-03,3,2929.65,409.71,293.98
2698,44562310,14145,2025-02-07,1,630.84,62.18,61.8
2699,9738801,140154,2025-01-16,5,856.0,45.44,129.69
2700,34668988,659290,2025-05-06,2,638.68,80.04,55.28
2701,25587553,397973,2025-06-29,5,3643.65,246.59,674.81
2702,8632679,306177,2025-03-31,5,3846.2,254.03,601.82
2703,14974554,673058,2025-12-14,4,3063.04,606.87,471.27
2704,98709982,803607,2025-07-09,2,1899.46,75.42,207.98
2705,50953418,587645,2025-06-01,2,1603.62,188.7,130.84
2706,57523973,500633,2025-01-11,1,154.5,6.43,12.18
2707,14479168,455083,2025-09-27,3,2877.03,223.55,351.72
2708,66485571,305754,2025-07-27,2,1959.98,229.76,249.23
2709,29525287,219598,2025-02-28,5,1835.4,273.86,158.9
2710,97185284,689769,2025-03-08,3,139.86,11.09,14.22
2711,15484407,914071,2025-01-20,5,1484.7,238.17,199.09
2712,46185579,578097,2025-01-19,4,1070.44,194.48,157.58
2713,13567338,300159,2025-06-10,1,44.35,4.09,5.38
2714,78961097,803607,2025-05-14,4,3798.92,358.34,391.84
2715,17929886,131937,2025-08-11,5,1439.05,171.67,153.32
2716,31940833,33955,2025-02-27,1,186.08,6.77,34.87
2717,68219091,883013,2025-04-16,2,1979.76,351.18,285.03
2718,21409946,196719,2025-10-12,2,435.0,54.37,70.98
2719,68754962,704868,2025-12-01,5,967.3,78.9,177.18
2720,77811864,623234,2025-04-28,4,1319.16,148.89,181.1
2721,40667183,36412,2025-05-08,1,397.68,27.28,69.17
2722,63238941,287070,2025-11-12,5,2215.85,275.88,270.0
2723,49769532,952124,2025-03-21,3,381.24,64.75,42.16
2724,60757351,373536,2025-05-25,2,988.34,154.02,95.95
2725,30116949,196719,2025-10-24,5,1087.5,54.08,155.55
2726,50632192,992178,2025-03-17,3,1897.29,370.38,192.2
2727,12305040,771228,2025-05-24,2,166.36,12.17,21.89
2728,23286884,354409,2025-01-20,5,1625.4,314.68,219.56
2729,23095784,993331,2025-11-06,4,409.76,16.87,52.54
2730,93341057,500739,2025-09-04,5,1799.9,191.42,316.9
2731,31978160,444361,2025-07-07,5,4113.15,525.69,682.11
2732,12302179,757274,2025-01-08,4,393.28,16.46,37.19
2733,5751638,131937,2025-08-14,4,1151.24,128.31,178.52
2734,74231111,965755,2025-02-11,5,2662.85,62.15,442.39
2735,50572914,799688,2025-09-23,4,1238.48,10.26,194.71
2736,78254569,876139,2025-05-28,2,831.5,101.07,136.12
2737,24621386,237083,2025-01-31,5,2885.65,358.64,264.94
2738,35156679,820973,2025-01-15,2,229.04,32.54,17.33
2739,22077605,385113,2025-05-20,4,3265.52,507.4,227.79
2740,21270783,451933,2025-02-15,3,1706.82,144.29,161.67
2741,35420673,863930,2025-09-02,1,242.57,9.88,39.63
2742,77961205,500739,2025-03-31,4,1439.92,284.15,113.42
2743,75137446,451812,2025-04-09,3,1592.55,258.09,144.89
2744,57967753,901144,2025-10-05,1,340.36,63.17,24.25
2745,76512976,820541,2025-05-24,2,1152.44,123.38,145.02
2746,67696145,448752,2025-09-10,1,160.07,4.34,17.15
2747,13383642,945635,2025-07-19,1,778.9,113.88,127.24
2748,85020453,647462,2025-10-12,5,1632.1,52.62,133.28
2749,74572121,658389,2025-07-20,2,305.1,5.76,24.19
2750,39999278,949818,2025-01-01,1,483.05,30.8,44.8
2751,54952806,317242,2025-06-10,3,594.45,97.44,80.05
2752,59323931,433521,2025-06-30,3,963.99,91.06,141.76
2753,22020776,525531,2025-07-31,5,4155.5,774.59,417.45
2754,23984022,890623,2025-06-04,3,1063.56,59.49,154.12
2755,77921718,114414,2025-11-07,4,3328.24,419.26,346.63
2756,4192351,883013,2025-07-02,5,4949.4,682.15,357.86
2757,96511007,36412,2025-08-23,4,1590.72,32.19,196.36
2758,87444738,880510,2025-05-31,1,951.43,147.2,122.47
2759,54748429,327290,2025-05-08,3,2586.84,332.23,382.41
2760,99406165,114414,2025-03-29,3,2496.18,118.65,295.93
2761,3491230,734789,2025-03-27,1,395.82,7.04,57.35
2762,79592021,706112,2025-04-14,2,957.58,130.11,146.19
2763,71755645,513199,2025-09-23,2,844.46,85.25,92.9
2764,36142455,264803,2025-08-25,2,1991.96,141.69,236.61
2765,26935187,425341,2025-07-25,3,1458.84,90.39,126.99
2766,23961725,954722,2025-06-04,1,616.45,84.35,66.13
2767,92091019,753354,2025-07-01,5,2117.8,191.76,269.38
2768,46717997,455083,2025-08-28,5,4795.05,187.48,456.07
2769,23984022,771228,2025-09-07,1,83.18,4.2,13.59
2770,11047835,712003,2025-05-05,2,1343.36,109.09,186.24
2771,9097480,366066,2025-04-14,1,918.58,82.92,142.94
2772,66827191,901144,2025-05-13,3,1021.08,32.53,89.94
2773,62868582,146840,2025-01-26,3,2360.55,268.66,307.92
2774,30373140,687218,2025-09-10,2,635.64,36.38,99.87
2775,81940825,952124,2025-01-14,3,381.24,7.94,42.26
2776,76604145,587645,2025-10-07,1,801.81,136.24,103.0
2777,31681710,901144,2025-07-16,1,340.36,43.42,28.16
2778,84257716,451812,2025-06-10,2,1061.7,153.01,73.97
2779,86487478,760828,2025-09-28,3,1690.35,194.48,204.74
2780,48765625,18035,2025-06-23,2,1937.88,377.81,156.06
2781,84848018,555121,2025-04-15,5,1774.55,110.52,245.25
2782,86045277,723678,2025-03-18,4,2701.84,314.36,375.66
2783,20148223,883013,2025-08-20,2,1979.76,366.54,219.69
2784,25641500,784827,2025-05-30,5,1371.25,145.98,121.78
2785,66886852,14145,2025-07-14,5,3154.2,453.62,254.61
2786,70966268,753354,2025-09-15,2,847.12,96.36,65.52
2787,22321208,194682,2025-04-22,4,3649.16,67.64,474.14
2788,33370343,704868,2025-01-18,3,580.38,79.86,82.49
2789,83412446,799688,2025-03-18,1,309.62,36.01,46.19
2790,63292875,883013,2025-04-19,1,989.88,20.7,101.18
2791,28205701,739448,2025-09-13,1,755.66,95.2,74.21
2792,48511124,196719,2025-04-29,5,1087.5,160.53,84.73
2793,49152878,818522,2025-11-05,5,480.45,55.57,82.13
2794,81605722,222892,2025-09-09,2,1738.44,206.28,179.58
2795,78209683,871592,2025-02-08,1,870.29,76.12,103.22
2796,66023110,739448,2025-06-12,3,2266.98,424.63,173.19
2797,53076417,859361,2025-10-12,2,864.78,5.19,153.23
2798,20343501,41853,2025-06-13,4,3641.76,110.8,476.61
2799,63083547,171602,2025-07-06,4,3533.76,118.24,368.59
2800,1507408,376447,2025-10-02,1,724.84,57.89,62.74
2801,15796277,876139,2025-07-25,3,1247.25,60.25,166.53
2802,13581527,679284,2025-06-18,3,2633.67,266.94,405.08
2803,16484167,961614,2025-03-01,2,454.44,80.27,64.38
2804,62323608,133542,2025-11-26,2,136.98,14.6,11.28
2805,48033969,91670,2025-08-15,4,1756.96,171.59,276.78
2806,44723662,327290,2025-12-07,2,1724.56,45.14,325.28
2807,23434261,298985,2025-11-14,3,551.28,14.5,85.39
2808,21677923,256051,2025-05-17,4,1603.68,284.47,218.87
2809,50630016,118820,2025-10-03,2,24.64,3.21,1.99
2810,20209237,4452,2025-09-02,1,169.88,26.86,11.49
2811,78394303,382511,2025-09-19,5,3512.7,539.98,501.13
2812,27727819,833557,2025-02-12,2,845.74,156.82,132.86
2813,31026200,264803,2025-04-04,1,995.98,158.33,134.4
2814,38568692,820541,2025-09-06,4,2304.88,182.79,398.68
2815,74761384,373536,2025-06-09,1,494.17,77.84,58.69
2816,98540377,328457,2025-01-13,4,3434.28,139.83,576.09
2817,23434261,490939,2025-07-10,2,160.5,7.48,25.38
2818,77559557,930284,2025-01-01,5,947.35,182.04,85.11
2819,83867512,219598,2025-01-13,4,1468.32,44.24,230.3
2820,54799731,880510,2025-09-14,5,4757.15,691.13,604.44
2821,52862822,654297,2025-08-25,3,39.75,4.78,6.45
2822,70965437,753354,2025-05-09,3,1270.68,115.04,190.85
2823,48368085,820541,2025-11-19,2,1152.44,24.57,150.5
2824,39261715,953175,2025-10-18,1,225.21,43.82,31.67
2825,47515046,833557,2025-01-09,5,2114.35,366.73,199.56
2826,63402854,264803,2025-05-28,4,3983.92,242.49,545.9
2827,84862161,491314,2025-04-29,5,4867.2,817.59,757.36
2828,43980719,328457,2025-01-13,2,1717.14,55.22,247.36
2829,14994388,60619,2025-11-03,1,726.41,76.32,89.24
2830,63971358,871592,2025-10-06,5,4351.45,456.09,454.97
2831,39042103,300159,2025-01-01,5,221.75,9.25,20.02
2832,68486301,968887,2025-11-26,4,162.8,14.03,29.74
2833,76512976,67197,2025-08-26,2,1104.4,79.59,140.46
2834,31582950,140154,2025-11-07,3,513.6,48.54,53.0
2835,14294171,4452,2025-05-27,3,509.64,57.62,67.88
2836,3483295,747801,2025-03-30,2,555.52,39.29,68.15
2837,90647204,561860,2025-03-30,2,1749.56,67.96,185.65
2838,63060947,600767,2025-09-17,3,2167.26,408.11,305.98
2839,17843667,11422,2025-01-05,4,508.64,65.47,39.44
2840,41395224,432617,2025-08-25,2,1726.36,168.67,241.76
2841,2164524,243235,2025-01-28,2,218.06,41.78,21.18
2842,72164737,993331,2025-09-18,5,512.2,98.9,37.97
2843,17696094,799459,2025-08-18,5,4260.1,86.84,610.76
2844,87222820,567671,2025-09-12,4,1673.92,326.39,149.84
2845,66629497,77308,2025-08-02,4,893.08,33.73,80.71
2846,83964902,799688,2025-08-31,3,928.86,84.28,165.98
2847,20951294,41853,2025-11-09,1,910.44,86.03,84.23
2848,4439806,313754,2025-01-24,5,683.0,52.26,101.62
2849,99729547,490602,2025-06-17,2,1098.94,74.87,158.36
2850,19771128,684939,2025-08-29,2,1455.9,200.32,231.27
2851,45383958,871592,2025-09-05,2,1740.58,106.57,134.29
2852,55803572,516376,2025-01-12,5,4387.15,521.11,417.91
2853,55733729,552496,2025-04-25,3,1524.0,112.82,246.69
2854,61516967,451812,2025-02-02,5,2654.25,442.82,245.14
2855,45112520,697683,2025-05-07,2,247.48,47.44,25.9
2856,3844290,240179,2025-07-02,3,271.68,50.71,42.12
2857,12755730,890623,2025-09-08,2,709.04,117.7,106.19
2858,98152679,153019,2025-03-20,3,2843.85,3.29,535.75
2859,28394354,365133,2025-05-17,3,2746.35,539.57,431.6
2860,17299810,6405,2025-12-28,2,473.02,68.92,66.37
2861,33370343,349294,2025-12-28,2,1869.5,105.6,164.7
2862,40104482,461804,2025-03-04,3,932.07,136.97,131.57
2863,96628029,784673,2025-04-22,5,2456.95,465.47,294.91
2864,67729191,146840,2025-01-10,3,2360.55,405.57,255.69
2865,40858753,799688,2025-06-06,1,309.62,24.22,47.05
2866,60049160,500739,2025-09-20,4,1439.92,9.53,249.78
2867,666589,77308,2025-09-23,5,1116.35,34.17,120.28
2868,72797175,672059,2025-08-22,4,2690.92,203.61,353.75
2869,65745775,140489,2025-03-18,4,2600.8,448.58,371.34
2870,22161071,120385,2025-05-28,2,1195.82,65.24,217.93
2871,38875754,114414,2025-09-11,2,1664.12,245.33,278.95
2872,949062,555121,2025-04-28,4,1419.64,253.85,196.15
2873,28350645,952124,2025-08-14,2,254.16,14.98,34.43
2874,44477365,451933,2025-09-09,4,2275.76,105.55,294.25
2875,8791577,952168,2025-06-12,1,236.95,34.43,36.01
2876,51547198,709916,2025-08-12,2,67.52,7.51,11.46
2877,4606533,120532,2025-12-19,4,2790.12,306.4,472.07
2878,93458307,228286,2025-11-06,3,537.24,26.68,75.16
2879,88252625,642612,2025-11-12,2,1034.06,106.42,115.78
2880,2584499,555121,2025-04-14,2,709.82,9.78,114.66
2881,69034027,300159,2025-11-07,2,88.7,0.74,11.23
2882,92306841,552883,2025-07-26,1,888.16,123.31,89.94
2883,98218863,448752,2025-04-27,4,640.28,125.25,54.1
2884,49260858,847349,2025-07-04,5,3905.4,536.69,642.21
2885,96149069,324809,2025-08-08,2,1216.0,38.68,233.44
2886,69089982,455755,2025-03-27,4,176.36,5.12,21.2
2887,85763665,398340,2025-12-05,2,1303.86,12.22,189.61
2888,2684440,131136,2025-01-18,5,189.0,30.1,25.16
2889,73735548,803607,2025-11-25,3,2849.19,297.96,412.65
2890,92455970,196719,2025-12-23,1,217.5,35.04,33.29
2891,39674723,901144,2025-06-23,5,1701.8,20.68,270.9
2892,55049973,723678,2025-10-09,5,3377.3,247.28,417.24
2893,45553300,644847,2025-05-30,5,3114.05,296.24,510.25
2894,30447453,847349,2025-05-17,1,781.08,7.85,132.26
2895,81160474,324809,2025-09-15,1,608.0,27.27,73.82
2896,44174426,451933,2025-05-05,1,568.94,1.47,105.18
2897,96461062,140154,2025-12-11,4,684.8,83.55,58.27
2898,75490147,901144,2025-08-13,1,340.36,17.08,28.4
2899,11387110,557908,2025-01-10,1,942.37,145.78,144.76
2900,54375571,449106,2025-04-24,1,48.55,7.54,6.44
2901,58170168,687218,2025-09-13,3,953.46,33.21,126.08
2902,75467328,398340,2025-07-19,2,1303.86,240.35,203.52
2903,8375298,361361,2025-08-31,5,4131.05,243.02,400.37
2904,9551011,9436,2025-05-10,5,442.15,47.62,66.32
2905,52915166,833557,2025-01-01,5,2114.35,114.51,194.81
2906,84275450,659290,2025-01-05,2,638.68,32.47,93.23
2907,84993732,473647,2025-07-30,4,172.2,31.24,25.74
2908,76359458,500633,2025-11-09,1,154.5,23.76,25.53
2909,8361353,60619,2025-07-20,4,2905.64,168.78,279.35
2910,69240186,9436,2025-10-08,5,442.15,34.6,33.01
2911,53392567,891833,2025-08-03,5,2465.95,309.46,426.76
2912,83267752,196719,2025-03-11,4,870.0,64.55,128.8
2913,58929595,264803,2025-08-21,2,1991.96,101.44,341.98
2914,29941225,219598,2025-04-26,3,1101.24,117.65,85.59
2915,63793401,942001,2025-02-18,4,2686.2,341.64,212.95
2916,64497538,798639,2025-12-14,4,845.0,104.99,144.73
2917,45071436,799952,2025-05-07,5,4613.2,853.67,303.39
2918,15043066,51036,2025-09-08,4,3726.44,135.24,673.83
2919,72857290,284460,2025-05-11,1,505.95,82.87,42.78
2920,55028958,930284,2025-04-30,1,189.47,3.12,29.96
2921,97111119,194682,2025-07-14,1,912.29,46.57,127.69
2922,82918668,714999,2025-09-04,5,4412.55,826.05,348.13
2923,4789829,298985,2025-08-01,2,367.52,30.96,55.1
2924,34526570,764014,2025-06-22,4,2448.16,116.57,447.43
2925,18140588,319388,2025-09-16,4,2631.2,521.11,212.4
2926,48409448,448752,2025-04-25,3,480.21,47.92,46.2
2927,55404382,34200,2025-04-26,4,1279.2,227.42,195.46
2928,469006,114414,2025-01-29,1,832.06,20.9,134.5
2929,19179897,354409,2025-07-15,5,1625.4,124.79,217.39
2930,82160592,154179,2025-11-16,2,1165.74,47.32,154.99
2931,40593638,812607,2025-07-10,2,833.3,82.92,95.0
2932,70459847,319388,2025-03-03,4,2631.2,343.26,205.16
2933,21784094,962054,2025-06-01,2,33.72,1.81,3.73
2934,19556566,26060,2025-10-23,4,1371.76,94.88,163.86
2935,1497747,15314,2025-02-01,2,1157.7,145.08,188.91
2936,32293017,709916,2025-08-29,2,67.52,9.71,8.42
2937,52001314,451812,2025-02-28,4,2123.4,149.05,275.61
2938,98307019,712003,2025-11-11,5,3358.4,297.24,435.83
2939,69415494,272170,2025-11-07,1,140.8,6.82,17.89
2940,75073623,337168,2025-07-10,4,2181.96,291.45,215.94
2941,55971849,306177,2025-07-28,5,3846.2,490.85,601.93
2942,7728406,847349,2025-09-18,3,2343.24,106.63,438.11
2943,17341194,256051,2025-01-16,2,801.84,151.84,75.05
2944,19581959,991434,2025-10-01,1,237.62,18.97,24.95
2945,20360447,425341,2025-02-10,2,972.56,180.71,71.01
2946,12531927,623234,2025-05-13,4,1319.16,170.63,229.26
2947,27709218,144124,2025-01-08,5,813.35,158.27,125.8
2948,49371494,762527,2025-09-02,4,2760.32,102.65,455.18
2949,60495351,767398,2025-09-25,1,22.14,0.66,3.53
2950,19067680,812607,2025-10-29,5,2083.25,133.35,292.81
2951,8955057,448752,2025-11-28,2,320.14,63.16,48.18
2952,64562786,490939,2025-04-17,2,160.5,31.95,21.13
2953,13581527,490939,2025-04-22,2,160.5,26.69,12.85
2954,15931134,256783,2025-10-05,4,3626.16,165.67,607.53
2955,26040510,658389,2025-09-08,4,610.2,79.04,89.89
2956,75464725,171602,2025-02-02,5,4417.2,605.11,605.08
2957,22227829,237083,2025-03-08,1,577.13,110.61,66.88
2958,23984022,67197,2025-08-09,4,2208.8,45.94,304.08
2959,66886852,120385,2025-06-30,4,2391.64,14.51,290.6
2960,91291123,951463,2025-06-18,1,787.4,119.19,111.31
2961,66427343,621677,2025-07-20,5,1589.0,244.51,113.38
2962,96640716,891833,2025-04-26,1,493.19,48.63,58.13
2963,43307488,6405,2025-02-18,3,709.53,46.2,84.55
2964,11143197,473647,2025-12-05,2,86.1,7.51,10.66
2965,73098723,34186,2025-04-14,5,4628.25,208.8,390.77
2966,77128325,914071,2025-10-04,4,1187.76,229.78,173.22
2967,54205055,566052,2025-10-10,3,261.9,47.23,25.9
2968,44223796,652118,2025-07-01,5,110.2,21.57,9.13
2969,52409516,741341,2025-04-29,4,3695.36,209.01,693.32
2970,44928499,327290,2025-06-22,2,1724.56,304.14,123.91
2971,59824662,462526,2025-06-20,1,449.97,19.63,38.87
2972,1588560,839170,2025-12-16,5,2408.15,370.25,279.28
2973,95372766,451812,2025-08-12,5,2654.25,153.0,314.71
2974,70084516,60619,2025-12-17,2,1452.82,48.41,172.99
2975,46185579,120532,2025-09-11,2,1395.06,191.9,178.0
2976,93370787,57405,2025-01-24,1,607.67,0.03,97.78
2977,5009458,561860,2025-11-07,5,4373.9,356.29,746.11
2978,19275474,642612,2025-07-03,3,1551.09,298.95,209.58
2979,9450435,256051,2025-12-18,1,400.92,57.64,41.64
2980,53636086,925482,2025-02-04,4,1900.16,304.98,250.41
2981,90144978,298985,2025-10-27,2,367.52,21.1,63.29
2982,33675108,679284,2025-07-07,4,3511.56,3.17,601.03
2983,42989999,378287,2025-09-29,1,332.84,55.15,54.95
2984,47711422,897083,2025-07-31,2,1945.38,349.64,185.28
2985,1301661,883013,2025-01-22,1,989.88,169.46,124.11
2986,62742797,677169,2025-09-08,4,1044.12,106.1,76.42
2987,40085705,692985,2025-03-13,3,592.17,30.7,69.55
2988,1588560,962054,2025-04-14,1,16.86,1.72,2.37
2989,97141762,186168,2025-02-09,5,4394.0,261.21,727.76
2990,38969732,131937,2025-07-27,3,863.43,98.22,72.59
2991,57892837,883013,2025-08-29,1,989.88,115.55,124.59
2992,3730316,196719,2025-05-07,4,870.0,59.23,157.06
2993,46682777,714999,2025-10-29,2,1765.02,111.14,238.73
2994,27604184,478531,2025-02-08,3,2476.38,358.93,418.45
2995,85838438,70969,2025-06-11,5,3158.5,433.76,354.14
2996,6025470,257719,2025-05-13,1,281.73,34.66,47.99
2997,50572914,712307,2025-11-01,5,1324.45,178.48,204.15
2998,83298567,890232,2025-03-26,3,1296.0,222.06,181.84
2999,27504517,913428,2025-10-14,5,1961.1,5.87,275.96
3000,14974554,455755,2025-03-25,2,88.18,10.68,8.77
3001,88299992,440875,2025-07-28,2,550.06,38.05,64.34
3002,52915166,39154,2025-08-28,2,1893.72,351.15,148.26
3003,75566105,623234,2025-06-16,3,989.37,74.37,177.72
3004,34580200,704868,2025-05-26,4,773.84,68.63,78.94
3005,79628054,803607,2025-10-26,2,1899.46,197.54,271.38
3006,88843865,807452,2025-11-21,3,432.57,56.05,74.5
3007,75913572,461804,2025-05-27,5,1553.45,281.14,251.63
3008,49529811,51036,2025-03-19,1,931.61,150.93,145.01
3009,70168151,140489,2025-08-17,4,2600.8,493.89,391.92
3010,72942753,470449,2025-08-07,3,2483.31,113.77,452.36
3011,16376189,677542,2025-08-24,4,850.44,81.43,132.25
3012,41168392,137909,2025-12-21,3,2592.9,381.32,416.22
3013,31000129,336847,2025-12-23,1,936.98,90.23,121.01
3014,65903057,500633,2025-08-19,3,463.5,3.14,37.09
3015,70965437,623234,2025-04-28,3,989.37,181.56,110.26
3016,43295656,673058,2025-07-11,1,765.76,148.56,105.56
3017,4758426,89084,2025-12-11,5,2994.15,538.47,236.55
3018,41640262,833557,2025-05-10,1,422.87,60.53,32.15
3019,86704661,240179,2025-12-09,5,452.8,81.1,65.84
3020,52913011,613942,2025-05-08,5,2725.0,380.61,268.18
3021,96149069,120532,2025-11-09,5,3487.65,277.86,470.75
3022,11775073,600767,2025-08-29,4,2889.68,250.46,353.11
3023,85016568,930284,2025-04-19,2,378.94,72.37,49.08
3024,82804543,968887,2025-02-12,1,40.7,7.39,5.73
3025,76917159,336847,2025-05-18,1,936.98,142.17,92.17
3026,42615134,564692,2025-04-06,5,1078.25,53.76,194.22
3027,84216691,291238,2025-10-25,3,2238.09,400.68,353.87
3028,9335625,644847,2025-03-08,1,622.81,80.85,65.7
3029,97873848,39154,2025-06-13,3,2840.58,524.49,370.61
3030,96149069,6405,2025-04-18,5,1182.55,126.0,130.58
3031,27049432,799459,2025-05-12,3,2556.06,138.29,409.91
3032,97144544,837480,2025-04-22,4,869.6,11.68,88.4
3033,89223620,440875,2025-05-21,3,825.09,29.44,93.8
3034,87220860,70969,2025-09-10,4,2526.8,186.44,425.13
3035,38728779,853932,2025-01-13,3,2823.57,562.04,297.65
3036,44223796,734789,2025-01-06,5,1979.1,220.61,286.07
3037,21270783,799459,2025-03-29,3,2556.06,111.17,404.09
3038,63360864,689769,2025-06-29,2,93.24,14.69,9.29
3039,70084516,63769,2025-08-01,2,1756.14,174.12,286.8
3040,47926198,540618,2025-01-21,3,951.15,105.95,74.73
3041,38613642,366066,2025-04-07,2,1837.16,81.95,251.39
3042,77085443,120532,2025-10-22,4,2790.12,19.25,416.74
3043,30755306,672059,2025-11-09,2,1345.46,135.66,225.89
3044,74352908,500633,2025-06-09,1,154.5,25.17,19.13
3045,99412119,491314,2025-10-03,2,1946.88,61.9,239.4
3046,92409489,672059,2025-05-30,4,2690.92,464.59,211.71
3047,99156138,349294,2025-12-12,4,3739.0,620.25,484.5
3048,25287111,57405,2025-09-30,2,1215.34,62.59,142.4
3049,94713625,672059,2025-05-16,4,2690.92,363.22,346.05
3050,30900441,329351,2025-12-19,5,1554.35,236.71,168.93
3051,7288562,89084,2025-08-18,3,1796.49,276.57,163.27
3052,77320193,70969,2025-09-23,3,1895.1,40.18,187.13
3053,20956158,487931,2025-10-04,2,1418.16,106.06,159.67
3054,69242672,585299,2025-12-05,5,3997.3,414.75,594.33
3055,20360447,604184,2025-06-18,5,1987.75,329.47,300.85
3056,1589656,491521,2025-03-25,1,556.35,29.05,77.45
3057,72489544,120385,2025-06-22,4,2391.64,96.48,217.17
3058,2414265,490602,2025-06-06,3,1648.41,172.68,204.5
3059,12988801,888807,2025-11-04,3,691.74,33.9,106.89
3060,56604077,611575,2025-05-19,1,482.06,12.46,87.54
3061,20343501,807452,2025-09-19,5,720.95,58.09,121.59
3062,85476508,124290,2025-12-11,5,198.25,4.11,36.43
3063,22112867,757274,2025-04-05,5,491.6,17.8,81.36
3064,80476444,228286,2025-11-12,2,358.16,38.23,49.3
3065,188838,131937,2025-11-17,5,1439.05,99.14,164.22
3066,96793479,500633,2025-10-07,3,463.5,50.03,59.56
3067,77214094,500739,2025-04-09,4,1439.92,157.7,143.89
3068,88739922,114414,2025-12-25,1,832.06,144.98,128.12
3069,97557157,18035,2025-02-22,1,968.94,111.58,124.76
3070,45028365,557908,2025-08-25,5,4711.85,820.18,759.78
3071,3588443,888807,2025-03-23,5,1152.9,146.23,90.52
3072,63802820,848226,2025-03-31,5,1047.95,70.19,182.45
3073,30042971,692985,2025-08-09,4,789.56,107.7,124.04
3074,5754255,432617,2025-08-12,4,3452.72,424.33,584.84
3075,50650215,131748,2025-11-01,1,81.35,5.69,10.59
3076,28603182,327290,2025-05-18,1,862.28,78.04,117.85
3077,62541176,487931,2025-07-11,3,2127.24,65.37,303.88
3078,88130777,954722,2025-05-21,1,616.45,46.73,81.27
3079,82585664,927651,2025-03-20,1,426.72,50.44,36.01
3080,87444738,287070,2025-04-08,5,2215.85,238.48,385.93
3081,32019725,56589,2025-11-07,3,1553.31,131.3,275.99
3082,99784559,739534,2025-05-25,3,2983.68,387.15,291.24
3083,79742293,455083,2025-12-24,2,1918.02,158.88,237.01
3084,31923338,684939,2025-06-16,5,3639.75,254.14,502.3
3085,83597876,432617,2025-04-24,4,3452.72,157.83,653.52
3086,81183415,256783,2025-06-18,4,3626.16,412.33,268.49
3087,40877127,137909,2025-05-02,2,1728.6,63.38,296.15
3088,87718744,890232,2025-05-18,2,864.0,90.96,97.77
3089,96253172,891833,2025-05-06,2,986.38,46.9,101.58
3090,90647204,799952,2025-03-24,5,4613.2,80.81,848.73
3091,5751638,264803,2025-04-12,1,995.98,172.11,122.33
3092,41008070,525531,2025-10-08,5,4155.5,453.99,568.09
3093,56780331,112390,2025-09-10,5,4389.9,230.47,801.85
3094,12799092,803607,2025-01-27,1,949.73,104.37,151.41
3095,38565569,949818,2025-01-08,1,483.05,92.11,36.0
3096,36587003,26060,2025-07-08,2,685.88,122.08,107.64
3097,52417972,257719,2025-03-15,1,281.73,16.97,45.95
3098,48167795,667163,2025-02-15,1,441.2,15.34,64.93
3099,40692378,673058,2025-01-07,2,1531.52,75.14,168.01
3100,50760752,194682,2025-03-13,1,912.29,85.24,160.29
3101,88532418,659290,2025-01-20,3,958.02,143.02,105.57
3102,36428139,433521,2025-10-08,3,963.99,43.13,170.78
3103,71771782,378676,2025-11-02,2,1762.84,290.48,288.43
3104,8817168,451812,2025-05-28,3,1592.55,234.81,147.82
3105,93826036,9436,2025-12-10,1,88.43,6.9,11.4
3106,59890331,60619,2025-12-23,2,1452.82,202.59,147.19
3107,20298398,704868,2025-05-03,3,580.38,22.55,76.94
3108,53557741,679284,2025-06-28,2,1755.78,319.12,151.95
3109,32656885,70969,2025-07-06,5,3158.5,563.59,489.25
3110,65618148,491314,2025-06-20,5,4867.2,242.62,637.65
3111,45700473,222892,2025-10-08,5,4346.1,366.31,399.09
3112,28458746,540618,2025-01-04,5,1585.25,269.53,236.6
3113,15345667,154179,2025-10-18,2,1165.74,37.69,206.12
3114,99643057,667163,2025-11-04,4,1764.8,219.69,184.38
3115,62510499,677542,2025-09-13,1,212.61,10.0,20.55
3116,91228580,376447,2025-12-21,4,2899.36,79.52,426.55
3117,76377003,448752,2025-01-20,3,480.21,82.9,36.17
3118,95971469,888807,2025-02-11,1,230.58,20.87,19.89
3119,91382237,324809,2025-12-28,1,608.0,33.44,100.04
3120,9987182,890232,2025-07-15,1,432.0,84.16,32.2
3121,949062,764014,2025-08-04,2,1224.08,106.57,213.66
3122,41008070,687218,2025-04-27,2,635.64,88.55,71.36
3123,57392064,658389,2025-07-20,5,762.75,139.64,56.18
3124,55278329,461804,2025-11-18,5,1553.45,97.31,282.83
3125,38694209,425341,2025-08-15,4,1945.12,286.86,160.5
3126,35554129,490602,2025-12-25,1,549.47,81.34,87.49
3127,10210309,171602,2025-08-30,3,2650.32,42.69,274.65
3128,6291143,798639,2025-02-09,4,845.0,5.46,134.02
3129,89968482,784673,2025-03-11,1,491.39,54.94,81.54
3130,4789829,336847,2025-09-06,1,936.98,58.29,99.58
3131,45700473,604184,2025-04-16,4,1590.2,264.28,111.59
3132,98709982,690565,2025-11-18,3,2853.81,69.79,555.68
3133,26303194,993331,2025-08-17,3,307.32,43.66,39.99
3134,34755436,313754,2025-06-05,1,136.6,3.5,22.07
3135,10694081,305754,2025-05-10,2,1959.98,258.75,246.36
3136,21677923,677542,2025-09-19,2,425.22,82.8,57.44
3137,6291143,140489,2025-12-09,2,1300.4,144.94,96.16
3138,24308515,11422,2025-10-25,3,381.48,48.38,52.46
3139,33295496,171602,2025-03-18,3,2650.32,346.27,418.26
3140,46686696,491314,2025-02-07,4,3893.76,465.21,405.14
3141,14330483,487931,2025-11-08,1,709.08,54.01,116.53
3142,24581427,513199,2025-03-26,2,844.46,12.55,158.64
3143,38728779,891833,2025-03-30,3,1479.57,183.94,147.83
3144,37759707,949818,2025-05-14,2,966.1,162.69,125.69
3145,63948546,621677,2025-07-05,1,317.8,35.21,28.43
3146,54748429,890232,2025-03-06,3,1296.0,235.32,169.49
3147,76917159,890232,2025-03-17,5,2160.0,256.28,260.17
3148,9347990,927651,2025-03-14,5,2133.6,382.43,281.76
3149,9274874,114414,2025-09-24,5,4160.3,288.48,694.35
3150,37633848,140489,2025-09-28,3,1950.6,142.55,220.42
3151,95001589,784827,2025-07-23,2,548.5,82.81,51.27
3152,68941950,687218,2025-01-11,3,953.46,116.08,79.61
3153,45546750,492958,2025-08-10,4,336.8,62.87,34.31
3154,94179692,753354,2025-05-14,4,1694.24,205.5,140.26
3155,92091019,799688,2025-11-29,5,1548.1,246.2,178.32
3156,82032191,53833,2025-03-31,2,269.38,43.17,26.29
3157,34156884,991434,2025-08-06,2,475.24,86.3,69.25
3158,27586115,15314,2025-05-07,3,1736.55,289.74,207.19
3159,94706375,566052,2025-01-22,1,87.3,14.57,10.49
3160,40841791,615545,2025-08-09,5,2240.8,429.33,290.76
3161,11047835,513199,2025-01-24,3,1266.69,90.07,190.87
3162,95018817,714999,2025-07-13,2,1765.02,341.17,267.52
3163,38728779,462526,2025-02-14,3,1349.91,79.59,224.86
3164,75464725,937542,2025-01-16,3,291.12,1.52,55.24
3165,48368085,552496,2025-02-15,3,1524.0,28.2,152.72
3166,39093069,154179,2025-04-08,5,2914.35,180.55,267.58
3167,5754255,82484,2025-12-03,1,914.88,170.86,85.53
3168,10240052,187399,2025-04-12,2,106.98,6.63,8.09
3169,36578947,709916,2025-03-27,5,168.8,20.24,27.71
3170,98144693,300159,2025-03-22,2,88.7,15.31,12.68
3171,22253483,144124,2025-05-14,1,162.67,26.65,23.61
3172,59252433,677542,2025-03-27,2,425.22,22.86,57.84
3173,33741801,684939,2025-06-12,1,727.95,116.83,112.97
3174,77559557,623234,2025-09-20,4,1319.16,180.11,223.75
3175,54680459,621677,2025-09-27,3,953.4,51.98,126.23
3176,77961205,114414,2025-09-01,1,832.06,120.18,86.11
3177,9573071,217710,2025-08-10,3,175.77,24.94,15.58
3178,21425168,77308,2025-01-09,3,669.81,67.4,61.27
3179,57770044,820973,2025-02-02,3,343.56,28.96,42.72
3180,84066402,319388,2025-09-04,2,1315.6,9.95,175.34
3181,50015282,784673,2025-10-21,5,2456.95,189.05,322.64
3182,50554007,965755,2025-01-03,4,2130.28,368.6,254.71
3183,93735495,63769,2025-03-10,4,3512.28,625.27,401.84
3184,12531927,137909,2025-12-09,2,1728.6,187.69,131.78
3185,25503067,767398,2025-09-25,5,110.7,15.39,14.11
3186,77921718,697683,2025-04-24,5,618.7,19.59,52.08
3187,2875442,240179,2025-01-26,4,362.24,66.68,29.17
3188,50630016,991434,2025-03-08,3,712.86,99.92,88.44
3189,22047134,888807,2025-01-05,4,922.32,14.34,105.99
3190,81940369,542300,2025-06-03,4,1021.4,64.76,82.38
3191,43599910,6405,2025-09-05,1,236.51,28.78,40.75
3192,42723554,654297,2025-09-16,2,26.5,1.08,3.96
3193,52757321,832348,2025-01-05,5,4157.15,504.01,528.88
3194,76850859,833557,2025-11-04,1,422.87,50.25,34.33
3195,12402437,692985,2025-04-23,4,789.56,93.0,99.96
3196,59009727,462526,2025-06-29,1,449.97,36.59,79.92
3197,54952806,433521,2025-10-30,1,321.33,2.43,27.01
3198,38018949,532965,2025-10-22,4,1228.92,63.75,125.79
3199,51341672,734789,2025-06-06,1,395.82,39.91,31.93
3200,68159723,487065,2025-08-18,1,374.68,17.85,39.49
3201,37759707,968887,2025-02-19,4,162.8,20.41,20.67
3202,10285414,927651,2025-11-11,3,1280.16,203.37,158.15
3203,90696847,398340,2025-07-17,2,1303.86,202.31,167.25
3204,39976965,237083,2025-12-05,3,1731.39,33.16,321.86
3205,39301587,451812,2025-01-07,3,1592.55,240.21,186.43
3206,48730063,709916,2025-07-28,2,67.52,6.64,8.29
3207,7333934,803607,2025-09-08,1,949.73,1.73,108.13
3208,41395224,329351,2025-04-22,5,1554.35,89.79,162.79
3209,17521263,228286,2025-02-16,2,358.16,53.65,30.96
3210,91602727,952168,2025-04-19,4,947.8,34.02,79.54
3211,18940384,585299,2025-04-07,1,799.46,128.12,91.45
3212,60275891,397973,2025-06-26,4,2914.92,144.17,410.78
3213,19741509,851978,2025-08-04,3,2147.16,201.42,245.6
3214,89412038,222892,2025-05-02,5,4346.1,277.33,479.45
3215,83867512,871592,2025-07-25,1,870.29,117.26,75.01
3216,35358395,57405,2025-02-26,3,1823.01,222.84,218.95
3217,76020843,112390,2025-12-06,3,2633.94,255.76,441.27
3218,53640286,137909,2025-02-27,1,864.3,25.43,125.83
3219,28394354,112390,2025-08-21,3,2633.94,311.38,234.91
3220,92416428,237083,2025-01-17,3,1731.39,273.74,291.48
3221,19425804,642612,2025-09-03,2,1034.06,93.07,125.28
3222,66761643,124290,2025-04-21,3,118.95,6.56,16.91
3223,89995124,721521,2025-11-10,3,1252.17,235.21,100.16
3224,81757554,771228,2025-08-14,2,166.36,9.69,13.83
3225,36222767,217710,2025-09-09,4,234.36,12.32,35.31
3226,39150258,513199,2025-05-13,3,1266.69,70.0,209.37
3227,57637943,677542,2025-02-08,1,212.61,28.97,29.04
3228,65692224,697683,2025-04-21,3,371.22,49.11,42.5
3229,49769532,642612,2025-08-12,2,1034.06,58.07,122.67
3230,40986000,91670,2025-01-16,5,2196.2,280.37,242.95
3231,12184293,903336,2025-01-22,5,2759.4,350.74,309.0
3232,45868300,492958,2025-12-13,3,252.6,35.04,20.56
3233,87823209,532965,2025-07-05,3,921.69,168.21,85.09
3234,954629,491521,2025-03-25,1,556.35,6.86,47.35
3235,84377964,847349,2025-06-30,3,2343.24,372.02,332.31
3236,29689766,803607,2025-11-21,1,949.73,39.04,131.47
3237,77673290,336847,2025-03-22,4,3747.92,446.23,271.34
3238,79169760,256783,2025-06-23,5,4532.7,497.77,418.82
3239,1497747,491314,2025-10-18,5,4867.2,362.57,860.14
3240,10663246,455083,2025-07-01,3,2877.03,17.27,534.96
3241,56457995,378230,2025-11-22,4,665.68,127.9,58.7
3242,8955057,953175,2025-12-01,3,675.63,106.93,46.88
3243,66233704,771228,2025-11-30,3,249.54,28.99,30.81
3244,68906393,492958,2025-12-17,4,336.8,3.0,59.34
3245,23755474,613942,2025-03-15,3,1635.0,129.92,147.51
3246,12088552,564692,2025-04-12,2,431.3,40.44,64.55
3247,90038364,256051,2025-03-11,5,2004.6,353.2,166.14
3248,14458150,784673,2025-08-15,3,1474.17,0.04,206.24
3249,47822591,930284,2025-10-20,5,947.35,10.86,172.14
3250,60300263,647462,2025-06-05,2,652.84,25.26,89.89
3251,92404798,965755,2025-01-15,1,532.57,97.22,40.53
3252,28991365,91670,2025-06-26,2,878.48,64.58,152.51
3253,93318833,217710,2025-06-23,2,117.18,10.15,15.97
3254,16436359,903336,2025-01-08,2,1103.76,17.6,133.36
3255,13939675,131937,2025-04-23,4,1151.24,174.81,191.49
3256,64795608,903336,2025-06-13,2,1103.76,25.61,138.48
3257,32293017,473929,2025-11-30,5,2200.95,420.18,144.85
3258,3491230,652118,2025-06-29,5,110.2,3.88,13.96
3259,62194279,274207,2025-06-20,3,985.53,184.02,112.67
3260,22293666,723678,2025-01-06,2,1350.92,148.41,200.21
3261,76212152,888807,2025-09-16,3,691.74,90.85,114.37
3262,92027021,954722,2025-07-07,2,1232.9,135.35,183.11
3263,59545278,925482,2025-06-21,4,1900.16,220.04,175.1
3264,65963876,552496,2025-03-02,3,1524.0,258.1,213.83
3265,99707100,15314,2025-11-03,1,578.85,7.83,95.55
3266,64562786,953175,2025-10-17,3,675.63,22.01,65.81
3267,90144978,107548,2025-09-02,3,2674.8,506.77,187.7
3268,60698094,555121,2025-11-29,2,709.82,95.06,83.28
3269,38244021,953175,2025-06-14,1,225.21,41.2,20.13
3270,5140660,513199,2025-09-04,3,1266.69,28.73,206.36
3271,58644651,9436,2025-09-28,5,442.15,6.25,40.16
3272,46023497,880510,2025-01-31,3,2854.29,308.35,360.41
3273,82425179,133542,2025-12-28,3,205.47,18.7,21.75
3274,97507853,243235,2025-04-28,3,327.09,20.98,44.96
3275,44223796,123983,2025-06-02,4,3142.68,618.25,456.61
3276,21866852,140154,2025-04-01,1,171.2,17.18,29.57
3277,46615831,914071,2025-11-01,3,890.82,152.33,85.18
3278,8383197,949818,2025-12-07,4,1932.2,334.01,275.41
3279,43784632,613942,2025-08-03,4,2180.0,260.83,315.45
3280,33671354,894539,2025-04-29,2,890.96,27.63,86.06
3281,6459100,89084,2025-09-20,3,1796.49,294.43,232.57
3282,29451600,131136,2025-03-04,5,189.0,34.72,27.96
3283,46185579,687218,2025-05-13,4,1271.28,250.11,111.69
3284,82700270,82484,2025-08-09,1,914.88,99.57,152.92
3285,45700739,327290,2025-05-17,4,3449.12,269.98,446.76
3286,59216664,57405,2025-09-25,5,3038.35,394.53,430.54
3287,10663246,94225,2025-07-15,1,77.11,14.7,8.03
3288,68159723,969851,2025-07-24,1,340.66,8.74,48.45
3289,20956158,91670,2025-09-18,2,878.48,87.65,91.52
3290,79630614,146840,2025-01-12,3,2360.55,429.01,240.37
3291,30042971,433521,2025-11-08,1,321.33,41.02,37.89
3292,45546750,194682,2025-01-12,1,912.29,16.59,173.93
3293,48554440,487931,2025-10-16,1,709.08,75.97,120.04
3294,22822088,669378,2025-04-09,5,1060.7,184.07,79.55
3295,77661491,962591,2025-02-06,3,390.03,56.72,65.94
3296,87450286,537274,2025-07-06,3,2108.13,402.49,170.06
3297,15345667,481843,2025-03-13,4,1190.72,199.43,190.98
3298,49152878,114414,2025-07-28,4,3328.24,496.75,246.39
3299,48150243,606256,2025-09-10,2,738.56,95.89,64.06
3300,49147776,692985,2025-04-30,5,986.95,137.05,150.04
3301,15897933,970529,2025-02-07,5,4137.2,5.01,376.43
3302,87943214,153019,2025-01-06,4,3791.8,665.23,340.49
3303,28111842,140154,2025-09-18,3,513.6,39.78,50.63
3304,47335806,490602,2025-09-09,3,1648.41,7.09,208.92
3305,644189,324809,2025-01-31,2,1216.0,7.39,134.93
3306,28280172,366066,2025-12-30,5,4592.9,912.76,609.3
3307,62600289,557908,2025-01-13,5,4711.85,630.94,528.72
3308,67046342,455755,2025-05-22,4,176.36,19.31,14.91
3309,48033969,690565,2025-01-13,3,2853.81,553.26,287.81
3310,51040116,144124,2025-08-02,5,813.35,113.11,104.25
3311,41811800,478531,2025-05-23,2,1650.92,163.11,249.87
3312,16448993,6405,2025-05-02,5,1182.55,0.7,226.98
3313,72263318,771228,2025-03-12,3,249.54,49.1,19.2
3314,49457685,491521,2025-11-17,3,1669.05,71.12,129.0
3315,65294340,26060,2025-02-05,1,342.94,24.19,35.61
3316,88873916,621677,2025-08-06,2,635.6,99.43,58.86
3317,88667557,803607,2025-10-20,5,4748.65,584.74,450.56
3318,38748727,397973,2025-01-04,4,2914.92,44.21,552.75
3319,5001749,131937,2025-05-10,4,1151.24,203.96,102.6
3320,65903057,700048,2025-04-18,3,423.84,77.9,46.64
3321,91072336,714999,2025-03-17,2,1765.02,263.35,233.71
3322,11493300,114414,2025-07-28,2,1664.12,128.17,217.2
3323,1200365,672059,2025-07-29,3,2018.19,308.94,177.55
3324,27604184,962591,2025-10-31,2,260.02,7.69,42.02
3325,23348269,373536,2025-02-25,5,2470.85,237.49,234.15
3326,9641623,433521,2025-11-11,5,1606.65,87.98,134.28
3327,26303194,961614,2025-10-24,5,1136.1,147.81,121.1
3328,6622751,243235,2025-10-21,1,109.03,5.72,18.51
3329,50518311,455755,2025-03-06,4,176.36,26.19,18.21
3330,47215976,798639,2025-02-12,1,211.25,34.88,27.36
3331,44557943,516376,2025-12-24,3,2632.29,115.62,276.61
3332,43860025,376447,2025-06-01,3,2174.52,127.04,184.21
3333,38615653,654623,2025-05-02,3,1266.42,133.47,172.95
3334,6344345,880510,2025-07-15,5,4757.15,25.57,896.48
3335,3786105,473647,2025-03-11,4,172.2,9.04,19.4
3336,34787383,883013,2025-05-22,2,1979.76,88.44,231.47
3337,59297955,144124,2025-11-30,3,488.01,71.22,76.06
3338,23286884,26060,2025-12-02,2,685.88,49.34,88.92
3339,32656885,891833,2025-10-02,4,1972.76,301.94,261.58
3340,30029998,444361,2025-01-12,2,1645.26,276.31,272.26
3341,6335221,726958,2025-07-25,3,2662.44,443.86,220.17
3342,65895091,367391,2025-04-16,1,939.55,170.71,110.26
3343,15808945,585299,2025-09-28,3,2398.38,374.34,213.34
3344,59930550,654297,2025-09-12,5,66.25,5.37,10.51
3345,70543108,317242,2025-10-01,1,198.15,34.21,18.64
3346,64535602,883013,2025-09-07,3,2969.64,172.48,486.08
3347,94078407,41853,2025-03-31,5,4552.2,114.4,825.01
3348,25706121,490602,2025-07-19,1,549.47,62.09,80.6
3349,55472026,324809,2025-02-26,1,608.0,114.17,93.16
3350,83304571,144124,2025-01-19,5,813.35,82.73,91.18
3351,46563355,444361,2025-08-03,1,822.63,10.19,150.59
3352,79726146,600767,2025-09-14,4,2889.68,43.82,278.99
3353,42262168,319388,2025-04-19,1,657.8,57.07,117.27
3354,55971849,644847,2025-02-10,3,1868.43,254.5,201.64
3355,46515922,613942,2025-03-06,2,1090.0,85.26,190.94
3356,45546750,767398,2025-10-25,3,66.42,3.5,5.29
3357,48647253,552883,2025-06-23,3,2664.48,325.41,192.01
3358,85435560,784827,2025-10-07,1,274.25,0.67,49.76
3359,98144693,274207,2025-09-02,5,1642.55,188.02,257.54
3360,18394558,659290,2025-12-28,2,638.68,90.53,61.75
3361,95372766,33797,2025-08-11,4,3552.48,369.04,277.3
3362,40986000,336847,2025-11-16,5,4684.9,28.46,679.4
3363,68965787,196719,2025-03-13,2,435.0,24.05,37.94
3364,7728406,365133,2025-05-30,2,1830.9,98.46,339.1
3365,29265216,264803,2025-10-07,1,995.98,74.09,74.06
3366,80833965,243235,2025-02-19,3,327.09,59.63,39.0
3367,26912171,604184,2025-09-30,5,1987.75,383.45,177.0
3368,4849477,652118,2025-11-06,2,44.08,6.5,4.01
3369,46875863,470449,2025-05-22,2,1655.54,241.5,217.4
3370,46836361,799952,2025-10-29,2,1845.28,201.36,138.33
3371,60300263,542300,2025-08-08,5,1276.75,6.01,104.24
3372,89968482,658389,2025-12-01,1,152.55,14.85,18.51
3373,88299992,890232,2025-08-28,4,1728.0,45.87,225.0
3374,52279849,146840,2025-01-31,5,3934.25,234.27,393.17
3375,14207332,451933,2025-07-02,1,568.94,83.39,79.91
3376,64197854,567671,2025-11-22,4,1673.92,308.27,204.49
3377,22102079,611575,2025-02-04,4,1928.24,65.65,274.09
3378,34787383,992178,2025-05-01,4,2529.72,50.14,368.58
3379,15568831,329351,2025-08-29,3,932.61,25.92,78.19
3380,25128143,611575,2025-09-17,4,1928.24,349.89,228.84
3381,99714944,451812,2025-07-29,5,2654.25,336.05,255.66
3382,81088747,589812,2025-07-15,5,815.15,155.0,130.65
3383,65382130,118820,2025-06-27,4,49.28,5.82,5.56
3384,49574186,820541,2025-07-23,5,2881.1,64.93,288.53
3385,88324928,525531,2025-12-16,1,831.1,23.26,74.67
3386,19705695,832348,2025-02-23,4,3325.72,394.53,521.66
3387,71189232,714999,2025-04-05,2,1765.02,254.47,178.15
3388,43431724,623234,2025-07-24,3,989.37,27.12,169.46
3389,61121421,537274,2025-09-01,1,702.71,69.95,104.48
3390,20310720,587645,2025-12-28,2,1603.62,33.27,170.86
3391,4192351,760684,2025-11-11,1,71.6,13.97,6.25
3392,75674671,853932,2025-10-25,5,4705.95,891.28,571.01
3393,55733729,440875,2025-09-24,3,825.09,124.57,75.26
3394,4057678,661577,2025-12-17,5,3604.75,21.6,503.57
3395,5751638,194682,2025-01-25,1,912.29,117.56,109.69
3396,81994445,992178,2025-02-27,5,3162.15,506.15,420.77
3397,81373608,818522,2025-04-16,3,288.27,55.15,19.54
3398,35302195,914071,2025-09-21,3,890.82,71.04,145.7
3399,81373608,799459,2025-03-18,1,852.02,92.22,73.18
3400,20122449,455755,2025-06-25,1,44.09,7.62,4.42
3401,44859592,272170,2025-02-07,1,140.8,20.4,11.1
3402,58505903,257719,2025-09-23,5,1408.65,25.22,185.84
3403,54038173,56589,2025-04-04,5,2588.85,132.09,366.08
3404,34755436,687218,2025-08-03,2,635.64,89.38,96.84
3405,42514124,9436,2025-09-03,4,353.72,56.91,24.26
3406,99160348,784673,2025-09-20,5,2456.95,134.05,404.91
3407,78725001,481843,2025-03-14,1,297.68,25.15,51.19
3408,75892474,894539,2025-10-15,4,1781.92,172.31,172.31
3409,83034412,564692,2025-05-20,1,215.65,2.75,31.38
3410,81822935,367391,2025-05-10,1,939.55,17.59,151.59
3411,30029998,587645,2025-12-24,4,3207.24,584.53,311.47
3412,43307488,563740,2025-07-06,5,481.65,9.61,80.43
3413,9048817,51036,2025-01-27,2,1863.22,36.22,353.95
3414,48188624,767398,2025-04-25,1,22.14,4.18,1.9
3415,85340038,969851,2025-02-20,3,1021.98,108.2,75.65
3416,99714944,764014,2025-08-28,5,3060.2,245.9,226.69
3417,26912171,131937,2025-06-28,4,1151.24,77.07,118.05
3418,1529180,15314,2025-06-30,1,578.85,3.99,61.69
3419,24337950,440875,2025-04-10,4,1100.12,33.72,202.83
3420,18465047,962054,2025-03-23,4,67.44,2.42,12.64
3421,53299455,448752,2025-08-27,5,800.35,24.4,153.67
3422,83597876,473647,2025-07-30,3,129.15,14.94,14.0
3423,92027021,606256,2025-04-23,3,1107.84,103.16,130.46
3424,40593638,118820,2025-03-11,1,12.32,2.23,1.11
3425,27824078,807452,2025-11-26,1,144.19,12.36,12.64
3426,38355752,799952,2025-06-02,2,1845.28,136.89,143.54
3427,32564478,747801,2025-05-24,3,833.28,67.15,91.35
3428,16547602,491521,2025-07-25,4,2225.4,145.24,194.08
3429,28499191,366066,2025-07-18,1,918.58,97.79,77.96
3430,41155125,183929,2025-03-07,3,2216.22,225.7,361.72
3431,75984768,15314,2025-03-24,5,2894.25,250.94,302.1
3432,60371334,760684,2025-04-18,1,71.6,9.38,10.86
3433,80952275,993331,2025-04-13,3,307.32,48.75,36.59
3434,74840437,425341,2025-09-29,5,2431.4,389.91,170.61
3435,47590944,961614,2025-04-23,4,908.88,108.88,95.84
3436,8513589,673058,2025-08-06,4,3063.04,207.47,356.93
3437,91024604,767398,2025-03-25,3,66.42,4.18,6.15
3438,94453274,82484,2025-07-01,3,2744.64,411.94,191.84
3439,40841791,373536,2025-01-02,1,494.17,75.43,36.61
3440,14275043,186168,2025-03-29,4,3515.2,450.29,519.73
3441,12560669,120532,2025-11-07,3,2092.59,308.54,241.63
3442,39423691,723678,2025-06-01,1,675.46,37.57,79.19
3443,3999964,490939,2025-08-29,4,321.0,55.41,24.78
3444,15236510,833557,2025-05-05,4,1691.48,330.98,268.51
3445,37309023,784827,2025-04-26,2,548.5,28.77,65.44
3446,66761643,818990,2025-01-23,3,490.65,19.02,80.32
3447,77625089,94225,2025-04-12,3,231.33,21.76,39.12
3448,97475543,376447,2025-08-19,4,2899.36,439.34,409.84
3449,94730288,965755,2025-10-25,1,532.57,12.24,74.98
3450,51945420,284460,2025-01-10,2,1011.9,42.21,133.46
3451,40305293,578097,2025-08-09,4,1070.44,42.6,117.12
3452,31324823,63769,2025-08-11,2,1756.14,256.51,148.88
3453,3282647,462526,2025-02-05,3,1349.91,19.69,141.53
3454,97150234,112390,2025-07-04,2,1755.96,197.04,246.35
3455,95595403,542300,2025-03-24,4,1021.4,104.53,130.43
3456,86167288,478531,2025-05-17,2,1650.92,264.28,119.98
3457,10745302,961614,2025-11-26,2,454.44,77.32,66.17
3458,15631726,961614,2025-03-27,5,1136.1,150.73,185.04
3459,18642306,602241,2025-07-04,4,3906.2,691.94,518.25
3460,8073518,642612,2025-07-14,1,517.03,101.28,47.22
3461,11228463,537274,2025-08-11,5,3513.55,237.21,290.94
3462,1662375,9436,2025-09-10,2,176.86,15.2,24.72
3463,65618148,462526,2025-03-13,3,1349.91,225.93,171.31
3464,49617892,965755,2025-12-15,4,2130.28,19.83,378.33
3465,48358028,324809,2025-08-23,5,3040.0,77.74,349.28
3466,82594354,146840,2025-03-06,4,3147.4,90.43,390.56
3467,79960955,336847,2025-03-28,2,1873.96,320.06,216.46
3468,1449273,525531,2025-07-23,4,3324.4,167.53,488.88
3469,83262890,930284,2025-06-11,2,378.94,59.34,62.14
3470,92636025,398340,2025-02-13,5,3259.65,336.82,583.14
3471,38875754,604184,2025-02-03,3,1192.65,79.68,181.74
3472,75632045,611575,2025-11-08,5,2410.3,278.57,238.55
3473,88312515,681063,2025-02-05,2,642.56,86.0,64.05
3474,49833888,853932,2025-11-12,1,941.19,154.16,124.83
3475,48716374,587645,2025-11-06,5,4009.05,709.53,444.94
3476,4543215,615545,2025-04-02,5,2240.8,142.15,180.72
3477,83404008,652118,2025-12-27,5,110.2,17.8,7.45
3478,44589829,243235,2025-11-13,1,109.03,18.45,10.66
3479,57102800,760828,2025-03-12,5,2817.25,433.55,246.87
3480,64197854,552496,2025-09-19,2,1016.0,63.81,178.86
3481,76604145,107548,2025-06-13,4,3566.4,320.93,583.23
3482,98709982,913428,2025-02-14,5,1961.1,278.07,210.32
3483,25829710,146840,2025-08-16,3,2360.55,96.66,339.85
3484,47295676,753354,2025-06-04,3,1270.68,76.5,139.51
3485,67092149,337168,2025-10-23,4,2181.96,87.28,174.91
3486,91768226,329351,2025-11-19,1,310.87,37.06,33.82
3487,97388817,847349,2025-06-09,5,3905.4,279.62,608.58
3488,42432226,623234,2025-02-24,3,989.37,6.11,174.51
3489,60495351,291238,2025-03-25,3,2238.09,165.01,362.55
3490,20517871,542300,2025-11-03,4,1021.4,48.69,174.33
3491,23095784,606256,2025-08-15,4,1477.12,47.87,244.91
3492,40593638,354409,2025-01-21,2,650.16,112.79,51.57
3493,62526567,9436,2025-05-05,1,88.43,17.36,13.55
3494,2361575,990993,2025-04-03,1,263.7,16.17,45.09
3495,49769532,376447,2025-01-09,5,3624.2,33.79,547.05
3496,35705377,94225,2025-11-24,5,385.55,21.65,65.92
3497,60062501,473929,2025-01-13,5,2200.95,296.86,378.97
3498,76019750,33955,2025-10-07,5,930.4,11.06,171.6
3499,666589,433521,2025-10-30,2,642.66,122.92,87.74
3500,45586151,131937,2025-06-25,1,287.81,17.05,24.65
3501,76438648,820541,2025-06-19,5,2881.1,284.77,418.49
3502,25659794,473647,2025-11-04,4,172.2,13.25,16.69
3503,79672044,734789,2025-04-12,4,1583.28,161.37,204.5
3504,4543215,366066,2025-02-22,5,4592.9,298.41,407.48
3505,97484394,859361,2025-06-05,1,432.39,50.55,44.12
3506,2164524,880510,2025-09-06,5,4757.15,422.78,524.5
3507,99824171,623234,2025-04-19,2,659.58,126.9,43.7
3508,55552600,183929,2025-11-11,1,738.74,113.26,59.72
3509,91448742,871592,2025-02-26,1,870.29,126.25,100.39
3510,57217288,587645,2025-12-26,2,1603.62,97.98,273.83
3511,31981068,679284,2025-08-14,2,1755.78,197.88,177.76
3512,91072336,41853,2025-04-04,3,2731.32,260.18,470.46
3513,1683786,771228,2025-02-12,1,83.18,2.27,11.42
3514,91243571,566052,2025-09-21,1,87.3,12.37,8.58
3515,98687927,690565,2025-02-17,1,951.27,64.43,134.97
3516,18256339,567671,2025-02-04,1,418.48,44.9,37.68
3517,49529811,120532,2025-05-21,1,697.53,126.54,83.39
3518,82585664,11422,2025-03-24,1,127.16,0.24,22.7
3519,75984768,291238,2025-05-17,5,3730.15,59.4,431.41
3520,38780509,39154,2025-10-18,3,2840.58,533.47,356.08
3521,13265605,890232,2025-03-17,4,1728.0,224.15,180.65
3522,55042740,890232,2025-04-19,3,1296.0,71.27,115.62
3523,43256928,962054,2025-12-01,5,84.3,9.8,6.83
3524,94854830,490939,2025-08-03,1,80.25,12.94,9.05
3525,91384030,953175,2025-03-21,2,450.42,31.4,53.0
3526,23098216,451933,2025-06-17,2,1137.88,161.67,193.22
3527,12272282,897083,2025-02-20,2,1945.38,106.64,165.06
3528,2136830,133542,2025-04-24,2,136.98,24.56,14.3
3529,87220860,448752,2025-09-10,1,160.07,24.13,26.16
3530,92885616,952124,2025-06-03,3,381.24,41.89,30.58
3531,1603358,757274,2025-12-12,3,294.96,41.9,43.09
3532,50484778,120532,2025-03-02,3,2092.59,150.32,281.47
3533,64823226,440875,2025-01-14,2,550.06,4.19,61.74
3534,77031496,378287,2025-06-14,2,665.68,122.15,50.22
3535,90621147,60619,2025-07-10,2,1452.82,268.84,159.29
3536,2566268,378676,2025-12-21,3,2644.26,73.8,366.2
3537,87107263,820973,2025-01-13,4,458.08,1.92,44.08
3538,949062,354409,2025-10-24,2,650.16,58.43,57.9
3539,88299992,684939,2025-12-19,2,1455.9,111.02,224.9
3540,89472859,70969,2025-08-21,1,631.7,107.01,104.28
3541,8886587,953175,2025-05-17,5,1126.05,25.39,201.37
3542,29038113,677169,2025-07-17,5,1305.15,159.31,227.89
3543,59545278,764014,2025-06-18,5,3060.2,590.94,291.01
3544,40015980,324809,2025-01-27,5,3040.0,113.4,349.41
3545,22974816,669378,2025-05-03,5,1060.7,177.42,153.4
3546,8384106,726958,2025-10-19,1,887.48,93.09,158.32
3547,82989313,432617,2025-11-16,1,863.18,2.28,141.81
3548,50392139,398340,2025-12-15,5,3259.65,527.08,416.31
3549,59815512,470449,2025-10-16,3,2483.31,267.02,233.29
3550,84119685,140489,2025-09-12,1,650.2,111.2,43.81
3551,22915611,222892,2025-06-17,1,869.22,65.97,80.17
3552,33741801,56589,2025-09-25,3,1553.31,94.86,268.65
3553,11705793,677542,2025-05-30,2,425.22,83.33,58.89
3554,8025622,4452,2025-07-04,4,679.52,78.83,118.58
3555,51544662,228286,2025-06-13,3,537.24,30.84,68.3
3556,66768157,532965,2025-10-19,5,1536.15,36.09,253.45
3557,50899600,762527,2025-12-30,3,2070.24,254.39,159.92
3558,6982488,60619,2025-07-23,3,2179.23,110.18,340.96
3559,89784343,753354,2025-05-17,5,2117.8,195.32,285.7
3560,82770142,990993,2025-08-16,1,263.7,39.82,33.1
3561,23676689,36412,2025-03-04,2,795.36,33.58,126.75
3562,99734256,194682,2025-09-24,1,912.29,138.17,109.23
3563,11153360,897083,2025-10-05,4,3890.76,759.01,285.2
3564,36517334,771228,2025-07-03,5,415.9,56.61,37.29
3565,10642655,667163,2025-11-17,4,1764.8,212.48,141.19
3566,90745023,647462,2025-06-12,1,326.42,53.42,28.93
3567,69088723,684939,2025-07-16,1,727.95,74.57,73.96
3568,38671747,890623,2025-10-24,5,1772.6,292.04,140.41
3569,44859592,542300,2025-10-16,4,1021.4,35.25,140.58
3570,79944855,684939,2025-06-19,2,1455.9,130.41,136.77
3571,36774480,256051,2025-09-12,4,1603.68,227.92,198.41
3572,83304571,284460,2025-08-15,3,1517.85,216.6,204.18
3573,66130660,11422,2025-07-10,5,635.8,96.54,55.95
3574,34835738,799688,2025-06-02,1,309.62,52.79,38.52
3575,53299455,700048,2025-02-15,1,141.28,8.55,15.32
3576,11228463,133542,2025-01-30,4,273.96,52.27,32.15
3577,73654821,63769,2025-10-03,1,878.07,138.87,109.25
3578,98858383,890623,2025-03-21,5,1772.6,317.32,285.02
3579,41512861,51036,2025-02-15,4,3726.44,382.73,331.39
3580,73061709,585299,2025-12-10,2,1598.92,238.7,228.45
3581,1342184,739448,2025-12-11,1,755.66,60.71,91.05
3582,33829924,913428,2025-09-14,5,1961.1,193.55,210.82
3583,9650263,492958,2025-09-21,2,168.4,26.28,14.72
3584,10945990,336847,2025-02-19,1,936.98,181.98,79.61
3585,55286608,34186,2025-10-25,1,925.65,24.83,139.15
3586,12500465,587645,2025-05-10,5,4009.05,386.14,565.69
3587,37802267,376447,2025-02-24,1,724.84,112.65,76.01
3588,9049965,832348,2025-11-24,3,2494.29,423.32,331.0
3589,23434261,771228,2025-06-03,3,249.54,17.49,23.63
3590,91024604,951463,2025-03-28,2,1574.8,39.25,288.52
3591,90299101,784673,2025-06-14,3,1474.17,3.46,204.52
3592,45708879,194682,2025-12-03,4,3649.16,146.15,521.73
3593,15808945,942001,2025-04-21,3,2014.65,215.51,151.11
3594,25520143,336847,2025-06-08,3,2810.94,139.56,486.2
3595,4386273,552496,2025-04-22,4,2032.0,295.26,201.83
3596,42947770,767398,2025-12-21,4,88.56,2.31,14.19
3597,95428692,305754,2025-11-08,3,2939.97,528.99,326.84
3598,91384030,914071,2025-07-27,4,1187.76,18.21,118.27
3599,99824171,256051,2025-08-24,4,1603.68,128.61,165.16
3600,97475543,34186,2025-03-23,1,925.65,167.47,64.71
3601,8122530,349294,2025-11-18,2,1869.5,143.98,153.84
3602,41494517,880510,2025-02-27,1,951.43,14.97,134.15
3603,57102800,500739,2025-07-01,4,1439.92,107.0,225.41
3604,13284996,951463,2025-09-11,5,3937.0,617.72,430.92
3605,48765625,274207,2025-10-14,2,657.02,73.06,48.82
3606,97286925,131937,2025-06-26,4,1151.24,28.89,197.52
3607,80875034,136533,2025-05-28,4,3304.84,292.15,338.62
3608,85476508,555121,2025-10-28,4,1419.64,161.41,149.94
3609,79672044,272170,2025-05-09,2,281.6,32.07,20.22
3610,6853981,927651,2025-09-27,2,853.44,24.29,87.74
3611,97277696,137909,2025-06-18,2,1728.6,185.32,133.33
3612,88843865,491521,2025-02-19,1,556.35,24.82,64.08
3613,32987624,848226,2025-08-17,5,1047.95,182.43,130.82
3614,18889370,60619,2025-10-11,1,726.41,64.44,106.36
3615,39681023,306177,2025-11-18,4,3076.96,484.51,454.12
3616,12469338,589812,2025-01-17,5,815.15,44.12,82.42
3617,20517871,378676,2025-11-10,4,3525.68,662.23,488.95
3618,59824662,470449,2025-04-05,2,1655.54,27.26,180.52
3619,16484167,927651,2025-09-14,5,2133.6,137.49,235.42
3620,35049420,903336,2025-03-09,1,551.88,98.2,89.27
3621,13462905,647462,2025-02-17,3,979.26,8.97,134.28
3622,48167795,847349,2025-09-04,5,3905.4,401.99,591.64
3623,43784632,684939,2025-03-17,2,1455.9,219.83,109.79
3624,67896836,847349,2025-10-30,3,2343.24,88.36,418.34
3625,96001315,284460,2025-04-28,3,1517.85,57.44,265.31
3626,51592174,970529,2025-09-25,1,827.44,51.48,76.67
3627,91228580,473647,2025-06-19,1,43.05,1.16,3.68
3628,50650215,123983,2025-05-12,4,3142.68,366.14,267.31
3629,21597477,532965,2025-08-29,4,1228.92,151.93,194.89
3630,3588443,124290,2025-11-19,2,79.3,9.26,13.87
3631,72366758,723678,2025-04-03,4,2701.84,499.22,399.18
3632,4200802,962591,2025-06-18,1,130.01,16.58,22.43
3633,59190584,942001,2025-11-01,4,2686.2,317.3,366.0
3634,35420673,118820,2025-08-30,5,61.6,1.52,9.83
3635,57213543,490939,2025-03-04,5,401.25,70.43,62.16
3636,47335806,382511,2025-12-10,3,2107.62,49.66,203.28
3637,35554129,378230,2025-02-27,2,332.84,10.55,37.11
3638,71235336,658389,2025-01-09,2,305.1,33.32,42.09
3639,12574626,63769,2025-04-10,4,3512.28,699.37,539.74
3640,91778474,432617,2025-04-13,3,2589.54,373.54,337.56
3641,13189939,11422,2025-07-05,5,635.8,65.92,79.19
3642,58111297,992178,2025-08-10,3,1897.29,83.6,235.32
3643,35049420,237083,2025-06-23,4,2308.52,233.15,305.13
3644,55971849,328457,2025-10-11,3,2575.71,440.82,404.36
3645,91291123,914071,2025-01-01,4,1187.76,111.47,163.03
3646,60446619,700048,2025-09-16,2,282.56,2.14,43.31
3647,63217390,525531,2025-09-24,4,3324.4,31.25,556.09
3648,80800079,587420,2025-02-11,5,1787.1,317.76,229.37
3649,50572914,492958,2025-04-13,3,252.6,4.83,39.63
3650,37551429,67197,2025-04-07,4,2208.8,159.29,238.0
3651,83412446,366066,2025-06-15,1,918.58,89.49,136.83
3652,93803038,798639,2025-04-29,3,633.75,62.33,102.6
3653,95018817,491521,2025-11-10,4,2225.4,4.68,380.6
3654,81994445,319388,2025-09-24,4,2631.2,476.58,286.45
3655,10663246,373536,2025-09-24,1,494.17,47.78,39.05
3656,17749347,298985,2025-05-27,5,918.8,131.6,90.59
3657,84119685,704868,2025-07-09,5,967.3,93.26,109.64
3658,69240186,623234,2025-04-13,4,1319.16,136.75,203.02
3659,899941,700048,2025-10-07,2,282.56,22.68,50.76
3660,9314637,328457,2025-12-01,4,3434.28,97.01,300.12
3661,75244116,552883,2025-02-25,4,3552.64,125.53,655.68
3662,85838438,313754,2025-08-09,5,683.0,94.7,96.87
3663,32656885,969851,2025-12-19,5,1703.3,324.34,130.39
3664,57505804,661577,2025-02-10,4,2883.8,264.21,209.78
3665,90298394,378287,2025-12-22,5,1664.2,87.98,314.21
3666,66866026,753354,2025-11-29,2,847.12,124.07,123.8
3667,3660263,968887,2025-10-19,3,122.1,22.12,18.54
3668,76857266,925482,2025-10-15,4,1900.16,370.38,246.74
3669,79695653,433521,2025-11-04,5,1606.65,196.65,175.3
3670,52048413,690565,2025-07-12,2,1902.54,229.68,330.1
3671,74230420,18035,2025-06-16,5,4844.7,433.88,608.4
3672,13850004,171602,2025-08-17,5,4417.2,662.48,481.68
3673,57340963,444361,2025-06-09,4,3290.52,69.49,340.97
3674,83701325,945635,2025-11-08,4,3115.6,52.57,357.59
3675,81200164,153019,2025-04-26,2,1895.9,345.31,175.97
3676,12338529,137909,2025-01-10,2,1728.6,244.22,261.46
3677,66130660,557908,2025-10-29,3,2827.11,199.27,294.54
3678,90753712,623234,2025-05-12,5,1648.95,239.57,235.5
3679,95856869,561860,2025-02-19,5,4373.9,525.07,425.35
3680,42514124,644847,2025-11-19,2,1245.62,99.92,205.07
3681,18082040,812607,2025-10-30,3,1249.95,97.98,146.46
3682,69415494,451812,2025-09-29,2,1061.7,67.75,196.37
3683,23794330,432617,2025-05-31,3,2589.54,92.32,256.97
3684,17100301,587420,2025-04-17,3,1072.26,107.39,156.13
3685,97484394,349294,2025-09-30,1,934.75,172.37,81.65
3686,23081177,799459,2025-03-25,5,4260.1,440.52,493.21
3687,27694927,647462,2025-11-08,3,979.26,94.63,114.67
3688,88045094,951463,2025-05-29,1,787.4,52.83,69.53
3689,9274874,681063,2025-03-25,4,1285.12,5.3,103.26
3690,87718744,291238,2025-12-23,1,746.03,97.36,123.79
3691,97150234,433521,2025-06-14,4,1285.32,170.39,139.43
3692,57291761,578097,2025-10-12,2,535.22,91.45,52.21
3693,8155924,131748,2025-01-05,2,162.7,13.32,17.55
3694,81088747,140154,2025-02-08,5,856.0,162.44,75.79
3695,8073518,451812,2025-04-20,1,530.85,32.92,96.17
3696,40692378,41853,2025-12-22,5,4552.2,631.93,442.65
3697,12531927,561860,2025-02-28,5,4373.9,24.49,356.98
3698,65745775,451812,2025-02-19,5,2654.25,180.59,271.48
3699,63793401,555121,2025-08-12,4,1419.64,79.7,130.57
3700,83404008,367391,2025-10-01,2,1879.1,39.96,335.97
3701,8164639,354409,2025-05-07,1,325.08,25.16,55.64
3702,45546750,444361,2025-04-02,3,2467.89,6.57,448.98
3703,56572297,462526,2025-09-30,5,2249.85,87.4,245.68
3704,81352781,219598,2025-05-20,4,1468.32,114.13,224.97
3705,79298972,642612,2025-07-29,4,2068.12,187.8,225.91
3706,408590,525531,2025-07-23,1,831.1,54.4,71.77
3707,41194825,56589,2025-02-18,1,517.77,38.26,87.46
3708,75632045,890232,2025-05-13,4,1728.0,132.09,258.71
3709,24107959,561860,2025-04-24,5,4373.9,331.39,685.19
3710,64932019,435929,2025-07-15,5,4284.45,712.34,589.22
3711,72495274,487065,2025-01-22,2,749.36,58.27,119.2
3712,33574338,219598,2025-03-07,1,367.08,45.5,53.83
3713,59197894,264803,2025-10-01,3,2987.94,450.14,204.48
3714,93522848,726958,2025-03-15,4,3549.92,464.47,401.44
3715,40593638,578097,2025-01-07,4,1070.44,139.03,90.74
3716,45166203,451812,2025-11-15,2,1061.7,149.14,79.87
3717,68063317,444361,2025-03-07,2,1645.26,117.89,129.17
3718,9987182,723678,2025-05-29,1,675.46,80.59,49.62
3719,51556553,365132,2025-12-08,5,1146.9,212.52,138.86
3720,92356639,700048,2025-03-01,1,141.28,25.0,11.05
3721,50518311,11422,2025-07-03,3,381.48,60.04,35.81
3722,21573815,537274,2025-07-22,4,2810.84,206.06,493.31
3723,97141762,700048,2025-04-17,1,141.28,25.5,19.42
3724,15144290,681063,2025-07-21,1,321.28,45.19,36.39
3725,35912599,927651,2025-12-31,1,426.72,73.06,41.44
3726,50968312,606256,2025-03-27,1,369.28,24.32,55.13
3727,949062,264803,2025-08-02,2,1991.96,91.85,356.82
3728,46717997,589812,2025-09-19,4,652.12,15.75,102.78
3729,82374625,851978,2025-01-06,3,2147.16,67.16,309.77
3730,38728779,564692,2025-10-21,2,431.3,49.56,49.42
3731,78254569,365133,2025-02-08,3,2746.35,157.82,381.16
3732,41647393,57405,2025-01-31,5,3038.35,406.68,502.49
3733,73061709,604184,2025-01-21,1,397.55,65.65,49.55
3734,54580166,623234,2025-04-07,1,329.79,16.71,54.67
3735,13567338,144124,2025-09-20,4,650.68,2.3,114.23
3736,99695529,513199,2025-07-06,3,1266.69,88.28,140.63
3737,966247,478531,2025-01-25,2,1650.92,246.51,256.54
3738,85490177,897083,2025-08-19,5,4863.45,732.41,513.87
3739,81229704,726958,2025-08-03,4,3549.92,676.0,467.8
3740,67708491,187399,2025-11-20,3,160.47,20.87,19.71
3741,69276352,914071,2025-07-06,2,593.88,62.66,80.87
3742,23126657,237083,2025-03-28,1,577.13,110.5,67.28
3743,42432226,883013,2025-09-05,3,2969.64,131.64,250.12
3744,90666073,56589,2025-08-04,3,1553.31,282.15,176.95
3745,23348269,714999,2025-07-07,2,1765.02,143.15,272.01
3746,70798876,6405,2025-12-14,5,1182.55,49.46,186.2
3747,23126356,707935,2025-03-23,3,2462.7,25.01,395.64
3748,72675976,136533,2025-07-12,5,4131.05,136.99,382.35
3749,50045027,734789,2025-04-13,4,1583.28,50.45,145.3
3750,19771128,455755,2025-12-07,5,220.45,9.58,31.72
3751,45546750,525531,2025-01-21,3,2493.3,16.91,223.03
3752,64748953,799952,2025-08-29,4,3690.56,394.0,446.79
3753,97185284,186168,2025-11-11,2,1757.6,36.41,254.32
3754,94165062,897083,2025-09-02,2,1945.38,216.4,146.22
3755,5716817,327290,2025-02-22,3,2586.84,313.12,238.35
3756,1491857,587645,2025-03-13,2,1603.62,260.71,255.63
3757,92356639,654297,2025-08-07,2,26.5,2.04,3.38
3758,68164013,107548,2025-07-05,3,2674.8,366.33,186.29
3759,10019218,33797,2025-07-15,1,888.12,129.4,135.51
3760,97492493,433521,2025-12-04,5,1606.65,43.61,171.9
3761,60904312,4452,2025-09-07,3,509.64,71.87,63.07
3762,68714053,890623,2025-07-15,5,1772.6,101.58,309.94
3763,86479284,435929,2025-12-26,5,4284.45,757.22,632.64
3764,88067569,968887,2025-05-30,2,81.4,3.41,10.66
3765,15545780,432617,2025-07-19,3,2589.54,31.12,341.61
3766,49258916,525531,2025-05-03,3,2493.3,378.95,233.67
3767,99784559,39154,2025-09-20,5,4734.3,943.61,670.24
3768,9347990,56589,2025-06-08,1,517.77,45.19,55.52
3769,65406127,186168,2025-11-04,1,878.8,169.7,130.96
3770,75510747,376447,2025-10-27,2,1449.68,219.31,104.29
3771,46023497,306177,2025-03-24,3,2307.72,342.97,227.27
3772,37633848,131136,2025-04-24,1,37.8,0.18,5.29
3773,40587811,433521,2025-05-01,5,1606.65,16.31,131.03
3774,17299810,57405,2025-08-29,3,1823.01,240.02,276.51
3775,22694456,669378,2025-04-24,1,212.14,34.96,20.41
3776,16617201,136533,2025-05-05,3,2478.63,154.32,310.79
3777,70363568,903336,2025-05-02,5,2759.4,494.17,271.28
3778,82804543,621677,2025-07-09,4,1271.2,138.8,174.96
3779,39042103,82484,2025-05-11,3,2744.64,385.56,351.81
3780,72946405,373536,2025-06-13,4,1976.68,371.98,298.82
3781,42262168,136533,2025-09-09,1,826.21,112.67,88.8
3782,22161071,552496,2025-11-11,4,2032.0,139.72,230.33
3783,75860724,15314,2025-05-09,3,1736.55,323.33,204.74
3784,60904312,57405,2025-11-10,4,2430.68,286.57,195.3
3785,78572233,679321,2025-10-24,4,2953.84,206.6,273.89
3786,5716817,123983,2025-05-06,4,3142.68,366.3,545.02
3787,41640262,492958,2025-06-12,2,168.4,24.58,21.86
3788,83023956,589812,2025-04-30,1,163.03,24.3,20.74
3789,66485571,317242,2025-11-21,4,792.6,89.77,126.77
3790,57770044,771228,2025-09-12,2,166.36,0.88,32.65
3791,4758426,89084,2025-09-04,4,2395.32,382.93,183.27
3792,69339331,306177,2025-02-04,2,1538.48,113.55,158.36
3793,20956158,669378,2025-04-03,2,424.28,29.59,49.39
3794,63339001,82484,2025-05-13,3,2744.64,398.1,324.2
3795,66943324,951463,2025-07-16,4,3149.6,274.24,233.34
3796,1507408,968887,2025-11-26,4,162.8,19.31,28.34
3797,63092485,291238,2025-09-06,5,3730.15,245.71,614.76
3798,82900175,883013,2025-06-22,1,989.88,123.38,102.77
3799,81940825,451812,2025-10-30,5,2654.25,479.31,342.99
3800,88532418,888807,2025-04-27,5,1152.9,224.44,138.22
3801,75028268,709916,2025-10-05,4,135.04,23.59,12.25
3802,98225598,455755,2025-08-31,2,88.18,12.95,9.11
3803,29431960,567671,2025-01-17,2,836.96,68.41,119.75
3804,62868582,951463,2025-05-18,5,3937.0,610.23,363.95
3805,13850004,652118,2025-06-25,5,110.2,17.4,9.52
3806,78267238,677169,2025-04-25,2,522.06,8.47,82.81
3807,87107263,448752,2025-11-23,5,800.35,38.85,129.56
3808,25221501,378676,2025-08-24,5,4407.1,546.83,382.87
3809,5386246,799688,2025-09-10,4,1238.48,189.08,147.83
3810,91320466,448752,2025-03-06,5,800.35,23.57,122.79
3811,14330483,89084,2025-10-18,3,1796.49,345.74,195.99
3812,30447453,124290,2025-07-28,1,39.65,3.62,3.16
3813,73660582,337168,2025-01-12,3,1636.47,283.9,243.84
3814,8073518,440875,2025-10-12,5,1375.15,130.42,230.5
3815,57896058,853932,2025-11-18,1,941.19,167.46,103.13
3816,87266831,124290,2025-08-27,1,39.65,0.5,4.29
3817,64535602,707935,2025-08-30,3,2462.7,354.5,303.0
3818,85088479,487065,2025-09-12,2,749.36,118.55,115.16
3819,2233446,927651,2025-10-30,1,426.72,11.79,70.19
3820,76864442,91670,2025-05-31,5,2196.2,438.63,147.05
3821,34839913,712003,2025-10-15,1,671.68,105.83,103.59
3822,25706121,681063,2025-04-23,3,963.84,144.99,134.93
3823,77214094,709916,2025-06-17,1,33.76,1.14,6.22
3824,57207678,925482,2025-10-15,4,1900.16,131.5,298.88
3825,70372270,739534,2025-05-03,1,994.56,44.99,165.77
3826,20209237,890623,2025-03-24,4,1418.08,190.48,200.23
3827,81584486,337168,2025-04-01,2,1090.98,114.72,114.61
3828,92843141,131136,2025-11-26,1,37.8,4.47,5.19
3829,32595806,566052,2025-07-10,1,87.3,7.55,14.94
3830,43649266,306177,2025-05-09,1,769.24,113.0,96.16
3831,47590944,697683,2025-09-08,2,247.48,21.49,22.84
3832,89472859,455083,2025-04-16,2,1918.02,150.32,201.59
3833,4444673,723678,2025-05-28,3,2026.38,158.99,213.52
3834,60446619,848226,2025-01-18,4,838.36,131.76,94.83
3835,19275474,839170,2025-02-15,5,2408.15,384.74,187.63
3836,38694209,118820,2025-05-07,5,61.6,8.17,9.63
3837,43431724,739534,2025-03-12,2,1989.12,48.42,199.88
3838,12402437,681063,2025-10-22,3,963.84,144.05,127.7
3839,2164524,930284,2025-06-23,3,568.41,64.72,64.02
3840,84468124,382511,2025-11-13,3,2107.62,347.25,332.88
3841,70243933,954722,2025-06-01,2,1232.9,87.43,166.11
3842,34755436,992178,2025-10-22,4,2529.72,415.13,254.71
3843,93127511,962591,2025-11-07,2,260.02,1.37,25.38
3844,81763298,461804,2025-03-15,3,932.07,124.84,86.69
3845,16640907,930284,2025-09-10,5,947.35,141.31,153.99
3846,72287157,462526,2025-06-21,5,2249.85,432.66,204.37
3847,58115779,52729,2025-05-10,3,948.06,98.63,124.98
3848,56248757,131937,2025-02-15,2,575.62,6.71,76.62
3849,44198187,491521,2025-01-04,2,1112.7,91.12,110.85
3850,40055711,832348,2025-07-22,4,3325.72,505.41,345.47
3851,13455530,133542,2025-11-23,3,205.47,13.33,17.66
3852,63793401,298985,2025-01-26,4,735.04,45.61,113.31
3853,72132838,679865,2025-05-08,3,1043.73,5.23,172.17
3854,19180962,847349,2025-04-11,2,1562.16,127.3,260.18
3855,28413467,257719,2025-12-17,5,1408.65,168.98,101.61
3856,16376189,552496,2025-05-18,4,2032.0,126.34,254.09
3857,79630614,490602,2025-12-27,5,2747.35,120.32,316.38
3858,89157395,604184,2025-09-16,3,1192.65,213.4,131.47
3859,99301505,455083,2025-04-14,1,959.01,126.33,113.7
3860,34835738,397973,2025-04-04,2,1457.46,101.52,252.99
3861,88517890,317242,2025-05-09,1,198.15,11.6,30.0
3862,13796199,903336,2025-07-09,5,2759.4,307.38,489.35
3863,1529180,60619,2025-02-28,1,726.41,136.94,86.63
3864,21701991,833557,2025-01-18,4,1691.48,20.02,326.49
3865,2848415,298985,2025-11-09,4,735.04,75.59,54.6
3866,66130660,561860,2025-05-10,3,2624.34,523.51,366.47
3867,55552600,513199,2025-04-01,2,844.46,92.13,149.73
3868,74515162,440875,2025-02-24,3,825.09,44.29,127.96
3869,10605484,6405,2025-04-19,1,236.51,36.02,29.76
3870,77085443,112390,2025-03-27,1,877.98,11.34,138.62
3871,99643057,585299,2025-09-03,5,3997.3,623.95,341.95
3872,18326028,34186,2025-12-13,2,1851.3,155.67,312.71
3873,70615775,291238,2025-08-22,3,2238.09,6.48,389.44
3874,19067680,455083,2025-05-01,5,4795.05,410.55,381.78
3875,28394354,951463,2025-10-24,2,1574.8,11.01,248.98
3876,52815265,567671,2025-01-31,1,418.48,78.49,60.81
3877,29502852,820541,2025-02-02,3,1728.66,216.29,144.6
3878,49881540,487931,2025-09-03,2,1418.16,163.61,133.6
3879,10048910,600767,2025-03-13,1,722.42,30.52,76.1
3880,69126963,455755,2025-12-21,2,88.18,7.49,13.21
3881,6637282,324809,2025-04-06,3,1824.0,4.36,211.7
3882,21697638,762527,2025-01-02,4,2760.32,408.14,357.6
3883,48716374,9436,2025-06-07,4,353.72,58.93,46.44
3884,54145987,667163,2025-08-19,1,441.2,6.37,53.42
3885,54375571,799688,2025-04-08,3,928.86,131.45,103.97
3886,34526442,337168,2025-07-05,4,2181.96,11.29,387.19
3887,32868927,491521,2025-10-16,2,1112.7,123.34,161.78
3888,84361534,847349,2025-09-30,2,1562.16,119.4,143.83
3889,92843141,186168,2025-03-19,4,3515.2,47.78,303.0
3890,50650215,888807,2025-05-28,1,230.58,36.85,19.15
3891,23567263,305754,2025-09-19,2,1959.98,56.99,314.15
3892,40563029,942001,2025-06-26,4,2686.2,256.59,209.92
3893,61461253,692985,2025-04-06,5,986.95,134.98,78.3
3894,51994597,970529,2025-10-04,5,4137.2,287.73,316.05
3895,6184558,863930,2025-06-03,1,242.57,36.15,16.79
3896,63339001,561860,2025-07-12,3,2624.34,41.08,380.57
3897,87251489,888807,2025-11-19,1,230.58,16.78,20.76
3898,73363613,144124,2025-08-12,3,488.01,13.53,70.31
3899,11047835,567671,2025-12-27,1,418.48,35.53,42.83
3900,22974816,274207,2025-11-22,5,1642.55,235.91,143.9
3901,66761643,687218,2025-03-07,4,1271.28,201.61,183.26
3902,68906393,183929,2025-07-05,2,1477.48,42.36,175.17
3903,27727819,33955,2025-08-30,1,186.08,16.43,23.0
3904,21701991,240179,2025-11-12,2,181.12,35.55,21.76
3905,79919160,863930,2025-11-09,5,1212.85,116.1,145.44
3906,37904682,839170,2025-04-23,5,2408.15,309.36,413.26
3907,8205155,461804,2025-06-17,3,932.07,181.12,105.83
3908,82529927,585299,2025-01-15,4,3197.84,26.23,563.42
3909,77768189,274207,2025-09-29,3,985.53,124.34,71.74
3910,72797175,373536,2025-09-08,1,494.17,21.98,88.68
3911,34381941,171602,2025-05-02,1,883.44,51.38,67.62
3912,2134827,853932,2025-07-13,3,2823.57,300.3,421.38
3913,95269737,222892,2025-10-18,4,3476.88,542.74,327.55
3914,87536050,847349,2025-08-09,1,781.08,104.38,89.7
3915,43034188,451812,2025-11-29,4,2123.4,261.48,180.34
3916,25977417,542300,2025-11-08,3,766.05,123.76,98.16
3917,25221501,120532,2025-05-22,2,1395.06,256.8,143.81
3918,34297405,11422,2025-07-01,4,508.64,46.77,57.06
3919,36774480,133542,2025-10-25,3,205.47,7.71,32.9
3920,36587003,89084,2025-08-02,1,598.83,56.1,86.67
3921,77618011,455755,2025-04-23,4,176.36,33.95,17.52
3922,56604077,692985,2025-07-14,5,986.95,16.81,135.04
3923,18889370,613942,2025-11-17,5,2725.0,131.07,243.66
3924,90743791,832348,2025-10-16,3,2494.29,6.66,350.73
3925,24000329,4452,2025-12-03,5,849.4,83.05,107.04
3926,91973128,734789,2025-10-02,5,1979.1,214.79,255.53
3927,3399251,952168,2025-06-17,5,1184.75,204.0,123.93
3928,25294147,993331,2025-08-05,1,102.44,1.05,9.75
3929,61226563,120532,2025-05-25,5,3487.65,216.98,365.45
3930,8073518,991434,2025-07-02,1,237.62,9.07,36.26
3931,95736310,385113,2025-06-16,2,1632.76,186.49,211.8
3932,24000329,455755,2025-10-04,2,88.18,3.41,9.83
3933,98858383,398340,2025-03-12,3,1955.79,179.45,171.05
3934,46875863,990993,2025-04-19,1,263.7,0.69,50.59
3935,97509888,803607,2025-10-22,5,4748.65,630.66,640.69
3936,61015113,91670,2025-02-15,4,1756.96,20.73,286.58
3937,95768401,953175,2025-10-30,2,450.42,78.45,47.93
3938,41874489,137909,2025-11-10,1,864.3,161.35,121.93
3939,62742184,52729,2025-05-11,3,948.06,14.81,185.3
3940,52085702,140489,2025-09-11,1,650.2,98.08,87.33
3941,16341776,305754,2025-08-10,5,4899.95,907.93,767.2
3942,87536050,942001,2025-12-19,4,2686.2,332.27,316.47
3943,93127511,953175,2025-08-23,5,1126.05,64.31,178.74
3944,64748953,319388,2025-08-12,5,3289.0,385.74,237.69
3945,54837637,337168,2025-12-16,3,1636.47,310.99,216.12
3946,77921718,567671,2025-08-22,2,836.96,35.37,128.38
3947,66485571,962054,2025-09-04,4,67.44,11.27,6.83
3948,49985597,542300,2025-03-26,4,1021.4,50.15,132.41
3949,91789216,566052,2025-02-15,1,87.3,8.88,6.69
3950,12141418,455083,2025-11-04,4,3836.04,465.67,294.48
3951,23984022,433521,2025-03-11,4,1285.32,248.64,182.31
3952,81174361,124290,2025-04-23,2,79.3,1.98,13.13
3953,88532418,491314,2025-10-02,5,4867.2,91.69,939.08
3954,39645619,154179,2025-02-05,1,582.87,98.74,62.9
3955,10796846,9436,2025-09-09,1,88.43,16.78,8.17
3956,82286725,324809,2025-07-23,1,608.0,67.96,62.04
3957,72415263,470449,2025-04-18,4,3311.08,259.73,542.58
3958,14275043,33797,2025-03-26,4,3552.48,308.87,444.32
3959,5369136,237083,2025-06-18,2,1154.26,85.24,108.65
3960,89699655,968887,2025-03-25,4,162.8,23.81,24.34
3961,20238921,883013,2025-04-19,1,989.88,48.5,149.94
3962,86045277,930284,2025-04-22,5,947.35,16.64,156.54
3963,78157360,848226,2025-07-03,5,1047.95,183.29,114.23
3964,53557741,473647,2025-09-15,4,172.2,29.32,26.68
3965,19556566,623234,2025-04-18,5,1648.95,114.02,283.06
3966,42208242,799688,2025-10-14,5,1548.1,51.08,229.9
3967,31776996,851978,2025-11-22,2,1431.44,78.54,116.8
3968,75560116,784673,2025-01-08,5,2456.95,191.51,340.36
3969,81088747,970529,2025-01-28,1,827.44,43.76,139.65
3970,74735607,146840,2025-02-20,2,1573.7,80.41,269.01
3971,80935110,712307,2025-10-30,1,264.89,11.54,24.55
3972,70243933,863930,2025-12-31,2,485.14,58.81,83.32
3973,81906973,256783,2025-04-05,2,1813.08,189.47,235.53
3974,66886852,880510,2025-10-12,3,2854.29,316.98,503.0
3975,75028268,771228,2025-05-29,4,332.72,1.01,40.22
3976,33533919,491521,2025-04-11,3,1669.05,270.73,135.68
3977,57579640,925482,2025-04-19,5,2375.2,422.5,389.29
3978,26303194,324809,2025-01-29,1,608.0,100.47,54.6
3979,65391539,137909,2025-05-12,3,2592.9,302.91,353.2
3980,47515046,112390,2025-02-24,4,3511.92,171.05,606.3
3981,31940833,516376,2025-09-03,2,1754.86,147.05,305.48
3982,69240186,679865,2025-01-02,2,695.82,41.27,88.81
3983,15144290,723678,2025-04-07,5,3377.3,561.58,493.66
3984,81584486,171602,2025-11-18,4,3533.76,17.61,370.87
3985,7076456,585299,2025-11-17,5,3997.3,436.49,409.29
3986,12799092,706112,2025-10-21,2,957.58,2.19,77.83
3987,91243571,298985,2025-06-25,5,918.8,69.78,166.82
3988,60757351,891833,2025-09-17,5,2465.95,266.33,321.06
3989,10418604,82484,2025-08-23,2,1829.76,54.6,172.36
3990,6459100,784673,2025-07-23,1,491.39,48.97,61.23
3991,82989313,63769,2025-11-12,4,3512.28,496.24,314.58
3992,65294340,256783,2025-09-11,3,2719.62,377.47,362.94
3993,81655250,897083,2025-06-24,4,3890.76,113.99,382.05
3994,1655637,186168,2025-03-08,4,3515.2,54.89,634.61
3995,20634789,120385,2025-03-03,3,1793.73,346.74,164.45
3996,4988545,461804,2025-03-26,5,1553.45,57.16,221.54
3997,15545780,41853,2025-12-17,4,3641.76,28.07,469.95
3998,38808614,455083,2025-04-29,3,2877.03,547.18,425.5
3999,28289030,555121,2025-03-02,1,354.91,33.77,45.79
4000,59824662,94225,2025-12-19,3,231.33,12.06,24.57
4001,19084027,6405,2025-12-26,4,946.04,14.85,132.88
4002,12769552,432617,2025-10-10,5,4315.9,340.87,599.84
4003,78254569,567671,2025-11-20,5,2092.4,332.74,328.4
4004,40871915,894539,2025-02-11,1,445.48,29.9,55.81
4005,40877127,832348,2025-09-05,3,2494.29,373.16,317.93
4006,46828932,118820,2025-04-09,5,61.6,6.08,10.28
4007,44776601,473647,2025-12-19,2,86.1,0.83,8.41
4008,50286371,578097,2025-06-21,4,1070.44,46.18,127.85
4009,91291123,487065,2025-10-18,3,1124.04,150.31,122.86
4010,89867195,721521,2025-06-01,5,2086.95,88.56,396.66
4011,67908555,673058,2025-05-08,2,1531.52,107.4,272.04
4012,58415368,602241,2025-07-14,4,3906.2,186.51,701.66
4013,1449273,602241,2025-11-20,3,2929.65,0.51,464.49
4014,88553721,9436,2025-10-22,5,442.15,50.69,70.16
4015,86839058,654623,2025-10-03,5,2110.7,84.93,277.06
4016,55971849,757274,2025-01-17,1,98.32,5.06,12.08
4017,80696046,876139,2025-09-17,1,415.75,21.17,36.45
4018,32293017,654623,2025-11-26,4,1688.56,185.31,272.84
4019,95309983,969851,2025-11-20,4,1362.64,232.2,181.28
4020,62629494,859361,2025-05-02,3,1297.17,245.49,138.65
4021,59216664,592784,2025-01-02,4,1121.4,184.83,168.85
4022,16764246,133542,2025-09-09,1,68.49,3.34,5.45
4023,46564935,757274,2025-11-28,5,491.6,64.59,46.36
4024,38728779,880510,2025-12-17,2,1902.86,206.84,267.81
4025,12591752,901144,2025-05-16,4,1361.44,130.48,99.56
4026,11928321,354409,2025-09-28,2,650.16,51.72,50.27
4027,77220027,131937,2025-09-11,4,1151.24,57.34,144.5
4028,39153585,673058,2025-07-09,3,2297.28,231.77,287.53
4029,18140588,820973,2025-05-07,2,229.04,34.74,19.98
4030,59297955,455083,2025-03-29,5,4795.05,386.71,543.16
4031,65368179,492958,2025-04-30,2,168.4,13.59,18.57
4032,34297405,433521,2025-05-19,5,1606.65,184.01,146.69
4033,43761120,440875,2025-04-11,5,1375.15,171.88,126.03
4034,8122530,144124,2025-05-30,5,813.35,84.72,70.88
4035,52337289,373536,2025-06-07,2,988.34,101.88,77.02
4036,6982488,385113,2025-01-27,5,4081.9,446.48,528.53
4037,61522288,36412,2025-04-28,5,1988.4,169.46,232.92
4038,33871107,34200,2025-08-22,4,1279.2,91.25,210.12
4039,1719710,52729,2025-01-07,4,1264.08,127.49,208.32
4040,27504517,114414,2025-01-10,1,832.06,86.28,112.78
4041,76602787,557908,2025-07-10,5,4711.85,687.01,705.69
4042,46682777,516376,2025-12-01,5,4387.15,426.04,549.48
4043,11153360,747801,2025-08-06,2,555.52,105.56,77.02
4044,47590944,799952,2025-08-12,5,4613.2,51.02,905.23
4045,91320466,937542,2025-01-30,2,194.08,25.51,15.41
4046,50088518,120385,2025-11-06,5,2989.55,116.94,395.09
4047,57833505,107548,2025-07-08,1,891.6,35.83,162.29
4048,34281470,171602,2025-03-21,5,4417.2,353.23,594.17
4049,60835946,131748,2025-07-18,4,325.4,8.35,41.07
4050,41155125,4452,2025-01-05,5,849.4,18.46,85.93
4051,15631726,451933,2025-05-15,4,2275.76,229.5,358.38
4052,46504355,56589,2025-05-09,3,1553.31,30.25,261.08
4053,22931642,697683,2025-10-06,3,371.22,6.69,46.22
4054,61320989,741341,2025-08-05,4,3695.36,344.36,302.72
4055,24000329,451812,2025-05-31,2,1061.7,210.0,108.8
4056,76359458,36412,2025-11-19,3,1193.04,9.92,202.19
4057,84826389,949818,2025-08-24,2,966.1,189.36,116.66
4058,27336589,621677,2025-12-04,4,1271.2,40.12,229.26
4059,9278983,721521,2025-03-09,1,417.39,32.97,46.87
4060,4444673,473647,2025-06-20,1,43.05,0.93,7.91
4061,25503067,687218,2025-06-27,2,635.64,32.94,116.95
4062,12277039,365133,2025-01-07,4,3661.8,144.64,674.92
4063,60904312,952124,2025-08-29,5,635.4,103.84,60.56
4064,41874489,692985,2025-12-16,2,394.78,62.63,32.55
4065,14161586,435929,2025-11-11,4,3427.56,328.17,361.17
4066,50781611,291238,2025-11-08,1,746.03,96.17,65.36
4067,81822935,131937,2025-01-17,1,287.81,9.28,39.24
4068,92027021,36412,2025-10-30,3,1193.04,80.88,160.59
4069,4200802,217710,2025-03-08,2,117.18,17.38,13.94
4070,53640286,914071,2025-07-30,2,593.88,75.1,80.2
4071,47206881,448752,2025-01-24,3,480.21,38.4,37.84
4072,2875442,33797,2025-08-19,2,1776.24,63.84,219.36
4073,99156138,697683,2025-11-22,2,247.48,26.07,19.75
4074,50105174,366066,2025-01-14,3,2755.74,36.99,384.46
4075,69126963,970529,2025-12-12,1,827.44,43.41,123.26
4076,38613295,953175,2025-03-08,2,450.42,64.05,55.04
4077,29664214,89084,2025-05-20,4,2395.32,425.84,375.14
4078,33544355,532965,2025-11-07,2,614.46,12.0,72.02
4079,86995126,462526,2025-02-24,4,1799.88,23.97,165.12
4080,21409946,901144,2025-07-19,2,680.72,78.1,100.69
4081,97873848,513199,2025-05-11,1,422.23,10.13,78.04
4082,25585013,853932,2025-03-25,4,3764.76,712.83,372.98
4083,38549299,140154,2025-07-23,4,684.8,136.76,76.52
4084,21524495,378287,2025-03-14,5,1664.2,283.6,154.66
4085,88045094,661577,2025-03-31,3,2162.85,193.43,295.95
4086,17696094,329351,2025-04-08,3,932.61,149.28,113.48
4087,64748953,274207,2025-09-07,4,1314.04,136.76,139.68
4088,11775073,398340,2025-03-04,5,3259.65,323.89,274.72
4089,18642306,36412,2025-02-05,4,1590.72,220.5,178.46
4090,949062,952168,2025-11-26,5,1184.75,220.89,154.03
4091,85658166,942001,2025-03-06,3,2014.65,172.21,357.78
4092,41612464,53833,2025-04-02,2,269.38,36.45,36.23
4093,49050014,376447,2025-07-03,4,2899.36,30.8,492.78
4094,94404245,378676,2025-11-06,3,2644.26,49.75,434.66
4095,82770142,712307,2025-03-17,1,264.89,17.54,19.83
4096,83304462,839170,2025-07-08,4,1926.52,172.63,249.67
4097,89704218,712003,2025-08-25,3,2015.04,101.63,381.14
4098,14207332,537274,2025-08-29,5,3513.55,14.13,666.62
4099,80499378,714999,2025-12-13,5,4412.55,386.21,457.64
4100,3875480,784827,2025-07-18,2,548.5,41.41,69.76
4101,90753712,491314,2025-02-09,4,3893.76,312.15,423.43
4102,17106161,53833,2025-05-01,4,538.76,29.29,94.24
4103,57505804,863930,2025-03-28,2,485.14,21.9,39.99
4104,40727086,753354,2025-07-16,2,847.12,49.2,120.56
4105,7378768,124290,2025-07-15,1,39.65,3.33,6.88
4106,10088428,525531,2025-12-08,3,2493.3,447.3,174.45
4107,90902199,600767,2025-01-05,5,3612.1,589.33,531.52
4108,74515162,77308,2025-02-25,3,669.81,100.23,70.22
4109,90856813,131136,2025-03-26,4,151.2,14.01,14.84
4110,69089982,613942,2025-02-08,4,2180.0,122.53,257.2
4111,76019750,532965,2025-07-29,4,1228.92,37.04,104.76
4112,83588803,51036,2025-04-17,5,4658.05,673.42,564.82
4113,60319216,890232,2025-05-15,1,432.0,9.61,63.89
4114,60300263,762527,2025-07-27,1,690.08,32.65,61.33
4115,51547198,820973,2025-05-19,2,229.04,40.09,34.39
4116,55060796,448752,2025-01-11,5,800.35,41.58,107.54
4117,24308515,14145,2025-02-07,2,1261.68,76.12,194.72
4118,65660660,659290,2025-07-11,2,638.68,108.35,45.75
4119,84986716,962591,2025-05-12,1,130.01,6.9,15.36
4120,24357425,589812,2025-07-12,5,815.15,1.26,133.43
4121,1108176,500739,2025-05-28,2,719.96,96.0,79.32
4122,62721353,677542,2025-12-17,1,212.61,24.0,37.11
4123,31328762,566052,2025-09-13,1,87.3,15.53,13.37
4124,31233120,397973,2025-01-20,5,3643.65,556.51,473.09
4125,89995124,689769,2025-04-30,5,233.1,5.68,30.86
4126,1588560,378230,2025-01-11,4,665.68,21.87,100.64
4127,60974181,18035,2025-04-06,4,3875.76,577.49,499.52
4128,61516967,890623,2025-02-23,1,354.52,42.09,28.71
4129,7522036,679865,2025-06-30,1,347.91,68.17,28.03
4130,81160474,764014,2025-12-21,2,1224.08,85.45,115.29
4131,43649266,968887,2025-08-03,5,203.5,14.14,25.31
4132,63349378,328457,2025-09-04,5,4292.85,8.75,828.2
4133,5901440,891833,2025-01-06,5,2465.95,365.85,331.63
4134,96511007,120532,2025-03-31,1,697.53,68.63,111.09
4135,80858127,217710,2025-08-17,1,58.59,8.67,4.33
4136,33658749,319388,2025-01-03,4,2631.2,349.67,413.42
4137,25747787,669378,2025-03-30,3,636.42,95.49,87.79
4138,84468124,880510,2025-01-11,4,3805.72,12.57,545.2
4139,30979436,681063,2025-10-27,4,1285.12,206.06,111.81
4140,41878908,491521,2025-12-07,3,1669.05,184.88,174.07
4141,80571942,914071,2025-11-06,5,1484.7,253.57,161.85
4142,37362180,217710,2025-04-22,4,234.36,1.83,37.98
4143,94033330,305754,2025-04-23,2,1959.98,192.04,183.21
4144,81373608,378676,2025-08-13,5,4407.1,318.38,417.03
4145,21573815,516376,2025-06-04,4,3509.72,684.33,339.22
4146,82804543,451812,2025-08-19,5,2654.25,328.69,422.22
4147,90649019,704868,2025-01-08,5,967.3,132.65,147.23
4148,28277304,317242,2025-02-22,2,396.3,37.86,69.56
4149,69863493,365132,2025-10-06,3,688.14,115.03,57.94
4150,74761384,914071,2025-07-04,1,296.94,14.04,36.17
4151,72564495,432617,2025-02-12,3,2589.54,206.69,234.69
4152,31410886,611575,2025-10-18,4,1928.24,252.01,214.63
4153,50518311,677542,2025-02-28,1,212.61,13.74,24.98
4154,40256341,689769,2025-05-01,5,233.1,8.68,19.46
4155,85854265,89084,2025-10-05,1,598.83,36.91,110.93
4156,80567870,647462,2025-08-22,3,979.26,52.12,114.91
4157,78678612,723678,2025-03-30,5,3377.3,119.23,581.62
4158,12560669,690565,2025-10-03,2,1902.54,75.48,341.27
4159,89986926,492958,2025-11-07,2,168.4,28.66,15.5
4160,80935110,820541,2025-12-28,4,2304.88,153.71,242.47
4161,49574186,833557,2025-10-10,4,1691.48,17.91,237.85
4162,60904312,382511,2025-03-28,1,702.54,105.52,106.63
4163,30823988,557908,2025-01-12,2,1884.74,31.75,202.32
4164,81352781,336847,2025-10-01,4,3747.92,157.02,678.33
4165,89669139,70969,2025-10-19,2,1263.4,95.47,115.3
4166,40392019,567671,2025-01-10,1,418.48,39.07,60.97
4167,25128143,602241,2025-10-24,3,2929.65,337.09,514.01
4168,19182548,365132,2025-10-17,1,229.38,34.14,22.05
4169,67538982,951463,2025-02-10,3,2362.2,292.18,326.29
4170,93122847,140154,2025-05-25,4,684.8,63.17,68.67
4171,54885705,704868,2025-07-11,1,193.46,24.35,27.12
4172,60446619,300159,2025-12-17,5,221.75,40.65,24.04
4173,42432226,385113,2025-04-11,1,816.38,162.5,63.98
4174,16543242,832348,2025-02-28,1,831.43,88.62,70.61
4175,1497747,945635,2025-08-24,2,1557.8,273.87,133.82
4176,31233120,140154,2025-01-03,4,684.8,59.75,54.58
4177,12469338,739448,2025-09-26,3,2266.98,19.56,275.93
4178,30619659,954722,2025-08-31,3,1849.35,16.91,179.34
4179,99412119,820541,2025-03-14,1,576.22,104.37,67.15
4180,38565569,721521,2025-09-02,1,417.39,66.41,62.8
4181,73869823,952124,2025-02-28,5,635.4,0.64,68.22
4182,55738118,888807,2025-07-05,5,1152.9,146.61,188.43
4183,39959491,298985,2025-01-01,4,735.04,83.45,55.05
4184,45553300,171602,2025-09-29,2,1766.88,52.16,241.49
4185,15417130,60619,2025-12-22,2,1452.82,99.06,200.73
4186,48647253,600767,2025-09-19,4,2889.68,462.56,421.51
4187,52617081,784673,2025-12-17,1,491.39,96.09,65.95
4188,4378755,913428,2025-02-05,4,1568.88,54.49,238.27
4189,2517955,871592,2025-09-24,4,3481.16,54.36,490.5
4190,1705969,566052,2025-11-14,2,174.6,6.85,19.39
4191,62541176,832348,2025-11-26,3,2494.29,254.51,238.65
4192,46828932,107548,2025-10-06,3,2674.8,111.11,473.04
4193,31324823,962054,2025-03-23,5,84.3,12.15,11.35
4194,41494517,669378,2025-11-02,5,1060.7,12.79,121.71
4195,90743791,848226,2025-04-06,3,628.77,66.02,84.07
4196,25287111,194682,2025-06-17,2,1824.58,152.99,187.6
4197,38780509,327290,2025-08-31,3,2586.84,181.26,338.65
4198,99893898,784827,2025-07-31,4,1097.0,177.03,116.36
4199,49806393,398340,2025-02-09,4,2607.72,424.59,260.49
4200,97411107,63769,2025-06-30,5,4390.35,40.42,544.0
4201,12851610,818990,2025-12-25,2,327.1,1.43,61.58
4202,88866835,667163,2025-01-07,2,882.4,68.58,144.6
4203,32003512,709916,2025-10-21,4,135.04,24.85,9.19
4204,55028958,667163,2025-04-28,4,1764.8,40.02,277.02
4205,70179018,679284,2025-08-28,3,2633.67,46.71,235.79
4206,77085443,492958,2025-06-03,3,252.6,24.73,38.97
4207,65963876,455755,2025-12-12,4,176.36,13.62,29.05
4208,13604883,784827,2025-09-09,2,548.5,11.91,75.99
4209,10830043,67197,2025-05-01,5,2761.0,277.02,411.61
4210,54837637,324809,2025-05-07,3,1824.0,115.64,288.5
4211,25981385,818522,2025-06-27,4,384.36,53.69,54.35
4212,63858550,990993,2025-12-28,5,1318.5,217.12,193.55
4213,95594611,425341,2025-02-17,3,1458.84,194.77,147.92
4214,35402531,144124,2025-01-09,3,488.01,83.1,57.15
4215,31324823,478531,2025-10-21,4,3301.84,452.82,390.9
4216,43518622,34200,2025-09-18,5,1599.0,17.11,308.76
4217,4438410,832348,2025-06-21,3,2494.29,171.77,404.93
4218,17159117,34200,2025-05-08,2,639.6,67.54,87.69
4219,9314637,803607,2025-03-15,1,949.73,178.43,87.99
4220,97928541,894539,2025-05-14,4,1781.92,259.67,217.73
4221,96853930,621677,2025-09-18,2,635.6,79.36,54.54
4222,55738118,324809,2025-10-06,4,2432.0,115.15,209.77
4223,20310720,798639,2025-05-25,1,211.25,35.22,28.29
4224,32564478,897083,2025-10-23,5,4863.45,928.93,595.38
4225,58238092,153019,2025-08-24,5,4739.75,204.61,801.59
4226,701493,818990,2025-04-10,1,163.55,20.43,12.45
4227,14207332,739448,2025-02-01,5,3778.3,271.76,332.06
4228,89412038,451812,2025-05-17,3,1592.55,282.22,245.4
4229,80858127,954722,2025-03-15,2,1232.9,102.16,208.91
4230,24107959,4452,2025-10-13,4,679.52,63.29,122.86
4231,47387512,652118,2025-03-14,5,110.2,4.1,9.83
4232,31981068,39154,2025-09-08,1,946.86,129.48,162.16
4233,86715467,319388,2025-06-12,2,1315.6,21.52,177.35
4234,38748727,305754,2025-09-18,1,979.99,114.03,116.63
4235,43307488,820973,2025-01-26,4,458.08,52.0,79.58
4236,10700664,930284,2025-08-10,5,947.35,122.3,158.6
4237,49756591,659290,2025-12-24,3,958.02,20.46,90.88
4238,79726146,63769,2025-07-11,2,1756.14,227.64,181.68
4239,72132838,52729,2025-11-02,5,1580.1,192.2,162.72
4240,32635818,146840,2025-08-03,1,786.85,69.14,140.92
4241,81940369,723678,2025-04-17,3,2026.38,215.96,205.72
4242,46885873,654297,2025-11-09,1,13.25,2.47,1.07
4243,41073776,848226,2025-03-18,1,209.59,13.62,34.3
4244,70420271,337168,2025-11-27,5,2727.45,227.07,488.86
4245,23348269,600767,2025-04-19,1,722.42,32.14,61.13
4246,27824078,56589,2025-10-20,2,1035.54,25.54,145.03
4247,17929886,140154,2025-11-14,2,342.4,27.54,52.98
4248,24644542,33797,2025-08-02,2,1776.24,151.7,315.14
4249,97557157,53833,2025-10-28,1,134.69,2.18,17.62
4250,34588087,317242,2025-10-02,2,396.3,71.8,63.4
4251,98444183,67197,2025-09-01,3,1656.6,152.91,287.41
4252,58170168,585299,2025-05-18,1,799.46,131.22,66.75
4253,47043878,927651,2025-01-06,5,2133.6,162.88,359.53
4254,19556566,712003,2025-08-06,1,671.68,116.6,106.12
4255,84456355,487931,2025-09-23,2,1418.16,129.77,180.55
4256,4439806,992178,2025-09-22,2,1264.86,104.83,119.16
4257,95334407,847349,2025-08-31,5,3905.4,234.86,725.23
4258,20314691,700048,2025-05-04,3,423.84,21.05,79.43
4259,20625627,561860,2025-10-06,4,3499.12,574.09,479.92
4260,29451600,365133,2025-07-28,1,915.45,17.87,80.77
4261,11071601,425341,2025-05-05,2,972.56,20.73,153.54
4262,32929817,9436,2025-05-28,1,88.43,6.2,14.5
4263,39976965,82484,2025-08-24,3,2744.64,434.87,344.7
4264,35885052,337168,2025-05-14,2,1090.98,74.98,192.95
4265,93507573,153019,2025-08-23,2,1895.9,221.03,206.82
4266,10605484,298985,2025-07-13,3,551.28,57.39,40.81
4267,67708491,425341,2025-11-29,5,2431.4,256.44,236.85
4268,76327561,578097,2025-06-14,4,1070.44,71.17,120.4
4269,19682060,222892,2025-05-12,1,869.22,169.64,101.27
4270,51031122,930284,2025-02-03,1,189.47,7.3,26.34
4271,43518622,723678,2025-02-06,3,2026.38,6.32,345.0
4272,24144240,398340,2025-08-09,2,1303.86,7.31,230.47
4273,81533356,578097,2025-01-08,2,535.22,72.41,63.95
4274,23982977,700048,2025-01-09,3,423.84,47.82,67.7
4275,57566548,306177,2025-01-23,4,3076.96,403.33,315.65
4276,94730288,677542,2025-07-12,3,637.83,116.16,65.82
4277,46185579,679321,2025-01-16,2,1476.92,230.04,115.02
4278,49970560,284460,2025-02-11,3,1517.85,245.35,200.34
4279,37759707,287070,2025-09-26,1,443.17,68.97,48.98
4280,49136375,171602,2025-07-22,3,2650.32,496.05,308.48
4281,31978160,714999,2025-03-31,4,3530.04,599.44,352.41
4282,13383642,712003,2025-05-10,5,3358.4,46.56,438.88
4283,51661209,552883,2025-02-16,3,2664.48,420.66,334.52
4284,57213543,762527,2025-01-09,2,1380.16,257.09,194.71
4285,42012717,798639,2025-01-28,2,422.5,58.51,62.97
4286,73799927,455083,2025-10-22,5,4795.05,568.88,645.55
4287,32527479,243235,2025-06-29,4,436.12,43.69,40.61
4288,14472401,219598,2025-04-02,1,367.08,37.44,32.82
4289,84572019,669378,2025-11-14,4,848.56,154.82,74.37
4290,65543312,832348,2025-05-16,3,2494.29,17.61,279.24
4291,40275138,354409,2025-04-13,5,1625.4,69.19,175.2
4292,91590001,336847,2025-08-23,3,2810.94,254.85,503.31
4293,29562072,706112,2025-01-24,3,1436.37,281.43,132.22
4294,63339001,687218,2025-11-26,5,1589.1,32.98,129.36
4295,32003512,677169,2025-08-18,2,522.06,49.66,40.56
4296,6579892,567671,2025-02-02,2,836.96,4.96,90.61
4297,97557157,532965,2025-11-27,4,1228.92,58.96,145.28
4298,89968482,697683,2025-08-13,5,618.7,55.16,84.61
4299,191616,859361,2025-11-05,5,2161.95,145.71,202.19
4300,72263318,803607,2025-02-07,2,1899.46,303.24,181.13
4301,46515922,15314,2025-03-24,4,2315.4,3.6,387.43
4302,71615827,753354,2025-05-30,4,1694.24,297.74,131.83
4303,12302179,567671,2025-05-30,3,1255.44,49.31,119.17
4304,11387110,89084,2025-11-03,3,1796.49,51.19,272.24
4305,9274874,894539,2025-04-30,5,2227.4,59.83,226.17
4306,1705969,799952,2025-12-10,4,3690.56,499.48,481.92
4307,79942821,927651,2025-08-21,3,1280.16,15.17,237.87
4308,53605257,962054,2025-06-28,3,50.58,0.76,8.86
4309,68939350,621677,2025-07-15,1,317.8,37.33,42.1
4310,10418604,654623,2025-12-21,1,422.14,69.62,61.77
4311,13494314,654297,2025-07-30,4,53.0,0.62,8.93
4312,30823988,51036,2025-02-15,5,4658.05,194.83,891.12
4313,13189939,376447,2025-08-29,5,3624.2,452.65,586.94
4314,16436211,890623,2025-01-18,2,709.04,31.01,104.33
4315,24337950,4452,2025-06-03,4,679.52,100.66,78.06
4316,42432226,807452,2025-12-15,5,720.95,113.95,53.36
4317,820740,672059,2025-03-06,2,1345.46,152.16,111.97
4318,1342184,291238,2025-05-14,4,2984.12,341.62,247.41
4319,8205155,94225,2025-01-04,4,308.44,36.25,25.04
4320,90150193,264803,2025-12-11,2,1991.96,329.37,219.04
4321,91562028,34186,2025-05-11,3,2776.95,124.88,420.0
4322,80286283,611575,2025-10-14,5,2410.3,421.58,224.84
4323,82708090,679321,2025-03-19,4,2953.84,112.72,427.8
4324,13796199,532965,2025-05-28,2,614.46,27.01,86.66
4325,52337289,726958,2025-05-27,5,4437.4,106.75,542.37
4326,9246851,952168,2025-11-01,3,710.85,86.8,92.6
4327,47955004,659290,2025-05-24,2,638.68,68.97,76.28
4328,36146306,300159,2025-12-23,1,44.35,3.4,3.5
4329,44410149,82484,2025-04-07,4,3659.52,460.48,344.1
4330,91602727,67197,2025-12-25,5,2761.0,110.94,462.21
4331,62526567,927651,2025-11-02,5,2133.6,240.58,317.56
4332,84216691,120385,2025-09-12,3,1793.73,225.13,169.46
4333,60698094,818522,2025-03-06,1,96.09,13.88,8.47
4334,46828932,880510,2025-05-10,5,4757.15,572.28,783.0
4335,72702075,585299,2025-09-06,5,3997.3,715.37,343.53
4336,38875754,690565,2025-09-17,3,2853.81,402.71,252.67
4337,6982488,883013,2025-04-24,4,3959.52,759.7,361.58
4338,60618999,700048,2025-01-04,5,706.4,12.18,137.11
4339,20163931,592784,2025-09-09,3,841.05,25.76,77.67
4340,60698094,970529,2025-09-30,4,3309.76,191.51,395.04
4341,57662767,237083,2025-06-25,3,1731.39,257.11,207.26
4342,83867512,18035,2025-01-27,1,968.94,135.46,151.32
4343,22524981,739448,2025-08-09,2,1511.32,280.76,243.11
4344,94706375,470449,2025-10-12,4,3311.08,515.8,256.83
4345,77085443,679321,2025-01-06,2,1476.92,252.63,118.25
4346,24896263,398340,2025-03-10,2,1303.86,136.7,211.57
4347,25706121,723678,2025-02-15,4,2701.84,70.97,309.76
4348,89523804,585299,2025-04-30,2,1598.92,233.02,215.49
4349,98088303,552883,2025-07-04,5,4440.8,354.87,764.57
4350,79076101,600767,2025-05-27,1,722.42,114.6,84.08
4351,36146306,542300,2025-11-13,5,1276.75,69.97,105.05
4352,82374625,171602,2025-06-02,5,4417.2,651.34,301.97
4353,7522036,799688,2025-12-21,4,1238.48,24.27,197.17
4354,12305040,11422,2025-05-13,4,508.64,9.93,54.41
4355,35237846,894539,2025-05-19,4,1781.92,123.46,278.49
4356,90665975,461804,2025-08-29,3,932.07,82.41,113.09
4357,93699264,760684,2025-12-25,3,214.8,7.43,34.92
4358,35133191,57405,2025-03-14,5,3038.35,382.75,487.25
4359,3399251,287070,2025-04-10,1,443.17,86.84,34.64
4360,68475914,337168,2025-08-18,2,1090.98,105.15,155.02
4361,19084027,876139,2025-06-25,2,831.5,161.96,70.76
4362,1491857,540618,2025-06-12,1,317.05,36.63,52.82
4363,2414265,274207,2025-09-04,1,328.51,3.1,40.81
4364,35420673,658389,2025-09-05,2,305.1,19.11,54.2
4365,28991365,602241,2025-06-25,2,1953.1,38.8,205.34
4366,6291143,606256,2025-04-11,1,369.28,44.69,30.21
4367,60062501,144124,2025-02-18,4,650.68,120.97,65.32
4368,36222767,33955,2025-09-11,4,744.32,134.35,69.04
4369,13130974,723678,2025-01-12,3,2026.38,122.22,203.69
4370,57081917,757274,2025-08-15,5,491.6,64.36,66.05
4371,91614690,500739,2025-04-03,3,1079.94,152.01,122.2
4372,92209869,820541,2025-02-25,2,1152.44,96.53,208.05
4373,45323391,487931,2025-09-17,4,2836.32,530.57,459.57
4374,21577948,647462,2025-11-10,1,326.42,31.56,25.49
4375,3100301,60619,2025-10-29,2,1452.82,17.41,138.32
4376,29562072,679321,2025-12-26,5,3692.3,284.19,626.91
4377,85340038,672059,2025-08-19,4,2690.92,32.67,509.85
4378,30065862,376447,2025-02-13,5,3624.2,505.2,311.82
4379,4438410,473647,2025-02-20,4,172.2,7.56,24.45
4380,6187807,500739,2025-06-26,2,719.96,104.72,52.19
4381,63184222,771228,2025-08-17,2,166.36,0.6,13.81
4382,6853981,991434,2025-06-30,1,237.62,26.91,36.38
4383,44030130,689769,2025-06-25,3,139.86,11.28,23.48
4384,24043135,839170,2025-04-26,3,1444.89,3.8,280.71
4385,81377917,491314,2025-10-11,5,4867.2,397.86,888.08
4386,84468124,11422,2025-01-14,2,254.32,7.32,44.61
4387,80419534,500633,2025-01-18,2,309.0,44.93,35.78
4388,56457995,328457,2025-12-05,5,4292.85,430.71,361.39
4389,93321933,60619,2025-06-16,5,3632.05,234.19,556.09
4390,644189,578097,2025-07-05,3,802.83,97.02,60.08
4391,8739903,462526,2025-07-06,5,2249.85,82.44,417.24
4392,60565603,557908,2025-07-14,3,2827.11,149.55,369.47
4393,99784559,760684,2025-09-03,2,143.2,20.52,20.69
4394,16341776,187399,2025-10-17,5,267.45,32.2,45.84
4395,60319216,600767,2025-06-06,2,1444.84,167.6,122.65
4396,59643062,832348,2025-05-03,5,4157.15,576.87,425.82
4397,26936578,890623,2025-11-14,5,1772.6,204.57,137.52
4398,91778474,36412,2025-02-26,2,795.36,122.24,120.45
4399,38327793,94225,2025-04-15,1,77.11,5.51,6.57
4400,41194825,196719,2025-05-22,5,1087.5,205.3,90.64
4401,42615134,712307,2025-11-03,4,1059.56,46.4,93.51
4402,27304727,140489,2025-05-27,4,2600.8,211.44,269.78
4403,37551429,367391,2025-10-13,1,939.55,86.64,170.57
4404,93284515,561860,2025-06-21,4,3499.12,628.62,555.84
4405,43243913,913428,2025-11-27,2,784.44,34.55,111.01
4406,68307253,537274,2025-01-19,3,2108.13,225.03,351.89
4407,12277039,433521,2025-06-09,4,1285.32,175.54,107.6
4408,4789829,659290,2025-05-31,4,1277.36,41.18,201.7
4409,45553300,767398,2025-05-29,5,110.7,14.66,14.4
4410,18940384,798639,2025-08-12,1,211.25,12.48,19.63
4411,6812439,925482,2025-01-02,4,1900.16,338.7,252.75
4412,55007963,913428,2025-04-20,5,1961.1,87.0,252.88
4413,19216141,328457,2025-04-23,5,4292.85,301.34,403.63
4414,19216141,131748,2025-01-14,5,406.75,69.12,48.23
4415,9738801,274207,2025-05-04,5,1642.55,312.43,204.25
4416,82529927,820541,2025-05-26,4,2304.88,86.25,443.08
4417,16256136,807452,2025-08-27,3,432.57,44.11,53.64
4418,82032191,706112,2025-03-05,1,478.79,5.63,70.56
4419,93018527,837480,2025-03-27,2,434.8,42.6,47.63
4420,1655637,140489,2025-03-08,2,1300.4,129.95,145.51
4421,72797175,6405,2025-07-14,5,1182.55,151.34,149.13
4422,74179536,329351,2025-01-31,3,932.61,53.26,152.27
4423,62416456,284460,2025-02-07,2,1011.9,173.9,125.38
4424,97492493,196719,2025-03-26,3,652.5,58.72,94.8
4425,6025470,77308,2025-06-25,3,669.81,12.07,83.17
4426,28995786,700048,2025-02-19,1,141.28,13.53,14.77
4427,42432226,473647,2025-02-06,3,129.15,9.08,14.06
4428,29562072,329351,2025-10-15,3,932.61,55.44,86.69
4429,84572019,444361,2025-09-03,5,4113.15,297.19,425.72
4430,87120918,470449,2025-10-22,3,2483.31,35.93,411.11
4431,51669263,613942,2025-09-23,2,1090.0,15.35,131.84
4432,37633848,949818,2025-10-08,1,483.05,72.61,48.35
4433,72760434,962591,2025-06-17,5,650.05,94.13,96.77
4434,67729191,903336,2025-12-14,3,1655.64,285.24,222.75
4435,52048413,993331,2025-04-19,3,307.32,45.51,45.83
4436,99301505,222892,2025-01-27,2,1738.44,149.28,276.97
4437,3408982,600767,2025-04-07,2,1444.84,1.13,126.5
4438,98930670,33797,2025-06-02,2,1776.24,336.35,273.14
4439,7728406,306177,2025-08-17,2,1538.48,303.49,100.98
4440,1134585,726958,2025-10-29,1,887.48,169.74,135.46
4441,43377076,51036,2025-11-22,3,2794.83,373.08,482.3
4442,31456752,378676,2025-12-18,5,4407.1,294.26,426.92
4443,14367270,925482,2025-10-26,2,950.08,10.46,161.33
4444,9573071,712307,2025-06-12,1,264.89,5.2,51.02
4445,96001315,91670,2025-12-13,2,878.48,44.75,158.96
4446,37227953,564692,2025-04-25,2,431.3,16.45,77.75
4447,81541985,455083,2025-07-03,5,4795.05,70.45,832.56
4448,88346104,9436,2025-12-25,2,176.86,25.29,30.02
4449,376144,186168,2025-11-17,1,878.8,97.61,104.56
4450,3872421,992178,2025-11-26,4,2529.72,69.8,285.3
4451,66023110,897083,2025-03-27,5,4863.45,718.16,379.77
4452,25977417,540618,2025-03-16,1,317.05,29.48,47.49
4453,30891209,131937,2025-08-05,4,1151.24,19.28,93.01
4454,1174162,652118,2025-06-12,3,66.12,4.98,10.68
4455,78961097,243235,2025-03-23,1,109.03,12.58,13.34
4456,8457972,669378,2025-04-03,4,848.56,70.23,117.85
4457,86483673,478531,2025-10-22,1,825.46,55.94,65.96
4458,30468930,222892,2025-06-22,2,1738.44,89.61,186.39
4459,79942821,654297,2025-01-14,4,53.0,0.23,5.62
4460,52428250,397973,2025-08-16,2,1457.46,21.29,193.11
4461,26199489,669378,2025-09-02,5,1060.7,156.67,103.48
4462,92123198,63769,2025-02-05,1,878.07,162.47,132.58
4463,94730288,300159,2025-04-22,2,88.7,3.39,10.94
4464,33671354,689769,2025-08-06,3,139.86,18.17,20.43
4465,31527100,136533,2025-09-19,2,1652.42,95.21,277.74
4466,16256136,606256,2025-04-19,5,1846.4,283.3,191.92
4467,11143197,739534,2025-03-14,2,1989.12,94.96,336.81
4468,21481338,237083,2025-12-15,2,1154.26,89.28,177.81
4469,89157395,552883,2025-09-17,1,888.16,96.39,143.32
4470,47625855,196719,2025-08-22,5,1087.5,83.59,196.96
4471,27620326,63769,2025-10-24,2,1756.14,172.48,184.91
4472,28289030,602241,2025-08-26,4,3906.2,622.35,421.57
4473,8228843,451933,2025-05-02,3,1706.82,156.33,216.01
4474,15661901,449106,2025-05-29,5,242.75,5.32,26.49
4475,61486140,839170,2025-12-15,4,1926.52,364.41,145.26
4476,10789681,692985,2025-09-14,4,789.56,155.15,118.8
4477,46369552,365133,2025-09-21,2,1830.9,353.47,265.75
4478,93924203,361361,2025-01-18,2,1652.42,317.33,148.59
4479,67310893,56589,2025-09-10,4,2071.08,404.18,209.76
4480,51014003,256783,2025-09-04,2,1813.08,152.74,271.88
4481,64906311,863930,2025-12-31,2,485.14,39.29,51.81
4482,88223261,240179,2025-11-09,5,452.8,81.61,49.79
4483,66023110,818990,2025-09-23,1,163.55,28.65,16.74
4484,39317905,552883,2025-07-22,5,4440.8,258.84,571.49
4485,50652833,33797,2025-11-01,2,1776.24,118.49,310.81
4486,95371787,492958,2025-09-15,3,252.6,28.6,19.27
4487,92404798,667163,2025-08-08,5,2206.0,175.45,243.19
4488,1313292,739448,2025-02-14,3,2266.98,63.53,389.26
4489,69762479,784673,2025-01-23,5,2456.95,103.74,413.15
4490,30373140,901144,2025-12-31,4,1361.44,223.71,175.32
4491,80952275,385113,2025-02-18,3,2449.14,357.42,171.97
4492,87335844,183929,2025-03-09,2,1477.48,290.08,145.87
4493,74840437,18035,2025-10-26,2,1937.88,308.34,225.07
4494,55803572,451933,2025-02-02,5,2844.7,193.71,328.37
4495,55738118,914071,2025-11-16,4,1187.76,24.81,202.22
4496,20469626,39154,2025-09-26,4,3787.44,442.62,420.16
4497,6344345,491314,2025-03-10,3,2920.32,192.89,447.22
4498,83304462,644847,2025-05-26,1,622.81,75.13,50.76
4499,97174235,621677,2025-06-02,4,1271.2,12.61,161.9
4500,71252391,487931,2025-08-10,2,1418.16,150.94,184.69
4501,40841791,491314,2025-12-14,3,2920.32,233.7,494.6
4502,63292875,298985,2025-02-01,4,735.04,13.9,128.88
4503,74038361,272170,2025-05-08,3,422.4,57.98,62.47
4504,63802820,287070,2025-09-12,5,2215.85,325.29,227.05
4505,22613559,305754,2025-10-16,2,1959.98,262.78,214.9
4506,23348269,194682,2025-03-14,1,912.29,86.8,89.17
4507,8651281,33797,2025-06-19,5,4440.6,127.53,455.02
4508,33331259,712307,2025-02-01,2,529.78,23.0,78.67
4509,65488134,762527,2025-06-17,2,1380.16,100.53,187.45
4510,95364457,77308,2025-01-29,2,446.54,73.01,68.57
4511,73392739,757274,2025-10-21,3,294.96,29.0,27.85
4512,40703374,592784,2025-08-14,2,560.7,111.95,41.43
4513,14991661,812607,2025-01-26,3,1249.95,202.74,128.13
4514,12988801,51036,2025-10-30,5,4658.05,400.38,589.86
4515,82286908,385113,2025-02-02,4,3265.52,329.3,545.83
4516,26844216,897083,2025-01-08,5,4863.45,823.32,551.04
4517,64795608,863930,2025-12-04,4,970.28,30.44,111.23
4518,20122449,376447,2025-09-22,2,1449.68,168.32,247.19
4519,53815931,734789,2025-07-07,2,791.64,142.43,90.92
4520,82918668,753354,2025-12-24,4,1694.24,269.8,230.04
4521,49449238,107548,2025-12-11,1,891.6,146.6,68.07
4522,20496835,712003,2025-06-23,4,2686.72,228.29,226.59
4523,39681023,952124,2025-03-29,5,635.4,39.84,104.93
4524,81528623,300159,2025-10-05,1,44.35,4.34,5.67
4525,644189,120532,2025-01-07,5,3487.65,445.53,423.77
4526,22571994,473647,2025-12-31,4,172.2,1.73,27.01
4527,89669139,461804,2025-02-25,1,310.69,16.25,37.22
4528,76377003,784827,2025-02-23,3,822.75,117.61,87.97
4529,62917794,324809,2025-06-28,1,608.0,63.43,68.24
4530,86748343,287070,2025-04-01,5,2215.85,375.45,161.69
4531,67340606,462526,2025-12-30,1,449.97,27.58,77.29
4532,81373608,9436,2025-01-07,2,176.86,28.14,14.66
4533,35988028,77308,2025-03-19,4,893.08,105.03,111.34
4534,45553300,739534,2025-07-11,3,2983.68,12.65,551.25
4535,28277304,672059,2025-03-08,4,2690.92,35.64,269.56
4536,41146001,837480,2025-04-05,5,1087.0,71.25,96.97
4537,28205701,398340,2025-01-28,1,651.93,112.81,50.61
4538,88873916,67197,2025-01-20,1,552.2,89.82,38.77
4539,64497538,930284,2025-07-12,1,189.47,16.78,26.88
4540,82804543,243235,2025-12-31,4,436.12,8.89,85.29
4541,18896771,679284,2025-02-24,4,3511.56,234.83,618.76
4542,43295656,689769,2025-03-14,1,46.62,7.58,6.84
4543,14693393,317242,2025-01-16,4,792.6,142.69,98.76
4544,6992801,642612,2025-03-29,4,2068.12,316.52,334.68
4545,46541905,669378,2025-10-29,2,424.28,36.51,67.84
4546,8122530,451812,2025-04-23,5,2654.25,379.98,364.95
4547,70554546,328457,2025-01-10,4,3434.28,45.78,636.23
4548,65391539,516376,2025-01-22,1,877.43,75.88,123.76
4549,13492411,34200,2025-02-25,5,1599.0,158.06,196.55
4550,92455970,114414,2025-12-18,5,4160.3,661.59,517.24
4551,78732957,449106,2025-06-07,4,194.2,6.89,24.08
4552,15529446,537274,2025-04-13,3,2108.13,248.34,321.41
4553,6617417,587645,2025-09-20,4,3207.24,558.16,507.51
4554,88517890,563740,2025-11-21,5,481.65,41.69,79.76
4555,72089140,461804,2025-04-07,1,310.69,57.78,46.88
4556,469006,706112,2025-01-23,2,957.58,55.29,165.06
4557,41261495,187399,2025-02-28,1,53.49,5.79,9.4
4558,9573071,563740,2025-06-28,5,481.65,43.92,86.39
4559,966247,462526,2025-06-16,4,1799.88,309.47,253.73
4560,34655710,661577,2025-08-08,4,2883.8,217.77,344.54
4561,66140659,500633,2025-06-18,2,309.0,57.02,24.79
4562,27604184,153019,2025-11-03,3,2843.85,493.63,250.07
4563,93018527,687218,2025-12-30,2,635.64,87.51,90.26
4564,57217288,851978,2025-08-07,1,715.72,60.69,95.23
4565,49260858,661577,2025-06-22,5,3604.75,309.05,637.79
4566,966247,144124,2025-04-11,3,488.01,70.14,62.26
4567,54038173,611575,2025-02-01,1,482.06,31.28,58.68
4568,59345983,965755,2025-02-13,5,2662.85,493.23,252.57
4569,14167111,706112,2025-04-07,2,957.58,41.82,125.72
4570,93127511,319388,2025-12-15,2,1315.6,214.86,97.35
4571,68016312,305754,2025-12-20,2,1959.98,94.68,284.34
4572,63217390,820973,2025-08-28,4,458.08,16.53,74.86
4573,9195970,968887,2025-12-29,5,203.5,32.26,17.56
4574,47939657,555121,2025-06-26,1,354.91,66.8,55.96
4575,40277444,228286,2025-05-11,3,537.24,86.11,76.62
4576,40055711,257719,2025-04-22,5,1408.65,278.63,110.34
4577,86499778,240179,2025-06-07,5,452.8,13.78,82.13
4578,88843865,672059,2025-12-04,2,1345.46,46.81,138.23
4579,12338529,807452,2025-05-24,4,576.76,82.97,98.58
4580,51994597,741341,2025-04-21,5,4619.2,806.58,492.66
4581,42432226,853932,2025-08-15,3,2823.57,453.82,400.66
4582,63060947,324809,2025-08-28,1,608.0,3.52,62.72
4583,74515162,673058,2025-09-11,3,2297.28,24.17,249.3
4584,76359458,39154,2025-04-16,5,4734.3,427.79,525.64
4585,5386246,378230,2025-09-06,5,832.1,39.99,126.04
4586,38133873,114414,2025-02-12,2,1664.12,78.98,281.38
4587,42872865,449106,2025-04-14,2,97.1,7.83,15.87
4588,56441247,435929,2025-11-16,1,856.89,6.34,131.51
4589,91072336,709916,2025-11-23,3,101.28,8.56,12.17
4590,27586115,112390,2025-09-27,4,3511.92,24.4,403.58
4591,2219590,140154,2025-11-08,1,171.2,30.73,28.06
4592,35133191,930284,2025-12-04,2,378.94,43.53,53.79
4593,92098757,291238,2025-08-16,3,2238.09,41.37,239.67
4594,58111297,433521,2025-06-19,5,1606.65,218.8,245.2
4595,63184222,444361,2025-11-16,2,1645.26,112.79,294.93
4596,93522848,398340,2025-04-21,4,2607.72,503.02,201.41
4597,75137446,969851,2025-05-04,5,1703.3,253.54,196.98
4598,59216664,803607,2025-04-07,3,2849.19,186.26,233.24
4599,6812439,336847,2025-01-07,5,4684.9,719.78,792.06
4600,16256136,366066,2025-11-08,5,4592.9,99.48,881.67
4601,97928541,34200,2025-07-22,1,319.8,52.49,41.0
4602,4862761,77308,2025-05-04,5,1116.35,157.59,183.4
4603,82025691,679321,2025-01-14,5,3692.3,179.48,385.89
4604,60399360,602241,2025-08-09,3,2929.65,49.35,420.52
4605,89811984,478531,2025-11-12,5,4127.3,622.14,674.57
4606,67271824,760684,2025-08-04,4,286.4,37.62,20.76
4607,56457995,961614,2025-02-14,2,454.44,69.15,60.72
4608,12988801,679284,2025-02-08,4,3511.56,302.21,339.64
4609,12088552,327290,2025-05-29,4,3449.12,351.74,553.64
4610,1562083,667163,2025-06-18,3,1323.6,231.97,135.84
4611,84119685,481843,2025-03-03,1,297.68,47.07,37.66
4612,48167795,739448,2025-12-26,3,2266.98,256.24,400.46
4613,18889370,33955,2025-07-08,5,930.4,86.33,134.46
4614,54748429,611575,2025-09-13,1,482.06,31.87,42.39
4615,94529626,228286,2025-11-20,4,716.32,26.48,79.69
4616,82374625,990993,2025-04-30,5,1318.5,114.73,193.98
4617,32797235,760828,2025-04-22,4,2253.8,308.72,225.35
4618,29689766,851978,2025-09-27,3,2147.16,294.6,150.27
4619,54038173,187399,2025-05-10,5,267.45,5.5,49.23
4620,40858753,692985,2025-05-22,3,592.17,111.32,43.64
4621,67711384,398340,2025-11-21,2,1303.86,20.0,178.98
4622,954629,532965,2025-03-10,5,1536.15,36.32,121.96
4623,42465414,709916,2025-06-11,2,67.52,2.97,12.72
4624,24621386,237083,2025-08-13,3,1731.39,143.51,155.59
4625,79169760,739448,2025-12-15,4,3022.64,263.59,522.01
4626,62068277,642612,2025-05-14,5,2585.15,487.58,338.5
4627,30116949,153019,2025-02-10,4,3791.8,412.08,438.78
4628,63793401,679284,2025-06-18,2,1755.78,346.0,255.71
4629,43066953,91670,2025-12-24,5,2196.2,214.56,381.08
4630,68941950,376447,2025-06-14,3,2174.52,377.78,315.04
4631,75928073,592784,2025-05-30,2,560.7,28.68,69.05
4632,78254569,799952,2025-02-06,4,3690.56,529.03,402.9
4633,19080489,237083,2025-10-16,1,577.13,90.34,39.99
4634,27692428,848226,2025-01-04,1,209.59,23.55,36.08
4635,45481936,11422,2025-03-15,1,127.16,10.91,16.41
4636,28277304,589812,2025-03-01,3,489.09,71.77,38.64
4637,51341672,146840,2025-05-05,5,3934.25,121.33,537.01
4638,31076002,613942,2025-09-09,1,545.0,54.8,43.61
4639,69925688,532965,2025-09-24,4,1228.92,243.85,110.43
4640,14991661,962054,2025-11-04,4,67.44,2.0,10.76
4641,91072336,613942,2025-06-20,1,545.0,59.21,97.12
4642,41181125,894539,2025-09-07,3,1336.44,38.28,136.32
4643,86995126,673058,2025-11-05,3,2297.28,5.52,283.8
4644,92843141,354409,2025-10-01,4,1300.32,255.46,200.26
4645,87450286,455755,2025-09-11,4,176.36,14.5,30.9
4646,65618148,837480,2025-12-31,1,217.4,29.23,16.88
4647,29038113,319388,2025-10-24,4,2631.2,210.47,245.54
4648,60698094,9436,2025-11-28,4,353.72,28.93,31.31
4649,29361038,563740,2025-07-09,2,192.66,31.39,15.8
4650,33280073,382511,2025-06-19,4,2810.16,258.74,477.43
4651,41494517,784673,2025-11-29,4,1965.56,107.87,178.07
4652,41494517,264803,2025-11-18,2,1991.96,10.38,378.91
4653,28458746,378230,2025-10-22,4,665.68,65.66,54.77
4654,4789829,33797,2025-10-23,3,2664.36,84.82,317.61
4655,44589829,349294,2025-05-05,1,934.75,111.23,143.84
4656,27304727,194682,2025-01-02,4,3649.16,487.63,305.67
4657,87220860,818522,2025-09-06,3,288.27,11.14,39.96
4658,69415494,57405,2025-01-18,2,1215.34,180.92,141.8
4659,88164280,602241,2025-09-01,4,3906.2,384.37,289.28
4660,80759416,455755,2025-05-17,3,132.27,10.33,22.88
4661,80850753,876139,2025-03-24,1,415.75,64.84,34.44
4662,35459748,264803,2025-10-23,4,3983.92,522.52,445.81
4663,91384030,451812,2025-03-20,1,530.85,70.66,80.49
4664,43047341,992178,2025-07-28,5,3162.15,119.84,243.66
4665,24032469,859361,2025-04-18,1,432.39,36.91,53.15
4666,85006599,741341,2025-03-26,2,1847.68,89.64,187.9
4667,75038062,621677,2025-04-29,1,317.8,61.06,47.08
4668,25706121,449106,2025-06-05,1,48.55,4.47,4.36
4669,99412119,561860,2025-04-25,1,874.78,164.3,91.11
4670,84826389,305754,2025-01-01,5,4899.95,560.01,627.12
4671,29097987,557908,2025-02-08,2,1884.74,96.21,354.79
4672,32987624,677542,2025-04-04,2,425.22,7.71,70.6
4673,51547198,444361,2025-10-21,2,1645.26,122.03,242.06
4674,57896058,891833,2025-09-03,2,986.38,98.78,157.76
4675,47711422,891833,2025-09-21,4,1972.76,360.13,309.27
4676,68159723,880510,2025-12-10,3,2854.29,11.23,404.27
4677,85490177,440875,2025-07-29,3,825.09,41.95,134.76
4678,57658033,146840,2025-12-25,3,2360.55,241.84,344.12
4679,84826389,679321,2025-11-24,4,2953.84,13.45,420.83
4680,87256913,470449,2025-03-15,1,827.77,18.32,150.53
4681,86839058,123983,2025-07-09,3,2357.01,66.35,308.39
4682,82160592,217710,2025-04-15,2,117.18,0.22,11.33
4683,82372427,764014,2025-02-18,2,1224.08,156.32,135.0
4684,90586443,697683,2025-07-02,2,247.48,40.96,26.27
4685,59110513,561860,2025-02-06,1,874.78,110.21,112.61
4686,72857290,500633,2025-10-06,4,618.0,54.08,71.29
4687,25081012,927651,2025-06-17,2,853.44,10.6,127.9
4688,5009458,883013,2025-12-09,4,3959.52,166.55,575.68
4689,52770036,41853,2025-02-22,4,3641.76,716.59,309.67
4690,11636968,118820,2025-05-12,3,36.96,7.0,4.87
4691,68985290,444361,2025-07-29,5,4113.15,777.69,547.74
4692,35049420,712307,2025-05-24,5,1324.45,35.13,178.12
4693,4940671,654623,2025-01-01,4,1688.56,285.51,236.91
4694,20314691,767398,2025-06-27,3,66.42,11.4,8.8
4695,59485034,672059,2025-11-02,2,1345.46,4.92,165.94
4696,35302195,799688,2025-05-03,5,1548.1,258.08,189.08
4697,61226563,473929,2025-10-13,3,1320.57,91.19,218.9
4698,48358028,687218,2025-05-10,1,317.82,9.58,52.39
4699,11202130,131136,2025-04-25,5,189.0,35.2,14.45
4700,76212152,455083,2025-06-09,2,1918.02,298.39,322.63
4701,79155946,692985,2025-10-20,4,789.56,44.48,143.22
4702,3872421,287070,2025-09-21,3,1329.51,245.08,173.98
4703,3875480,592784,2025-03-27,2,560.7,12.86,84.14
4704,52393801,378676,2025-06-05,5,4407.1,51.18,727.83
4705,191616,306177,2025-03-08,1,769.24,139.29,124.89
4706,13251137,144124,2025-02-07,3,488.01,14.11,38.04
4707,19771128,937542,2025-05-04,3,291.12,45.51,20.83
4708,40703374,679321,2025-08-11,2,1476.92,114.44,261.62
4709,20343501,137909,2025-02-04,5,4321.5,812.67,506.76
4710,55028958,222892,2025-07-23,4,3476.88,158.45,389.99
4711,43047341,623234,2025-04-27,2,659.58,56.34,113.27
4712,51945420,807452,2025-01-15,2,288.38,6.05,30.54
4713,61406908,373536,2025-11-16,1,494.17,92.67,75.76
4714,89418072,925482,2025-06-19,4,1900.16,221.36,317.42
4715,25977417,606256,2025-04-02,2,738.56,108.51,71.42
4716,67749649,376447,2025-11-13,4,2899.36,60.6,529.03
4717,67896836,171602,2025-04-02,5,4417.2,408.34,727.38
4718,78738569,952124,2025-01-17,1,127.08,23.25,14.79
4719,49260858,51036,2025-02-26,3,2794.83,378.05,445.61
4720,65963876,53833,2025-06-06,4,538.76,67.34,46.22
4721,99361865,461804,2025-11-26,2,621.38,36.36,101.28
4722,78412820,993331,2025-04-21,4,409.76,42.06,30.14
4723,13461704,623234,2025-02-28,4,1319.16,258.43,106.25
4724,14079305,760684,2025-08-26,5,358.0,39.96,44.32
4725,15236510,820541,2025-12-27,2,1152.44,226.42,128.78
4726,92455970,154179,2025-12-24,5,2914.35,344.14,397.85
4727,64940409,140154,2025-09-26,5,856.0,103.85,91.48
4728,38728779,734789,2025-09-13,1,395.82,62.54,50.18
4729,81655250,652118,2025-02-15,5,110.2,16.95,18.02
4730,35455991,274207,2025-11-08,4,1314.04,204.41,99.03
4731,50650215,690565,2025-08-27,4,3805.08,58.69,730.24
4732,2517955,41853,2025-02-09,5,4552.2,732.41,708.92
4733,49881540,455083,2025-10-16,5,4795.05,433.95,437.96
4734,48158494,784673,2025-03-09,2,982.78,122.67,82.46
4735,99714944,654297,2025-04-27,1,13.25,2.2,1.08
4736,2361575,564692,2025-03-19,4,862.6,61.64,128.76
4737,40986000,561860,2025-08-01,5,4373.9,403.23,380.26
4738,66655397,677169,2025-05-25,5,1305.15,103.51,138.83
4739,48554440,739448,2025-11-24,5,3778.3,57.24,600.23
4740,61406908,851978,2025-04-12,4,2862.88,431.32,268.29
4741,78841932,112390,2025-02-27,3,2633.94,402.49,383.99
4742,80875034,67197,2025-09-24,1,552.2,1.37,72.59
4743,95428692,378230,2025-07-07,5,832.1,16.38,84.23
4744,27353891,771228,2025-06-03,5,415.9,44.15,53.18
4745,80286283,589812,2025-09-11,2,326.06,1.62,61.34
4746,92209869,183929,2025-01-18,5,3693.7,518.19,327.64
4747,36222767,187399,2025-12-02,2,106.98,14.95,14.31
4748,13424885,962054,2025-04-29,1,16.86,1.54,2.93
4749,71411879,567671,2025-10-26,3,1255.44,182.69,113.27
4750,86294036,937542,2025-01-24,1,97.04,9.42,10.3
4751,10225164,94225,2025-02-03,2,154.22,21.9,17.33
4752,89418072,153019,2025-11-17,3,2843.85,463.67,341.83
4753,76864442,107548,2025-10-18,5,4458.0,846.96,473.35
4754,30979436,487931,2025-05-09,2,1418.16,172.05,239.29
4755,20148223,444361,2025-04-16,4,3290.52,324.47,303.37
4756,79742293,859361,2025-02-05,3,1297.17,156.98,110.41
4757,469006,328457,2025-10-24,5,4292.85,210.14,524.02
4758,18394558,4452,2025-05-05,3,509.64,92.35,68.1
4759,78254569,669378,2025-04-01,2,424.28,23.0,40.3
4760,65406127,993331,2025-06-26,1,102.44,11.38,15.84
4761,43799224,51036,2025-05-03,1,931.61,39.76,131.77
4762,43649266,264803,2025-05-17,1,995.98,89.39,166.73
4763,84862161,217710,2025-04-24,3,175.77,28.87,23.83
4764,73799927,942001,2025-05-22,4,2686.2,104.88,233.38
4765,13462905,604184,2025-01-14,1,397.55,41.97,48.61
4766,11071601,677169,2025-11-23,5,1305.15,116.17,168.69
4767,29265216,94225,2025-08-20,2,154.22,0.19,24.94
4768,89950235,876139,2025-05-17,3,1247.25,211.77,192.65
4769,66130660,604184,2025-01-25,2,795.1,145.18,83.47
4770,28286754,272170,2025-07-14,2,281.6,7.78,41.49
4771,54797119,799459,2025-04-29,2,1704.04,164.58,272.87
4772,31527100,771228,2025-07-07,4,332.72,12.86,32.47
4773,64403005,993331,2025-03-07,2,204.88,36.6,18.19
4774,83304571,349294,2025-07-09,3,2804.25,502.54,438.27
4775,31576845,4452,2025-09-06,4,679.52,46.28,51.71
4776,44050697,440875,2025-06-08,4,1100.12,93.86,164.62
4777,55042740,222892,2025-01-25,1,869.22,42.43,155.16
4778,45700739,951463,2025-03-18,5,3937.0,348.44,583.35
4779,63339001,839170,2025-05-20,5,2408.15,365.25,236.92
4780,44174426,219598,2025-07-24,1,367.08,22.43,38.14
4781,12814732,690565,2025-05-20,2,1902.54,187.32,249.11
4782,51833636,264803,2025-09-24,5,4979.9,603.62,799.23
4783,42615134,566052,2025-05-25,2,174.6,27.1,18.27
4784,43243913,659290,2025-08-21,1,319.34,51.24,29.11
4785,72366758,903336,2025-10-26,4,2207.52,341.81,329.4
4786,48647253,171602,2025-06-18,4,3533.76,305.68,272.07
4787,69240186,741341,2025-02-11,4,3695.36,395.03,642.02
4788,76864442,621677,2025-12-07,1,317.8,29.24,33.48
4789,37309023,366066,2025-10-29,2,1837.16,286.94,168.27
4790,39418109,53833,2025-02-17,1,134.69,0.26,23.85
4791,83298567,291238,2025-06-02,1,746.03,101.8,70.15
4792,32527479,473647,2025-01-21,5,215.25,36.1,30.7
4793,36462363,361361,2025-04-11,4,3304.84,607.89,314.93
4794,95309983,367391,2025-04-09,2,1879.1,3.62,309.38
4795,11928321,992178,2025-11-15,5,3162.15,570.17,421.88
4796,40692378,784827,2025-06-28,2,548.5,52.02,98.61
4797,67310893,305754,2025-11-24,2,1959.98,120.8,198.23
4798,87641623,564692,2025-10-09,3,646.95,7.32,61.9
4799,74548003,993331,2025-07-10,2,204.88,10.01,19.69
4800,48368085,39154,2025-04-23,1,946.86,133.45,153.01
4801,18935489,851978,2025-05-25,3,2147.16,186.34,194.79
4802,88739922,903336,2025-05-18,5,2759.4,18.06,509.0
4803,82989313,644847,2025-02-19,1,622.81,55.37,96.06
4804,32987624,82484,2025-10-09,4,3659.52,237.95,408.24
4805,33741801,647462,2025-06-15,3,979.26,125.69,69.51
4806,58631874,131937,2025-04-16,5,1439.05,32.72,226.95
4807,38496400,67197,2025-04-16,5,2761.0,434.73,391.46
4808,45052594,317242,2025-05-18,4,792.6,142.4,67.84
4809,47275378,991434,2025-05-25,3,712.86,9.4,127.07
4810,77086074,378230,2025-04-15,2,332.84,33.01,35.4
4811,55472026,94225,2025-02-16,4,308.44,54.37,44.63
4812,97259564,60619,2025-12-04,2,1452.82,163.37,117.2
4813,12305040,954722,2025-04-09,5,3082.25,582.82,318.21
4814,54375571,707935,2025-10-07,5,4104.5,680.06,507.33
4815,39153585,564692,2025-10-28,5,1078.25,139.46,88.72
4816,5043760,949818,2025-03-09,4,1932.2,239.79,287.33
4817,78572233,455083,2025-10-17,5,4795.05,195.53,804.63
4818,31328762,120532,2025-04-24,3,2092.59,122.92,340.37
4819,84824280,837480,2025-11-02,2,434.8,81.44,49.93
4820,2400009,187399,2025-05-01,5,267.45,30.67,29.92
4821,14519263,365132,2025-03-28,3,688.14,106.07,53.82
4822,96373206,513199,2025-07-04,4,1688.92,143.58,290.74
4823,19091057,799459,2025-06-06,1,852.02,26.82,136.85
4824,60904312,961614,2025-05-06,4,908.88,155.13,112.16
4825,37926207,677542,2025-02-16,3,637.83,104.6,98.56
4826,25850478,6405,2025-07-09,5,1182.55,118.99,169.82
4827,94453274,473647,2025-02-25,4,172.2,26.71,19.42
4828,27504517,566052,2025-09-28,3,261.9,51.56,22.98
4829,23984022,689769,2025-11-25,4,186.48,14.21,18.48
4830,47125914,764014,2025-09-15,1,612.04,103.0,63.49
4831,79298972,888807,2025-10-21,5,1152.9,212.14,76.45
4832,60904312,94225,2025-07-21,2,154.22,24.72,11.78
4833,6812439,876139,2025-07-22,4,1663.0,77.87,235.56
4834,17201639,183929,2025-07-07,5,3693.7,5.93,636.27
4835,79076101,448752,2025-08-02,5,800.35,151.6,105.26
4836,7591711,679865,2025-12-25,2,695.82,71.95,86.34
4837,16485871,525531,2025-03-27,5,4155.5,25.68,578.77
4838,52423524,604184,2025-10-19,3,1192.65,0.84,121.04
4839,74230420,217710,2025-06-06,3,175.77,23.76,12.53
4840,42615134,39154,2025-10-27,5,4734.3,189.58,758.56
4841,11775073,587420,2025-10-04,1,357.42,24.1,64.62
4842,63376126,739448,2025-03-04,4,3022.64,529.46,220.93
4843,8955057,659290,2025-01-11,1,319.34,42.79,24.13
4844,95768401,679865,2025-11-03,5,1739.55,237.84,149.03
4845,11470681,500739,2025-05-27,4,1439.92,197.34,174.25
4846,50518311,455755,2025-03-08,1,44.09,0.34,7.32
4847,67896836,669378,2025-11-17,3,636.42,125.37,68.2
4848,72917958,679321,2025-01-30,1,738.46,55.06,55.28
4849,13796199,435929,2025-08-07,3,2570.67,478.9,410.85
4850,59909004,448752,2025-12-11,5,800.35,3.23,148.39
4851,1589656,672059,2025-07-13,4,2690.92,25.87,337.24
4852,77903462,847349,2025-06-23,1,781.08,78.28,78.1
4853,75467328,154179,2025-06-10,5,2914.35,511.07,329.91
4854,26278566,704868,2025-05-29,2,386.92,35.15,38.1
4855,91291123,712003,2025-05-30,4,2686.72,281.0,477.53
4856,97259564,961614,2025-04-10,4,908.88,115.71,110.15
4857,75474920,451812,2025-03-13,4,2123.4,258.12,296.81
4858,68703613,890623,2025-08-01,5,1772.6,67.43,311.63
4859,70554546,706112,2025-06-30,4,1915.16,159.69,290.59
4860,15221182,799952,2025-03-13,4,3690.56,371.76,337.1
4861,5135207,863930,2025-05-07,3,727.71,86.54,88.02
4862,6367136,478531,2025-11-10,4,3301.84,594.08,364.01
4863,26303194,833557,2025-10-01,5,2114.35,412.76,228.9
4864,59207798,89084,2025-09-09,3,1796.49,21.05,197.24
4865,60757351,525531,2025-08-01,3,2493.3,387.55,282.15
4866,81346291,51036,2025-10-02,3,2794.83,397.02,370.57
4867,64316806,240179,2025-06-05,5,452.8,82.66,61.42
4868,68906393,77308,2025-06-03,4,893.08,33.43,114.67
4869,17929886,863930,2025-01-14,5,1212.85,89.04,193.63
4870,30116949,652118,2025-09-26,3,66.12,2.98,6.72
4871,74352908,741341,2025-06-24,3,2771.52,359.85,208.83
4872,18199057,687218,2025-11-29,4,1271.28,164.99,175.49
4873,17939362,36412,2025-11-07,3,1193.04,114.32,185.39
4874,87450286,256783,2025-11-13,2,1813.08,90.37,229.11
4875,35278126,435929,2025-02-02,4,3427.56,427.21,557.71
4876,52613657,398340,2025-09-12,2,1303.86,162.96,95.49
4877,92098757,82484,2025-01-04,1,914.88,128.47,156.09
4878,35455991,144124,2025-04-05,3,488.01,57.35,75.13
4879,74313592,669378,2025-06-07,2,424.28,15.32,57.84
4880,82900175,853932,2025-02-14,4,3764.76,533.62,396.95
4881,73679086,723678,2025-11-11,3,2026.38,110.85,206.54
4882,13415362,337168,2025-06-02,3,1636.47,268.91,210.39
4883,81533356,760828,2025-08-02,2,1126.9,215.9,163.34
4884,76604145,461804,2025-12-08,2,621.38,105.98,58.48
4885,53886685,63769,2025-07-20,4,3512.28,286.02,442.36
4886,2848415,313754,2025-04-02,5,683.0,65.72,111.75
4887,29973346,961614,2025-09-25,3,681.66,95.42,113.63
4888,91614690,592784,2025-08-25,4,1121.4,174.86,119.5
4889,32585389,461804,2025-12-02,1,310.69,26.61,45.45
4890,59815512,555121,2025-11-04,4,1419.64,20.15,247.53
4891,36462363,621677,2025-12-30,4,1271.2,6.7,212.51
4892,77614510,327290,2025-11-21,5,4311.4,74.8,404.45
4893,2517955,365133,2025-10-21,2,1830.9,288.06,192.79
4894,59677346,739448,2025-03-16,1,755.66,92.62,86.21
4895,19400174,952124,2025-01-18,1,127.08,11.21,10.58
4896,56604077,707935,2025-05-10,3,2462.7,330.11,310.96
4897,54619715,373536,2025-11-05,2,988.34,23.72,119.9
4898,55733729,107548,2025-09-04,5,4458.0,320.41,476.45
4899,33617546,652118,2025-05-06,2,44.08,4.67,5.2
4900,26250082,767398,2025-06-25,1,22.14,3.19,3.26
4901,29265216,354409,2025-10-10,3,975.24,152.14,133.41
4902,57658033,654623,2025-05-06,1,422.14,2.8,48.83
4903,12560669,684939,2025-07-01,2,1455.9,271.49,131.66
4904,84468124,561860,2025-10-28,5,4373.9,184.42,455.42
4905,93924203,378230,2025-09-19,4,665.68,19.8,119.97
4906,85763665,6405,2025-01-31,5,1182.55,8.63,100.16
4907,57579640,425341,2025-06-12,2,972.56,9.32,102.25
4908,38549299,123983,2025-07-01,5,3928.35,116.25,553.02
4909,82900175,833557,2025-02-21,3,1268.61,48.04,138.96
4910,20163931,757274,2025-03-16,4,393.28,37.65,58.68
4911,99824171,425341,2025-01-16,3,1458.84,143.63,145.18
4912,91228580,942001,2025-01-09,2,1343.1,259.82,176.69
4913,48358028,561860,2025-04-02,4,3499.12,617.72,478.86
4914,1152215,91670,2025-11-03,5,2196.2,63.94,275.81
4915,24104630,324809,2025-04-15,4,2432.0,364.94,202.6
4916,58979427,913428,2025-11-06,5,1961.1,300.06,236.42
4917,8817168,305754,2025-06-27,2,1959.98,161.61,167.63
4918,81500385,968887,2025-02-12,4,162.8,25.05,12.58
4919,40275138,707935,2025-07-17,2,1641.8,90.43,165.88
4920,79960955,647462,2025-08-01,5,1632.1,199.83,222.19
4921,6184558,833557,2025-05-20,3,1268.61,155.8,183.86
4922,3483295,589812,2025-03-12,1,163.03,3.96,27.45
4923,55803572,11422,2025-04-28,2,254.32,23.16,32.52
4924,77614510,615545,2025-08-16,1,448.16,42.17,44.18
4925,53399500,257719,2025-02-25,1,281.73,12.29,37.93
4926,29095552,753354,2025-02-26,4,1694.24,153.5,166.55
4927,32797235,706112,2025-11-22,3,1436.37,183.19,176.48
4928,31831843,473647,2025-12-06,4,172.2,6.62,20.64
4929,67528368,606256,2025-06-03,4,1477.12,85.77,163.87
4930,73654821,954722,2025-12-20,1,616.45,30.63,91.09
4931,65391539,490602,2025-10-17,5,2747.35,330.11,206.73
4932,60446619,555121,2025-01-30,2,709.82,44.95,109.66
4933,78748184,354409,2025-11-30,5,1625.4,105.51,125.13
4934,48765625,397973,2025-02-05,2,1457.46,27.55,119.58
4935,95364457,136533,2025-10-07,5,4131.05,458.13,613.52
4936,97825663,449106,2025-07-15,3,145.65,24.23,10.6
4937,46615831,566052,2025-10-23,3,261.9,5.27,35.17
4938,9423628,367391,2025-03-15,5,4697.75,345.85,652.09
4939,78209683,818990,2025-11-11,2,327.1,23.41,56.74
4940,51872499,491314,2025-09-20,4,3893.76,572.7,583.01
4941,23348269,491521,2025-02-03,2,1112.7,210.45,108.35
4942,18035010,604184,2025-06-07,2,795.1,83.6,79.36
4943,53538932,41853,2025-10-17,5,4552.2,441.76,627.63
4944,67538982,228286,2025-11-20,5,895.4,76.55,132.81
4945,16780752,542300,2025-05-03,3,766.05,95.56,101.78
4946,70976153,500633,2025-03-28,3,463.5,67.54,61.64
4947,89036169,578097,2025-07-30,4,1070.44,121.54,134.47
4948,31410886,901144,2025-12-10,1,340.36,66.71,53.92
4949,30979436,807452,2025-04-28,3,432.57,26.55,66.71
4950,66499992,324809,2025-09-01,1,608.0,49.2,91.03
4951,12574626,818990,2025-10-08,1,163.55,24.05,17.69
4952,14167111,367391,2025-11-28,4,3758.2,502.78,454.51
4953,98858383,154179,2025-08-19,4,2331.48,128.24,213.6
4954,38568692,812607,2025-01-12,2,833.3,107.95,77.95
4955,60379302,18035,2025-01-21,4,3875.76,283.62,599.19
4956,31410886,385113,2025-06-25,4,3265.52,4.11,263.96
4957,13383642,435929,2025-08-29,3,2570.67,130.04,256.6
4958,12305040,613942,2025-05-01,3,1635.0,271.65,118.75
4959,85088479,120385,2025-09-15,1,597.91,33.77,86.59
4960,91243571,697683,2025-09-07,2,247.48,16.39,22.11
4961,20209237,63769,2025-11-15,1,878.07,135.4,64.61
4962,894128,760684,2025-11-06,4,286.4,54.47,22.69
4963,59545278,94225,2025-05-30,3,231.33,35.26,32.53
4964,29502852,851978,2025-05-19,3,2147.16,416.25,152.0
4965,83155219,818990,2025-06-30,4,654.2,59.24,55.51
4966,66742602,647462,2025-09-14,3,979.26,120.95,89.75
4967,40419593,833557,2025-09-10,3,1268.61,153.33,165.48
4968,50088518,880510,2025-06-01,3,2854.29,181.64,511.76
4969,55028958,563740,2025-03-01,5,481.65,90.12,48.56
4970,16410708,354409,2025-10-03,2,650.16,57.14,114.53
4971,60210778,888807,2025-11-25,4,922.32,123.51,89.19
4972,5700842,306177,2025-09-26,4,3076.96,8.43,432.52
4973,1588560,41853,2025-06-16,4,3641.76,502.1,412.81
4974,25981385,34186,2025-11-04,5,4628.25,801.31,516.76
4975,70608515,692985,2025-07-26,3,592.17,75.04,65.43
4976,62323608,144124,2025-09-13,4,650.68,69.09,65.29
4977,88779806,672059,2025-04-22,5,3363.65,280.48,281.04
4978,32054313,784827,2025-11-19,5,1371.25,38.1,225.25
4979,75244116,33955,2025-05-19,1,186.08,12.61,34.38
4980,18567760,654623,2025-12-14,4,1688.56,252.91,121.49
4981,37802267,578097,2025-11-23,4,1070.44,188.01,102.02
4982,76604145,470449,2025-06-16,3,2483.31,90.15,327.8
4983,33741801,217710,2025-02-06,3,175.77,23.44,17.99
4984,51476157,712003,2025-10-04,5,3358.4,577.22,454.63
4985,91853589,897083,2025-04-06,1,972.69,111.1,124.16
4986,70820304,589812,2025-08-23,5,815.15,162.78,74.64
4987,75137446,712003,2025-04-19,3,2015.04,364.31,277.07
4988,92118758,652118,2025-11-11,1,22.04,3.99,1.73
4989,8955057,487931,2025-01-09,2,1418.16,194.78,146.97
4990,5001749,704868,2025-12-28,2,386.92,2.13,76.33
4991,65488134,107548,2025-02-17,1,891.6,79.86,152.25
4992,20496835,9436,2025-01-19,5,442.15,23.63,42.03
4993,66023110,647462,2025-03-29,4,1305.68,115.43,142.99
4994,86487478,762527,2025-12-31,1,690.08,88.93,98.52
4995,48418662,15314,2025-01-31,3,1736.55,303.61,176.85
4996,87954926,455755,2025-12-17,4,176.36,1.17,15.46
4997,36578947,397973,2025-01-27,2,1457.46,151.68,160.84
4998,16785724,962591,2025-07-26,1,130.01,0.9,14.58
4999,2391900,291238,2025-10-26,3,2238.09,204.09,347.09
5000,87251489,901144,2025-01-13,3,1021.08,37.4,111.44
